panelist_id,age_band,region,category,months_on_glp1,pre_glp1_size,post_glp1_size
P00000,45-54,Northeast,womens_bottoms,9,XS,XS
P00001,65+,Midwest,mens_bottoms,5,L,M
P00002,25-34,West,womens_bottoms,22,XL,L
P00003,65+,Midwest,womens_dresses,24,M,XS
P00004,65+,West,womens_tops,22,3X+,3X+
P00005,25-34,Southwest,mens_bottoms,8,2X,XL
P00006,35-44,Southeast,womens_bottoms,4,L,L
P00007,45-54,Midwest,mens_tops,16,M,XS
P00008,65+,Midwest,mens_bottoms,18,M,XS
P00009,55-64,Northeast,mens_bottoms,22,1X,L
P00010,45-54,Southeast,mens_tops,14,M,M
P00011,55-64,Northeast,mens_tops,16,XL,L
P00012,65+,West,womens_dresses,8,XL,L
P00013,55-64,Northeast,womens_tops,9,XL,M
P00014,65+,Southeast,mens_bottoms,18,L,S
P00015,65+,Northeast,womens_dresses,5,2X,XL
P00016,65+,Southwest,mens_bottoms,3,L,L
P00017,65+,West,womens_tops,8,2X,1X
P00018,55-64,Northeast,mens_tops,9,XL,L
P00019,65+,Southwest,mens_tops,6,XL,L
P00020,35-44,Northeast,womens_tops,12,2X,XL
P00021,25-34,Northeast,mens_bottoms,3,XL,XL
P00022,45-54,Southwest,womens_bottoms,17,L,M
P00023,55-64,Southwest,womens_bottoms,5,1X,XL
P00024,35-44,Midwest,womens_dresses,12,1X,XL
P00025,25-34,Southwest,mens_tops,3,2X,1X
P00026,45-54,West,mens_tops,4,M,XS
P00027,65+,Southwest,womens_tops,21,L,L
P00028,35-44,West,mens_tops,6,1X,L
P00029,35-44,Northeast,womens_tops,24,XL,L
P00030,65+,West,mens_bottoms,8,2X,XL
P00031,25-34,Midwest,mens_tops,21,1X,L
P00032,55-64,Southeast,mens_bottoms,18,M,S
P00033,55-64,Midwest,womens_tops,10,3X+,2X
P00034,45-54,West,womens_dresses,6,L,M
P00035,65+,Midwest,mens_tops,24,XL,M
P00036,65+,West,womens_dresses,15,L,M
P00037,35-44,Northeast,mens_tops,5,L,L
P00038,35-44,West,womens_bottoms,21,S,XS
P00039,35-44,West,womens_dresses,20,XL,M
P00040,35-44,Northeast,womens_dresses,3,2X,2X
P00041,45-54,Northeast,mens_tops,24,1X,L
P00042,55-64,Southwest,mens_tops,13,XL,XL
P00043,55-64,Midwest,womens_dresses,5,L,L
P00044,55-64,West,womens_bottoms,10,XL,XL
P00045,65+,Southwest,womens_dresses,14,1X,M
P00046,25-34,Midwest,womens_tops,9,M,M
P00047,25-34,Midwest,mens_tops,7,2X,2X
P00048,55-64,Southwest,womens_bottoms,20,L,S
P00049,55-64,Midwest,womens_bottoms,19,S,XS
P00050,25-34,Southeast,womens_dresses,22,3X+,1X
P00051,35-44,Southwest,mens_tops,16,L,L
P00052,65+,Northeast,womens_dresses,5,L,M
P00053,65+,West,womens_bottoms,13,XL,M
P00054,45-54,Northeast,womens_tops,23,L,M
P00055,45-54,Midwest,womens_bottoms,15,1X,L
P00056,65+,West,womens_dresses,15,3X+,XL
P00057,35-44,Southwest,womens_dresses,12,M,XS
P00058,65+,Southeast,mens_bottoms,15,1X,L
P00059,45-54,Midwest,mens_bottoms,21,L,M
P00060,25-34,West,mens_tops,9,M,XS
P00061,35-44,Midwest,womens_bottoms,12,M,S
P00062,45-54,Southeast,womens_dresses,15,2X,1X
P00063,45-54,West,womens_dresses,14,2X,2X
P00064,45-54,Southwest,mens_bottoms,22,L,S
P00065,35-44,Southeast,mens_tops,18,XL,M
P00066,45-54,Southwest,mens_tops,15,1X,XL
P00067,35-44,Southwest,womens_bottoms,20,XL,M
P00068,45-54,West,womens_dresses,22,1X,S
P00069,65+,Northeast,womens_bottoms,4,XL,M
P00070,45-54,Southwest,womens_tops,22,2X,1X
P00071,65+,Midwest,womens_dresses,23,XL,L
P00072,45-54,West,mens_tops,21,L,M
P00073,65+,Northeast,womens_dresses,23,1X,XL
P00074,45-54,West,mens_tops,11,M,S
P00075,65+,Southeast,mens_tops,11,L,M
P00076,35-44,Midwest,mens_tops,4,L,L
P00077,45-54,Northeast,womens_bottoms,24,1X,L
P00078,45-54,Southeast,womens_tops,19,L,M
P00079,65+,Northeast,womens_dresses,10,S,S
P00080,35-44,Southeast,womens_tops,16,XL,XL
P00081,25-34,Southwest,mens_tops,13,L,M
P00082,25-34,Midwest,mens_tops,7,1X,1X
P00083,45-54,Southeast,mens_bottoms,22,L,M
P00084,25-34,West,womens_dresses,12,L,S
P00085,55-64,Midwest,womens_tops,17,2X,2X
P00086,35-44,West,womens_bottoms,14,XL,L
P00087,55-64,Northeast,mens_bottoms,7,3X+,2X
P00088,55-64,Southeast,mens_tops,20,2X,XL
P00089,55-64,Southeast,mens_tops,12,S,S
P00090,55-64,Southeast,womens_bottoms,6,2X,1X
P00091,25-34,Northeast,mens_bottoms,19,XL,M
P00092,65+,West,womens_tops,8,XL,XL
P00093,45-54,Southwest,mens_bottoms,4,M,S
P00094,35-44,West,mens_tops,14,1X,XL
P00095,25-34,Northeast,mens_tops,11,1X,L
P00096,65+,Northeast,womens_tops,14,L,L
P00097,35-44,West,womens_tops,15,XL,M
P00098,55-64,Northeast,womens_bottoms,20,XL,L
P00099,65+,West,womens_tops,11,1X,XL
P00100,25-34,Southeast,womens_bottoms,15,1X,XL
P00101,45-54,West,mens_tops,5,XS,XS
P00102,45-54,Southwest,mens_tops,3,XS,XS
P00103,35-44,Southeast,womens_tops,17,M,XS
P00104,45-54,Midwest,womens_tops,18,XL,S
P00105,55-64,Midwest,mens_bottoms,12,1X,XL
P00106,65+,Midwest,womens_tops,16,L,L
P00107,35-44,Northeast,mens_tops,18,1X,L
P00108,65+,Midwest,womens_tops,17,XL,L
P00109,25-34,Southeast,mens_bottoms,14,1X,1X
P00110,45-54,Northeast,mens_bottoms,5,L,XS
P00111,45-54,Northeast,mens_tops,8,2X,XL
P00112,45-54,Northeast,womens_tops,19,S,XS
P00113,45-54,West,mens_tops,16,M,S
P00114,55-64,West,womens_tops,24,2X,XL
P00115,45-54,Southwest,womens_tops,6,2X,2X
P00116,35-44,Northeast,womens_bottoms,6,XL,XL
P00117,65+,Southeast,mens_tops,20,2X,1X
P00118,45-54,West,mens_bottoms,16,L,M
P00119,25-34,Southeast,womens_tops,4,2X,1X
P00120,35-44,West,womens_dresses,8,M,S
P00121,55-64,Southeast,womens_bottoms,18,1X,L
P00122,25-34,Southeast,womens_dresses,8,1X,1X
P00123,25-34,West,mens_bottoms,8,L,M
P00124,35-44,Southeast,womens_bottoms,8,L,L
P00125,35-44,Northeast,womens_dresses,12,1X,M
P00126,35-44,Southeast,mens_bottoms,17,1X,1X
P00127,55-64,Southwest,mens_bottoms,17,XL,L
P00128,55-64,Northeast,mens_tops,9,M,S
P00129,55-64,Midwest,mens_tops,6,L,L
P00130,45-54,Northeast,womens_bottoms,14,2X,1X
P00131,45-54,West,womens_bottoms,5,2X,1X
P00132,35-44,Southeast,womens_dresses,12,L,M
P00133,65+,West,womens_tops,20,L,S
P00134,35-44,Southwest,mens_bottoms,19,3X+,2X
P00135,45-54,Southwest,womens_tops,23,2X,1X
P00136,65+,Midwest,womens_bottoms,4,L,L
P00137,35-44,Midwest,mens_bottoms,13,L,M
P00138,55-64,Midwest,womens_dresses,11,1X,XL
P00139,35-44,Northeast,womens_bottoms,9,2X,2X
P00140,25-34,Midwest,womens_tops,11,3X+,1X
P00141,55-64,Southwest,womens_tops,3,1X,XL
P00142,25-34,Midwest,mens_bottoms,12,L,M
P00143,35-44,Southeast,womens_bottoms,16,1X,M
P00144,25-34,West,mens_bottoms,7,2X,2X
P00145,25-34,Southeast,womens_tops,16,2X,1X
P00146,35-44,Midwest,womens_dresses,15,L,L
P00147,25-34,Northeast,mens_tops,19,M,XS
P00148,35-44,Southwest,mens_tops,20,1X,XL
P00149,35-44,Northeast,mens_tops,6,XL,XL
P00150,65+,Midwest,womens_bottoms,22,2X,2X
P00151,65+,West,mens_bottoms,14,M,XS
P00152,65+,Northeast,womens_dresses,10,S,S
P00153,25-34,Southeast,womens_bottoms,10,M,XS
P00154,45-54,Southwest,womens_dresses,23,M,M
P00155,55-64,West,womens_tops,9,XL,L
P00156,45-54,Southeast,womens_bottoms,8,L,S
P00157,25-34,Southeast,womens_dresses,21,L,S
P00158,55-64,West,womens_dresses,9,M,XS
P00159,25-34,West,womens_dresses,20,3X+,2X
P00160,55-64,Southwest,womens_dresses,17,1X,L
P00161,35-44,West,mens_tops,18,1X,1X
P00162,25-34,West,mens_tops,14,XL,M
P00163,55-64,Midwest,mens_bottoms,4,XL,XL
P00164,25-34,Midwest,womens_tops,9,XS,XS
P00165,25-34,Southeast,mens_bottoms,24,1X,L
P00166,65+,Southwest,womens_dresses,12,L,S
P00167,55-64,Midwest,mens_bottoms,6,L,M
P00168,55-64,West,mens_tops,10,1X,XL
P00169,55-64,Northeast,womens_bottoms,14,XL,L
P00170,55-64,Southeast,mens_tops,15,1X,L
P00171,45-54,West,mens_tops,5,1X,XL
P00172,55-64,Midwest,mens_bottoms,22,2X,XL
P00173,35-44,Northeast,mens_bottoms,16,2X,1X
P00174,45-54,Southwest,mens_tops,20,1X,XL
P00175,25-34,Northeast,mens_tops,17,XL,L
P00176,45-54,Southeast,mens_tops,11,1X,1X
P00177,25-34,Midwest,womens_dresses,7,2X,2X
P00178,45-54,Northeast,womens_bottoms,14,L,M
P00179,25-34,West,womens_dresses,14,L,S
P00180,45-54,Northeast,mens_tops,15,L,M
P00181,35-44,Southeast,womens_bottoms,10,1X,1X
P00182,45-54,Midwest,womens_tops,23,1X,L
P00183,65+,Northeast,womens_dresses,14,XL,L
P00184,25-34,Northeast,mens_bottoms,22,XL,M
P00185,25-34,Southeast,mens_bottoms,11,M,M
P00186,45-54,Midwest,womens_bottoms,9,XL,L
P00187,35-44,Southwest,womens_dresses,8,M,XS
P00188,45-54,Midwest,womens_dresses,10,2X,1X
P00189,55-64,Southwest,mens_bottoms,19,1X,XL
P00190,35-44,Midwest,womens_bottoms,20,M,S
P00191,25-34,Southwest,mens_bottoms,14,1X,L
P00192,65+,West,womens_tops,22,S,XS
P00193,35-44,Northeast,womens_bottoms,9,M,M
P00194,45-54,Midwest,womens_bottoms,23,M,XS
P00195,45-54,Southwest,womens_dresses,19,L,XS
P00196,55-64,Midwest,mens_tops,15,M,M
P00197,35-44,Midwest,womens_dresses,17,1X,XL
P00198,45-54,West,womens_tops,16,1X,M
P00199,55-64,Midwest,womens_tops,21,XL,L
P00200,35-44,Northeast,womens_bottoms,13,M,M
P00201,35-44,Northeast,mens_tops,20,S,S
P00202,65+,Southeast,womens_tops,18,L,S
P00203,35-44,West,womens_bottoms,16,XL,L
P00204,45-54,Midwest,womens_dresses,8,2X,1X
P00205,25-34,West,womens_dresses,20,S,XS
P00206,25-34,Southwest,womens_tops,19,1X,1X
P00207,55-64,Midwest,womens_bottoms,20,M,M
P00208,25-34,Southeast,womens_dresses,5,XL,L
P00209,65+,Midwest,womens_dresses,5,1X,XL
P00210,45-54,West,mens_tops,11,1X,1X
P00211,25-34,Southwest,womens_tops,11,1X,XL
P00212,45-54,Northeast,womens_dresses,14,L,L
P00213,55-64,Midwest,womens_dresses,15,2X,XL
P00214,65+,Southwest,womens_dresses,9,XL,L
P00215,65+,Southeast,womens_bottoms,21,1X,M
P00216,35-44,Northeast,womens_bottoms,20,XL,XL
P00217,25-34,West,womens_tops,10,M,XS
P00218,45-54,Midwest,womens_dresses,4,1X,1X
P00219,25-34,West,mens_tops,11,1X,1X
P00220,35-44,Southwest,womens_tops,19,1X,XL
P00221,65+,Northeast,mens_bottoms,22,L,L
P00222,65+,West,womens_tops,24,1X,XL
P00223,25-34,West,mens_bottoms,17,L,XS
P00224,45-54,Midwest,womens_tops,5,XL,L
P00225,45-54,Northeast,mens_bottoms,13,XL,L
P00226,25-34,Southeast,mens_tops,23,2X,1X
P00227,25-34,Southeast,womens_dresses,23,L,S
P00228,25-34,Southeast,womens_bottoms,6,M,S
P00229,45-54,Southwest,womens_bottoms,24,XL,M
P00230,35-44,West,womens_tops,22,2X,2X
P00231,45-54,Midwest,womens_bottoms,10,2X,2X
P00232,45-54,Midwest,womens_tops,10,M,M
P00233,45-54,Midwest,mens_tops,17,XL,L
P00234,35-44,Midwest,mens_bottoms,11,2X,2X
P00235,35-44,Southeast,womens_bottoms,12,L,M
P00236,35-44,West,womens_bottoms,14,1X,M
P00237,35-44,Southwest,mens_tops,15,3X+,2X
P00238,25-34,Midwest,womens_dresses,6,M,M
P00239,45-54,Midwest,womens_bottoms,12,XL,XL
P00240,65+,Midwest,womens_dresses,14,XL,M
P00241,25-34,Southwest,mens_tops,13,2X,1X
P00242,55-64,Southwest,mens_bottoms,24,L,L
P00243,65+,Midwest,mens_bottoms,15,L,L
P00244,25-34,Northeast,womens_bottoms,18,M,S
P00245,25-34,Northeast,mens_tops,20,1X,M
P00246,35-44,Southeast,womens_dresses,10,S,XS
P00247,45-54,Southeast,womens_dresses,4,L,S
P00248,55-64,Southeast,womens_bottoms,24,1X,L
P00249,35-44,West,womens_dresses,4,XL,L
P00250,55-64,Southwest,womens_dresses,21,L,S
P00251,45-54,Midwest,mens_tops,18,1X,XL
P00252,35-44,Southwest,mens_bottoms,7,3X+,3X+
P00253,65+,Southwest,womens_dresses,8,S,S
P00254,45-54,West,womens_bottoms,24,1X,M
P00255,25-34,Southeast,mens_tops,14,XL,XL
P00256,65+,Southeast,womens_dresses,17,L,S
P00257,25-34,West,mens_tops,11,1X,L
P00258,55-64,Southeast,mens_bottoms,16,L,S
P00259,55-64,Midwest,mens_tops,17,XL,M
P00260,65+,Southeast,mens_tops,20,M,S
P00261,25-34,Southwest,mens_bottoms,24,L,S
P00262,55-64,Southeast,mens_tops,3,XL,S
P00263,35-44,West,mens_bottoms,18,L,M
P00264,55-64,Northeast,mens_tops,21,L,S
P00265,65+,Northeast,womens_dresses,3,XL,L
P00266,45-54,West,womens_bottoms,13,S,XS
P00267,65+,Southwest,womens_tops,23,2X,2X
P00268,25-34,Southeast,mens_bottoms,17,1X,1X
P00269,65+,Northeast,womens_tops,13,L,L
P00270,25-34,Midwest,mens_tops,23,3X+,2X
P00271,35-44,West,womens_tops,11,2X,L
P00272,55-64,Southwest,mens_bottoms,4,3X+,1X
P00273,65+,Southeast,mens_bottoms,5,S,S
P00274,25-34,Southeast,mens_tops,16,S,XS
P00275,25-34,Midwest,womens_tops,12,L,M
P00276,45-54,Southeast,womens_bottoms,3,XL,XL
P00277,35-44,Midwest,mens_tops,23,L,M
P00278,25-34,West,mens_tops,9,M,S
P00279,65+,Northeast,womens_bottoms,10,L,M
P00280,55-64,Northeast,mens_bottoms,10,1X,1X
P00281,55-64,Northeast,womens_tops,19,XL,M
P00282,25-34,West,mens_tops,6,L,S
P00283,35-44,Southwest,mens_bottoms,20,L,XS
P00284,55-64,West,womens_dresses,23,M,S
P00285,35-44,Northeast,mens_tops,24,1X,1X
P00286,45-54,West,womens_dresses,14,M,XS
P00287,65+,Southeast,womens_dresses,22,2X,1X
P00288,65+,Southeast,womens_bottoms,13,XL,M
P00289,65+,Northeast,womens_dresses,7,2X,XL
P00290,35-44,Midwest,mens_tops,15,L,M
P00291,65+,Southwest,womens_bottoms,21,XL,XL
P00292,35-44,Southwest,mens_bottoms,23,L,S
P00293,25-34,Northeast,womens_dresses,13,1X,1X
P00294,65+,Northeast,womens_bottoms,13,XL,S
P00295,45-54,Southwest,womens_bottoms,20,L,S
P00296,25-34,Northeast,mens_tops,20,S,XS
P00297,65+,Northeast,mens_tops,3,XL,M
P00298,35-44,Midwest,womens_bottoms,19,2X,XL
P00299,45-54,Northeast,womens_dresses,16,1X,XL
P00300,45-54,Northeast,womens_dresses,16,M,S
P00301,65+,Midwest,mens_tops,15,XL,L
P00302,45-54,Midwest,womens_bottoms,3,L,L
P00303,55-64,West,mens_tops,11,1X,XL
P00304,65+,Southeast,womens_tops,19,M,XS
P00305,55-64,Southeast,womens_tops,18,XL,L
P00306,25-34,Southeast,mens_tops,17,XL,M
P00307,25-34,West,mens_tops,13,XS,XS
P00308,55-64,West,mens_bottoms,11,L,XS
P00309,55-64,Southwest,mens_bottoms,15,1X,1X
P00310,45-54,Northeast,womens_dresses,21,S,XS
P00311,35-44,Southwest,mens_bottoms,8,1X,1X
P00312,35-44,Southeast,mens_bottoms,24,1X,L
P00313,45-54,Midwest,mens_tops,20,M,S
P00314,45-54,West,mens_bottoms,23,M,M
P00315,25-34,West,womens_tops,14,L,M
P00316,65+,West,mens_bottoms,18,L,M
P00317,65+,Southwest,mens_bottoms,22,3X+,3X+
P00318,25-34,Southeast,mens_tops,12,M,S
P00319,55-64,West,womens_bottoms,23,1X,L
P00320,45-54,Northeast,womens_tops,23,2X,1X
P00321,45-54,Northeast,mens_tops,24,1X,1X
P00322,65+,Southeast,womens_dresses,17,3X+,3X+
P00323,65+,Northeast,womens_dresses,21,1X,L
P00324,45-54,Midwest,mens_bottoms,16,2X,XL
P00325,45-54,Southwest,mens_bottoms,7,1X,XL
P00326,55-64,Northeast,mens_tops,3,XL,L
P00327,45-54,Northeast,mens_tops,6,2X,1X
P00328,65+,Midwest,womens_tops,16,1X,1X
P00329,65+,Southeast,mens_bottoms,16,M,S
P00330,55-64,Midwest,womens_tops,10,XL,L
P00331,55-64,Northeast,womens_tops,13,1X,1X
P00332,35-44,Southwest,mens_bottoms,22,M,XS
P00333,25-34,Southeast,mens_tops,3,L,M
P00334,55-64,Northeast,womens_dresses,21,L,XS
P00335,55-64,West,womens_dresses,17,2X,1X
P00336,35-44,Southeast,womens_tops,3,M,S
P00337,65+,Northeast,womens_tops,20,1X,XL
P00338,45-54,Southeast,womens_dresses,20,L,XS
P00339,65+,Southwest,mens_bottoms,17,L,L
P00340,65+,Midwest,mens_tops,20,M,S
P00341,45-54,Northeast,womens_dresses,21,2X,XL
P00342,25-34,Northeast,womens_dresses,23,XL,M
P00343,65+,West,womens_dresses,10,M,S
P00344,55-64,Midwest,mens_bottoms,14,L,L
P00345,45-54,Southeast,womens_tops,11,S,XS
P00346,45-54,Southwest,mens_tops,24,XL,XL
P00347,65+,Southeast,womens_tops,17,1X,1X
P00348,45-54,Northeast,mens_bottoms,21,2X,1X
P00349,45-54,West,mens_bottoms,18,L,M
P00350,55-64,Southwest,womens_bottoms,22,3X+,3X+
P00351,65+,Southeast,mens_bottoms,16,S,S
P00352,65+,Southeast,womens_bottoms,22,L,L
P00353,25-34,Southwest,mens_tops,22,S,S
P00354,55-64,Southwest,mens_tops,12,M,S
P00355,45-54,Southeast,mens_tops,24,XL,L
P00356,35-44,Southeast,mens_bottoms,8,XL,M
P00357,35-44,Southeast,mens_bottoms,6,L,L
P00358,55-64,Midwest,womens_dresses,22,M,XS
P00359,25-34,Southwest,mens_tops,20,M,S
P00360,35-44,Northeast,womens_bottoms,12,L,S
P00361,35-44,West,womens_bottoms,23,3X+,1X
P00362,65+,Northeast,womens_bottoms,12,L,M
P00363,35-44,Midwest,womens_bottoms,3,1X,XL
P00364,45-54,Southwest,mens_tops,3,3X+,3X+
P00365,65+,Southwest,mens_bottoms,14,M,M
P00366,55-64,Northeast,mens_tops,3,3X+,2X
P00367,65+,Southwest,womens_bottoms,5,2X,XL
P00368,25-34,Northeast,womens_bottoms,8,2X,1X
P00369,35-44,Southwest,womens_dresses,16,XL,XL
P00370,65+,Midwest,mens_bottoms,24,XL,M
P00371,35-44,Midwest,mens_tops,7,L,M
P00372,35-44,Southwest,mens_tops,16,1X,XL
P00373,35-44,Northeast,womens_dresses,12,XL,S
P00374,35-44,Northeast,womens_dresses,19,2X,XL
P00375,45-54,West,womens_dresses,16,1X,L
P00376,55-64,West,womens_tops,21,L,S
P00377,55-64,Southwest,mens_bottoms,8,XL,L
P00378,55-64,Southeast,mens_tops,11,2X,2X
P00379,55-64,Southwest,womens_dresses,15,M,XS
P00380,45-54,Southeast,womens_dresses,24,M,XS
P00381,55-64,Southwest,womens_bottoms,17,XS,XS
P00382,45-54,Southeast,womens_tops,23,S,XS
P00383,25-34,Southeast,womens_tops,5,XL,XL
P00384,45-54,Midwest,womens_tops,10,L,M
P00385,45-54,Southeast,womens_bottoms,16,1X,L
P00386,65+,Northeast,mens_bottoms,5,M,XS
P00387,45-54,Northeast,mens_bottoms,12,XL,L
P00388,45-54,Southwest,womens_bottoms,15,L,M
P00389,35-44,Southwest,womens_dresses,5,1X,1X
P00390,65+,Midwest,mens_bottoms,4,XL,L
P00391,65+,Southeast,womens_dresses,23,1X,L
P00392,65+,West,mens_tops,11,2X,XL
P00393,55-64,West,womens_bottoms,18,2X,XL
P00394,65+,West,mens_bottoms,22,XL,S
P00395,65+,Southwest,womens_bottoms,12,1X,L
P00396,35-44,Southeast,mens_tops,15,M,S
P00397,35-44,West,mens_bottoms,9,S,S
P00398,45-54,Northeast,mens_bottoms,21,XL,L
P00399,25-34,Midwest,womens_tops,14,S,XS
P00400,35-44,Southeast,mens_tops,9,L,M
P00401,25-34,Northeast,mens_tops,4,L,M
P00402,25-34,Southeast,womens_dresses,9,3X+,3X+
P00403,55-64,Northeast,womens_bottoms,7,L,M
P00404,55-64,Northeast,womens_tops,22,1X,XL
P00405,55-64,Midwest,mens_bottoms,6,XL,XL
P00406,35-44,Southeast,womens_bottoms,4,XL,M
P00407,55-64,West,womens_bottoms,23,1X,1X
P00408,25-34,Southwest,womens_dresses,18,M,S
P00409,35-44,Southwest,mens_bottoms,15,S,XS
P00410,25-34,Midwest,mens_tops,17,XL,L
P00411,55-64,Southeast,mens_bottoms,7,XL,M
P00412,45-54,West,mens_tops,21,1X,M
P00413,55-64,Midwest,mens_bottoms,20,L,S
P00414,45-54,Southwest,mens_bottoms,16,M,XS
P00415,25-34,Midwest,womens_dresses,20,L,M
P00416,45-54,Northeast,mens_bottoms,17,M,XS
P00417,35-44,Midwest,womens_dresses,24,1X,1X
P00418,55-64,Southeast,mens_tops,6,3X+,2X
P00419,45-54,West,mens_tops,23,XL,S
P00420,35-44,Southeast,womens_dresses,12,XL,XL
P00421,35-44,Northeast,womens_bottoms,21,L,L
P00422,65+,Southeast,mens_tops,24,L,S
P00423,65+,Southwest,mens_tops,10,L,M
P00424,55-64,Northeast,womens_dresses,6,L,M
P00425,65+,Southeast,womens_dresses,24,2X,1X
P00426,35-44,Southeast,womens_tops,7,2X,1X
P00427,35-44,Northeast,mens_bottoms,5,XL,XL
P00428,35-44,West,womens_tops,3,L,L
P00429,65+,Southeast,womens_dresses,23,1X,L
P00430,25-34,Southwest,womens_dresses,23,3X+,2X
P00431,65+,West,womens_bottoms,7,S,XS
P00432,25-34,Northeast,womens_bottoms,3,XL,XL
P00433,45-54,Southeast,womens_tops,6,XL,XL
P00434,35-44,Southeast,womens_bottoms,23,2X,XL
P00435,25-34,West,mens_tops,24,L,M
P00436,35-44,Northeast,womens_tops,16,3X+,1X
P00437,25-34,Southwest,womens_dresses,14,2X,1X
P00438,65+,Northeast,womens_tops,13,2X,2X
P00439,55-64,West,womens_bottoms,9,XL,XL
P00440,25-34,West,mens_bottoms,12,M,S
P00441,65+,Northeast,mens_tops,23,XL,M
P00442,55-64,West,womens_bottoms,4,XL,XL
P00443,55-64,Midwest,womens_bottoms,5,L,M
P00444,35-44,Southwest,womens_bottoms,6,1X,XL
P00445,65+,West,womens_tops,17,S,XS
P00446,45-54,Northeast,womens_dresses,17,2X,XL
P00447,25-34,West,womens_dresses,24,XL,XL
P00448,65+,Northeast,womens_bottoms,24,2X,1X
P00449,25-34,Southwest,womens_dresses,5,2X,1X
P00450,25-34,Midwest,mens_tops,22,3X+,1X
P00451,35-44,West,womens_tops,5,1X,XL
P00452,55-64,Northeast,womens_bottoms,14,1X,XL
P00453,65+,Southeast,womens_tops,11,1X,1X
P00454,55-64,West,womens_dresses,12,M,S
P00455,25-34,Southeast,mens_tops,23,XL,M
P00456,45-54,Midwest,womens_tops,7,L,M
P00457,65+,Southeast,womens_dresses,4,1X,1X
P00458,25-34,Midwest,womens_dresses,9,1X,L
P00459,45-54,Southwest,mens_tops,17,1X,XL
P00460,65+,Southeast,womens_bottoms,23,L,M
P00461,25-34,Midwest,mens_tops,9,3X+,2X
P00462,65+,Northeast,womens_dresses,8,L,L
P00463,45-54,Midwest,womens_dresses,12,L,L
P00464,25-34,Southeast,mens_tops,22,L,S
P00465,55-64,Southwest,womens_dresses,22,L,S
P00466,55-64,West,womens_dresses,10,M,XS
P00467,55-64,Northeast,womens_tops,23,M,S
P00468,25-34,Southwest,mens_bottoms,5,XL,XL
P00469,35-44,Southeast,womens_dresses,5,2X,2X
P00470,55-64,Midwest,womens_bottoms,11,2X,1X
P00471,65+,Midwest,womens_tops,21,2X,1X
P00472,45-54,Southeast,mens_bottoms,23,XL,M
P00473,35-44,Southwest,womens_tops,18,XL,L
P00474,45-54,Southwest,mens_bottoms,18,2X,2X
P00475,65+,Northeast,mens_tops,23,M,S
P00476,65+,Northeast,mens_bottoms,18,XL,M
P00477,35-44,West,mens_bottoms,12,XL,L
P00478,25-34,Southeast,mens_tops,4,XL,XL
P00479,45-54,Northeast,womens_dresses,18,L,L
P00480,25-34,Southeast,womens_tops,5,3X+,1X
P00481,45-54,Northeast,womens_dresses,13,2X,XL
P00482,35-44,Southeast,mens_bottoms,22,2X,XL
P00483,45-54,Southeast,mens_tops,20,3X+,1X
P00484,45-54,Midwest,mens_bottoms,15,XS,XS
P00485,25-34,Midwest,mens_bottoms,12,M,XS
P00486,45-54,West,womens_dresses,22,S,XS
P00487,65+,Midwest,mens_bottoms,5,XL,M
P00488,25-34,Southwest,womens_bottoms,12,M,S
P00489,45-54,Southwest,mens_tops,4,3X+,2X
P00490,55-64,West,womens_bottoms,7,L,L
P00491,25-34,Southwest,mens_tops,15,XL,M
P00492,25-34,Northeast,womens_tops,7,M,M
P00493,65+,Midwest,womens_dresses,21,2X,1X
P00494,25-34,Midwest,womens_bottoms,15,XL,S
P00495,65+,Southwest,mens_tops,4,XL,L
P00496,25-34,Midwest,womens_bottoms,7,1X,L
P00497,55-64,Northeast,womens_bottoms,9,3X+,2X
P00498,65+,West,womens_bottoms,12,M,M
P00499,25-34,Northeast,womens_dresses,20,XL,M
P00500,45-54,West,womens_tops,8,L,S
P00501,55-64,West,mens_bottoms,13,L,L
P00502,25-34,Southwest,womens_tops,15,L,M
P00503,25-34,Southwest,womens_tops,5,3X+,3X+
P00504,45-54,Midwest,womens_tops,4,M,XS
P00505,55-64,Southwest,womens_tops,8,XL,XL
P00506,35-44,Midwest,mens_bottoms,24,XL,M
P00507,55-64,Southeast,womens_dresses,18,L,S
P00508,55-64,Northeast,mens_tops,8,XL,M
P00509,45-54,West,womens_tops,4,M,XS
P00510,25-34,Northeast,mens_tops,8,M,S
P00511,45-54,Southwest,mens_tops,6,M,S
P00512,55-64,West,mens_tops,6,S,XS
P00513,65+,Northeast,mens_bottoms,6,L,S
P00514,45-54,West,womens_bottoms,17,S,XS
P00515,25-34,Northeast,mens_bottoms,12,2X,1X
P00516,55-64,Southeast,womens_tops,18,L,M
P00517,45-54,Northeast,mens_bottoms,6,L,L
P00518,65+,Southwest,womens_bottoms,5,3X+,3X+
P00519,55-64,Southeast,mens_bottoms,5,L,L
P00520,25-34,West,womens_bottoms,13,XL,M
P00521,65+,West,mens_tops,12,XS,XS
P00522,25-34,West,womens_bottoms,11,3X+,1X
P00523,25-34,Southwest,womens_dresses,15,L,M
P00524,65+,Northeast,mens_bottoms,18,2X,1X
P00525,65+,West,mens_bottoms,21,3X+,3X+
P00526,35-44,Midwest,womens_bottoms,20,M,S
P00527,45-54,Southeast,mens_bottoms,20,1X,1X
P00528,25-34,Midwest,mens_bottoms,16,2X,1X
P00529,35-44,West,womens_tops,6,L,M
P00530,55-64,Southwest,mens_bottoms,22,M,S
P00531,45-54,Northeast,mens_bottoms,5,2X,XL
P00532,45-54,Southwest,mens_tops,6,3X+,1X
P00533,65+,Southwest,womens_dresses,6,L,L
P00534,55-64,Midwest,mens_tops,16,M,S
P00535,35-44,Midwest,womens_tops,24,1X,1X
P00536,65+,Northeast,womens_bottoms,22,XL,L
P00537,45-54,Southeast,womens_tops,12,1X,XL
P00538,35-44,Northeast,womens_tops,18,L,S
P00539,25-34,Midwest,womens_tops,14,L,S
P00540,65+,Southeast,womens_bottoms,21,1X,XL
P00541,35-44,Midwest,womens_dresses,5,1X,XL
P00542,45-54,Northeast,mens_tops,13,L,S
P00543,55-64,Northeast,womens_tops,24,1X,XL
P00544,25-34,Southeast,mens_bottoms,5,XL,L
P00545,45-54,Midwest,mens_bottoms,22,2X,XL
P00546,45-54,Southeast,womens_dresses,7,L,M
P00547,45-54,West,mens_bottoms,5,L,M
P00548,55-64,Northeast,womens_bottoms,17,M,S
P00549,55-64,Midwest,womens_tops,15,XL,S
P00550,25-34,Southeast,mens_bottoms,24,3X+,1X
P00551,55-64,Midwest,womens_tops,6,M,S
P00552,35-44,Northeast,mens_bottoms,11,XL,L
P00553,55-64,Northeast,womens_bottoms,12,1X,1X
P00554,55-64,Southeast,mens_bottoms,20,L,M
P00555,55-64,Southeast,womens_tops,21,L,S
P00556,65+,West,womens_bottoms,21,M,S
P00557,25-34,Southeast,womens_dresses,19,XL,XL
P00558,55-64,West,womens_dresses,11,XL,L
P00559,35-44,Northeast,mens_bottoms,11,M,M
P00560,55-64,Northeast,mens_tops,16,M,XS
P00561,45-54,Midwest,mens_bottoms,18,L,M
P00562,35-44,Midwest,womens_tops,15,XL,XL
P00563,35-44,Midwest,mens_bottoms,19,XS,XS
P00564,35-44,Southwest,womens_tops,20,1X,L
P00565,65+,Southwest,womens_dresses,24,1X,M
P00566,35-44,West,mens_tops,24,1X,XL
P00567,65+,West,womens_bottoms,21,2X,2X
P00568,25-34,Southeast,womens_dresses,18,M,M
P00569,55-64,Southwest,womens_tops,22,L,S
P00570,25-34,Southeast,womens_tops,23,XL,L
P00571,35-44,West,womens_dresses,17,3X+,2X
P00572,45-54,Midwest,womens_bottoms,12,1X,1X
P00573,55-64,Midwest,mens_tops,20,1X,L
P00574,35-44,West,mens_tops,21,1X,1X
P00575,35-44,Southwest,mens_tops,3,M,M
P00576,25-34,Southwest,mens_tops,3,L,L
P00577,25-34,Southwest,womens_dresses,18,1X,L
P00578,45-54,Southwest,womens_tops,17,2X,1X
P00579,25-34,West,mens_tops,8,XL,L
P00580,25-34,Northeast,mens_tops,11,1X,XL
P00581,65+,Southeast,womens_dresses,5,XL,XL
P00582,65+,Northeast,womens_dresses,21,1X,XL
P00583,65+,Southeast,womens_dresses,15,XL,L
P00584,25-34,Midwest,mens_bottoms,13,1X,XL
P00585,55-64,West,womens_bottoms,21,1X,L
P00586,25-34,Midwest,womens_tops,21,3X+,2X
P00587,45-54,Southeast,womens_dresses,22,S,XS
P00588,45-54,West,mens_bottoms,10,XL,M
P00589,65+,Southeast,mens_bottoms,20,XL,XL
P00590,25-34,Southwest,womens_bottoms,7,M,S
P00591,35-44,Northeast,womens_bottoms,24,M,S
P00592,35-44,West,womens_tops,3,L,L
P00593,45-54,Northeast,womens_bottoms,8,XL,L
P00594,55-64,Southwest,womens_dresses,24,3X+,2X
P00595,55-64,Midwest,mens_bottoms,12,XL,M
P00596,65+,Southeast,womens_dresses,9,1X,XL
P00597,25-34,Midwest,womens_tops,8,2X,2X
P00598,65+,West,womens_tops,7,XL,M
P00599,25-34,Midwest,mens_bottoms,24,XL,M
P00600,35-44,West,womens_bottoms,3,1X,1X
P00601,65+,Northeast,womens_tops,21,M,S
P00602,25-34,Southeast,mens_bottoms,19,M,S
P00603,25-34,Northeast,mens_tops,19,XL,M
P00604,55-64,Northeast,mens_bottoms,3,1X,1X
P00605,35-44,Southeast,mens_tops,18,XL,XL
P00606,55-64,Southwest,womens_bottoms,10,L,L
P00607,35-44,Northeast,womens_bottoms,4,2X,XL
P00608,65+,West,mens_tops,8,L,L
P00609,35-44,Northeast,womens_tops,9,XS,XS
P00610,45-54,Midwest,womens_bottoms,16,2X,L
P00611,25-34,Northeast,womens_dresses,24,1X,XL
P00612,35-44,West,womens_tops,12,XL,S
P00613,55-64,Southwest,womens_tops,10,3X+,2X
P00614,35-44,Southeast,mens_bottoms,7,S,XS
P00615,55-64,Southwest,mens_tops,21,XL,S
P00616,35-44,Southwest,mens_bottoms,9,L,S
P00617,35-44,Northeast,mens_bottoms,21,2X,1X
P00618,65+,Southwest,mens_tops,15,L,M
P00619,65+,Northeast,womens_bottoms,16,2X,1X
P00620,55-64,Northeast,womens_tops,9,3X+,1X
P00621,55-64,Northeast,womens_bottoms,15,XL,M
P00622,65+,Southwest,womens_bottoms,15,XL,S
P00623,65+,Southwest,mens_bottoms,4,1X,XL
P00624,25-34,Southwest,womens_bottoms,12,1X,1X
P00625,45-54,West,mens_tops,3,1X,XL
P00626,45-54,Northeast,womens_tops,3,2X,2X
P00627,45-54,Southeast,mens_tops,8,1X,1X
P00628,25-34,Southwest,mens_tops,4,XL,M
P00629,65+,Northeast,mens_tops,14,S,S
P00630,45-54,Southeast,womens_tops,18,M,S
P00631,25-34,West,womens_dresses,6,1X,M
P00632,55-64,Southeast,womens_tops,9,S,XS
P00633,55-64,Midwest,womens_bottoms,17,L,S
P00634,45-54,Southeast,womens_tops,17,S,S
P00635,25-34,Southeast,womens_tops,14,M,M
P00636,25-34,West,womens_tops,9,2X,XL
P00637,25-34,Southeast,womens_bottoms,13,2X,2X
P00638,35-44,Midwest,womens_bottoms,16,3X+,2X
P00639,35-44,Midwest,womens_bottoms,15,1X,XL
P00640,65+,Northeast,mens_tops,18,L,M
P00641,55-64,Midwest,mens_bottoms,13,L,M
P00642,55-64,Midwest,mens_bottoms,10,L,S
P00643,45-54,Southwest,womens_bottoms,15,M,S
P00644,25-34,West,mens_tops,19,2X,XL
P00645,35-44,West,mens_bottoms,13,XL,L
P00646,65+,Northeast,mens_bottoms,13,M,S
P00647,25-34,Midwest,mens_tops,9,L,S
P00648,65+,Midwest,mens_tops,8,2X,XL
P00649,55-64,Northeast,mens_tops,11,L,M
P00650,65+,Northeast,womens_bottoms,19,M,XS
P00651,25-34,Southwest,womens_tops,9,XL,XS
P00652,35-44,Southeast,mens_bottoms,7,2X,2X
P00653,55-64,Southwest,womens_tops,20,1X,L
P00654,65+,Southeast,womens_tops,7,2X,1X
P00655,55-64,West,womens_tops,9,XL,M
P00656,65+,Northeast,mens_bottoms,6,L,L
P00657,65+,Midwest,womens_bottoms,11,L,M
P00658,55-64,Southwest,womens_bottoms,11,XS,XS
P00659,55-64,Southeast,womens_bottoms,11,3X+,3X+
P00660,65+,Midwest,womens_tops,9,XL,XL
P00661,65+,Southwest,mens_bottoms,14,M,S
P00662,25-34,Northeast,womens_dresses,10,XL,M
P00663,55-64,Southwest,womens_bottoms,13,2X,1X
P00664,65+,Northeast,womens_bottoms,3,L,M
P00665,25-34,Southwest,mens_bottoms,13,S,S
P00666,65+,West,mens_bottoms,17,2X,1X
P00667,35-44,West,mens_tops,4,2X,2X
P00668,25-34,Southwest,womens_bottoms,22,XL,S
P00669,45-54,Northeast,mens_tops,24,M,S
P00670,45-54,Midwest,womens_dresses,9,1X,1X
P00671,65+,Southwest,womens_dresses,7,1X,XL
P00672,25-34,Northeast,mens_tops,17,2X,XL
P00673,55-64,Midwest,womens_bottoms,22,XL,M
P00674,35-44,Southeast,womens_tops,4,M,M
P00675,35-44,Midwest,mens_bottoms,21,L,M
P00676,45-54,Southeast,womens_tops,14,3X+,1X
P00677,55-64,Southeast,womens_bottoms,17,S,XS
P00678,65+,Northeast,womens_tops,23,XL,L
P00679,25-34,Midwest,mens_tops,20,1X,XL
P00680,45-54,West,mens_bottoms,8,M,S
P00681,25-34,Southeast,womens_dresses,24,M,S
P00682,65+,Southwest,womens_bottoms,5,1X,1X
P00683,55-64,Southwest,womens_bottoms,19,XL,L
P00684,35-44,West,womens_tops,20,1X,1X
P00685,65+,Northeast,womens_tops,9,M,XS
P00686,35-44,Northeast,womens_dresses,23,L,L
P00687,35-44,Southeast,mens_bottoms,23,XL,L
P00688,35-44,West,womens_bottoms,4,L,M
P00689,65+,Northeast,womens_tops,8,1X,1X
P00690,35-44,Northeast,womens_tops,10,S,XS
P00691,55-64,Southwest,mens_bottoms,4,XL,XL
P00692,65+,Southwest,mens_tops,9,1X,XL
P00693,65+,Midwest,womens_dresses,19,2X,XL
P00694,45-54,Southeast,mens_tops,22,2X,1X
P00695,55-64,Southwest,mens_tops,4,L,L
P00696,45-54,Southeast,womens_bottoms,19,1X,XL
P00697,25-34,Southwest,mens_tops,24,1X,XL
P00698,45-54,Southwest,womens_bottoms,6,M,M
P00699,35-44,Northeast,womens_dresses,5,XL,XL
P00700,25-34,Southeast,mens_bottoms,20,S,XS
P00701,25-34,Southwest,mens_bottoms,3,S,XS
P00702,55-64,Southeast,womens_tops,4,XL,S
P00703,55-64,Northeast,mens_bottoms,6,XL,L
P00704,45-54,West,mens_tops,12,1X,XL
P00705,55-64,Southwest,womens_tops,24,L,XS
P00706,55-64,Southeast,mens_tops,4,XL,XL
P00707,55-64,Northeast,mens_tops,12,XL,L
P00708,65+,Southeast,womens_dresses,24,L,S
P00709,65+,West,womens_dresses,19,XL,M
P00710,25-34,West,womens_tops,24,1X,XL
P00711,55-64,Midwest,womens_bottoms,21,XL,L
P00712,25-34,Midwest,womens_bottoms,10,XL,M
P00713,55-64,West,womens_bottoms,6,2X,2X
P00714,45-54,West,womens_tops,7,M,XS
P00715,45-54,Midwest,womens_bottoms,19,2X,1X
P00716,45-54,Northeast,womens_dresses,4,L,L
P00717,25-34,Southeast,womens_dresses,15,L,M
P00718,65+,Midwest,mens_tops,4,L,L
P00719,35-44,Midwest,womens_bottoms,17,XL,XL
P00720,55-64,Midwest,mens_tops,17,L,L
P00721,25-34,Southwest,womens_tops,4,XL,M
P00722,25-34,Northeast,womens_bottoms,6,S,S
P00723,55-64,Midwest,womens_dresses,14,1X,L
P00724,65+,Midwest,womens_dresses,4,1X,XL
P00725,55-64,Southwest,womens_bottoms,19,L,M
P00726,45-54,Southwest,womens_bottoms,16,S,XS
P00727,45-54,Midwest,womens_dresses,16,M,S
P00728,45-54,Southwest,womens_bottoms,11,1X,1X
P00729,35-44,Midwest,mens_bottoms,6,XL,L
P00730,55-64,Northeast,womens_tops,12,M,M
P00731,65+,Southwest,womens_tops,19,2X,1X
P00732,25-34,Southwest,womens_tops,6,L,M
P00733,45-54,Southwest,mens_tops,11,XL,L
P00734,65+,Northeast,mens_tops,22,3X+,1X
P00735,35-44,Southwest,mens_bottoms,9,XL,S
P00736,45-54,Northeast,womens_bottoms,22,1X,M
P00737,65+,Southeast,mens_bottoms,4,XL,L
P00738,55-64,Southeast,womens_tops,22,2X,XL
P00739,55-64,Southeast,womens_dresses,16,2X,XL
P00740,65+,Southwest,womens_bottoms,19,XS,XS
P00741,35-44,Midwest,mens_bottoms,15,1X,M
P00742,25-34,Southwest,womens_dresses,23,1X,L
P00743,55-64,Midwest,mens_bottoms,5,S,S
P00744,35-44,Southeast,womens_bottoms,24,S,S
P00745,35-44,Northeast,womens_tops,19,XL,XL
P00746,45-54,West,womens_tops,11,M,S
P00747,45-54,Southwest,mens_tops,12,L,M
P00748,55-64,West,mens_bottoms,14,XL,M
P00749,25-34,West,womens_dresses,23,S,XS
P00750,55-64,Southwest,mens_tops,24,L,XS
P00751,55-64,Midwest,mens_tops,4,XL,M
P00752,45-54,Northeast,womens_dresses,22,L,M
P00753,25-34,Midwest,womens_dresses,24,S,XS
P00754,65+,Midwest,mens_bottoms,4,2X,1X
P00755,65+,Southeast,mens_bottoms,22,1X,XL
P00756,65+,Northeast,mens_tops,17,2X,M
P00757,35-44,Southwest,womens_tops,5,M,S
P00758,55-64,Southeast,womens_tops,19,XL,S
P00759,35-44,West,womens_dresses,22,L,XS
P00760,35-44,Midwest,womens_tops,23,3X+,1X
P00761,25-34,Northeast,womens_bottoms,4,3X+,3X+
P00762,35-44,West,mens_bottoms,17,2X,1X
P00763,55-64,Northeast,mens_bottoms,24,2X,1X
P00764,25-34,Southwest,womens_tops,12,1X,XL
P00765,25-34,Southwest,mens_tops,10,1X,1X
P00766,65+,Southwest,womens_tops,16,XL,M
P00767,35-44,Southeast,womens_tops,4,L,S
P00768,55-64,Southeast,mens_bottoms,10,1X,1X
P00769,65+,West,womens_bottoms,7,2X,2X
P00770,35-44,West,womens_dresses,7,M,XS
P00771,65+,Southeast,womens_bottoms,20,1X,L
P00772,55-64,Northeast,womens_bottoms,19,L,M
P00773,65+,Northeast,womens_dresses,8,L,S
P00774,45-54,Southeast,womens_bottoms,19,XL,L
P00775,45-54,Southeast,mens_tops,7,S,XS
P00776,35-44,Midwest,womens_dresses,4,1X,1X
P00777,55-64,West,womens_bottoms,5,XL,L
P00778,45-54,Northeast,mens_tops,10,S,XS
P00779,35-44,Southwest,mens_bottoms,15,1X,XL
P00780,55-64,West,womens_tops,6,XL,XL
P00781,55-64,West,womens_bottoms,9,L,M
P00782,45-54,West,mens_bottoms,16,M,XS
P00783,25-34,West,womens_tops,14,XL,XL
P00784,25-34,Northeast,mens_bottoms,7,3X+,2X
P00785,25-34,West,womens_bottoms,3,XL,L
P00786,45-54,Northeast,womens_dresses,3,1X,M
P00787,65+,West,mens_tops,16,L,M
P00788,45-54,Northeast,mens_bottoms,5,XL,XL
P00789,35-44,West,mens_tops,15,2X,1X
P00790,55-64,Midwest,womens_dresses,12,1X,M
P00791,35-44,Southwest,mens_bottoms,11,3X+,1X
P00792,55-64,West,mens_tops,6,1X,1X
P00793,55-64,West,mens_bottoms,9,1X,1X
P00794,25-34,Southeast,womens_dresses,21,L,S
P00795,65+,Southwest,mens_bottoms,12,M,S
P00796,45-54,Midwest,womens_dresses,23,XL,M
P00797,25-34,Southwest,mens_bottoms,6,2X,1X
P00798,35-44,Southeast,womens_dresses,4,S,S
P00799,35-44,Southeast,womens_bottoms,19,L,S
P00800,35-44,Southwest,mens_tops,18,L,S
P00801,55-64,Northeast,mens_tops,24,S,XS
P00802,55-64,Southwest,womens_dresses,6,L,L
P00803,45-54,Southeast,womens_bottoms,18,2X,2X
P00804,35-44,Midwest,mens_tops,19,L,M
P00805,55-64,West,womens_tops,24,1X,M
P00806,65+,Midwest,womens_tops,16,M,S
P00807,25-34,Northeast,mens_tops,6,XL,L
P00808,25-34,Southeast,womens_tops,20,2X,2X
P00809,35-44,Northeast,womens_bottoms,9,S,XS
P00810,55-64,Southeast,womens_tops,16,M,M
P00811,65+,West,womens_bottoms,21,1X,M
P00812,45-54,West,mens_tops,23,S,XS
P00813,65+,Southeast,mens_bottoms,11,L,M
P00814,55-64,Midwest,mens_bottoms,22,M,XS
P00815,45-54,Southwest,mens_bottoms,18,M,XS
P00816,65+,Northeast,mens_bottoms,16,1X,L
P00817,45-54,Northeast,womens_tops,12,XL,XL
P00818,45-54,Southwest,womens_bottoms,6,XL,L
P00819,25-34,Southwest,mens_tops,12,XL,L
P00820,35-44,Southwest,womens_tops,8,XS,XS
P00821,35-44,Northeast,womens_bottoms,5,1X,XL
P00822,55-64,West,womens_tops,5,M,S
P00823,25-34,Southeast,womens_bottoms,22,2X,1X
P00824,35-44,Midwest,mens_tops,22,L,M
P00825,25-34,Midwest,womens_tops,5,L,M
P00826,55-64,Southeast,mens_tops,3,1X,XL
P00827,35-44,Southeast,mens_bottoms,18,1X,XL
P00828,35-44,Midwest,mens_tops,12,1X,L
P00829,35-44,Southwest,mens_bottoms,24,1X,L
P00830,65+,West,mens_bottoms,14,3X+,1X
P00831,65+,Northeast,mens_tops,19,XL,M
P00832,65+,Midwest,womens_dresses,13,XL,L
P00833,65+,West,mens_bottoms,24,2X,XL
P00834,25-34,Northeast,womens_dresses,6,XL,XL
P00835,25-34,Northeast,mens_bottoms,10,L,M
P00836,65+,Southwest,womens_dresses,22,1X,XL
P00837,45-54,Southwest,mens_bottoms,3,XL,XL
P00838,55-64,Southeast,womens_tops,24,L,M
P00839,35-44,Southwest,womens_bottoms,19,XS,XS
P00840,55-64,Southeast,womens_bottoms,13,XL,L
P00841,25-34,Southwest,womens_bottoms,9,M,M
P00842,35-44,Southeast,womens_tops,15,XL,M
P00843,45-54,Northeast,womens_bottoms,17,XL,L
P00844,25-34,Southeast,mens_tops,24,2X,2X
P00845,25-34,West,womens_bottoms,9,L,M
P00846,55-64,Southeast,mens_tops,20,XL,L
P00847,65+,Northeast,womens_tops,15,M,S
P00848,25-34,West,womens_dresses,11,XL,XL
P00849,45-54,West,womens_bottoms,14,2X,1X
P00850,45-54,Southeast,womens_dresses,9,XL,L
P00851,45-54,Southwest,womens_dresses,7,1X,XL
P00852,25-34,Southeast,mens_tops,23,1X,L
P00853,25-34,Southeast,womens_bottoms,24,L,S
P00854,25-34,Northeast,womens_bottoms,6,XL,XL
P00855,35-44,Midwest,mens_bottoms,15,XL,XL
P00856,55-64,Northeast,mens_tops,11,2X,XL
P00857,55-64,Northeast,womens_dresses,17,2X,2X
P00858,25-34,West,womens_tops,19,XL,M
P00859,65+,Midwest,mens_tops,20,M,S
P00860,55-64,West,womens_tops,18,L,M
P00861,25-34,West,mens_tops,15,L,M
P00862,45-54,West,womens_tops,5,M,XS
P00863,55-64,Southwest,mens_bottoms,15,L,L
P00864,35-44,West,mens_tops,24,2X,1X
P00865,55-64,Midwest,womens_dresses,3,1X,1X
P00866,35-44,Southeast,womens_dresses,17,L,L
P00867,55-64,Northeast,womens_bottoms,13,L,M
P00868,45-54,Midwest,mens_bottoms,15,XL,M
P00869,45-54,Southeast,womens_dresses,3,2X,1X
P00870,25-34,Northeast,mens_tops,23,M,S
P00871,25-34,Northeast,mens_bottoms,21,XL,S
P00872,25-34,Midwest,womens_tops,8,XL,L
P00873,25-34,West,womens_dresses,4,1X,XL
P00874,35-44,Southwest,womens_dresses,21,3X+,XL
P00875,25-34,Southeast,mens_tops,20,M,XS
P00876,35-44,Midwest,mens_tops,14,XL,M
P00877,45-54,Northeast,womens_dresses,16,M,S
P00878,55-64,Southeast,womens_dresses,6,M,XS
P00879,45-54,West,mens_tops,9,M,M
P00880,65+,West,mens_bottoms,5,XL,XL
P00881,65+,West,womens_bottoms,14,1X,XL
P00882,35-44,Midwest,womens_tops,15,S,S
P00883,25-34,Northeast,womens_dresses,5,L,M
P00884,35-44,Southeast,womens_dresses,23,3X+,2X
P00885,25-34,Northeast,womens_bottoms,23,XL,L
P00886,45-54,West,womens_tops,9,XL,XL
P00887,25-34,Southeast,womens_dresses,14,S,XS
P00888,55-64,Southwest,womens_tops,18,1X,XL
P00889,55-64,Northeast,womens_bottoms,19,M,XS
P00890,35-44,Northeast,womens_tops,10,M,S
P00891,35-44,Northeast,mens_bottoms,4,1X,1X
P00892,65+,Southwest,mens_tops,20,XL,L
P00893,55-64,Southwest,womens_bottoms,7,XL,XL
P00894,55-64,Northeast,womens_dresses,3,XL,L
P00895,45-54,West,mens_bottoms,14,L,L
P00896,35-44,Northeast,womens_dresses,20,2X,XL
P00897,65+,Southwest,womens_tops,24,3X+,3X+
P00898,45-54,Southeast,womens_tops,17,S,XS
P00899,35-44,Southeast,womens_bottoms,18,XL,M
P00900,65+,Southwest,womens_tops,17,XL,L
P00901,35-44,Midwest,mens_bottoms,5,XL,XL
P00902,45-54,Northeast,womens_tops,6,XL,M
P00903,25-34,Southwest,womens_dresses,23,XL,L
P00904,25-34,Southwest,womens_dresses,13,M,S
P00905,65+,Southwest,womens_bottoms,9,2X,XL
P00906,65+,West,womens_bottoms,24,M,S
P00907,55-64,Northeast,womens_dresses,24,XL,L
P00908,55-64,Northeast,mens_tops,8,1X,XL
P00909,25-34,Northeast,mens_bottoms,12,L,S
P00910,45-54,Southeast,womens_dresses,9,2X,XL
P00911,45-54,Southeast,womens_tops,23,XL,XL
P00912,35-44,Midwest,womens_bottoms,21,L,XS
P00913,25-34,West,womens_dresses,22,2X,XL
P00914,45-54,Southwest,womens_bottoms,19,1X,XL
P00915,35-44,Northeast,womens_bottoms,19,L,S
P00916,55-64,West,womens_bottoms,17,XL,L
P00917,35-44,Midwest,mens_tops,23,1X,XL
P00918,65+,West,womens_dresses,4,2X,1X
P00919,55-64,West,mens_bottoms,9,M,S
P00920,65+,West,womens_dresses,18,1X,S
P00921,55-64,Midwest,mens_tops,22,XL,L
P00922,65+,Southeast,mens_bottoms,17,M,S
P00923,55-64,Northeast,womens_tops,15,L,M
P00924,25-34,Southwest,womens_tops,12,XL,L
P00925,55-64,West,womens_dresses,10,2X,2X
P00926,65+,Southeast,mens_tops,7,3X+,3X+
P00927,35-44,Southeast,mens_bottoms,21,XL,L
P00928,25-34,Midwest,womens_tops,21,XL,M
P00929,55-64,Southwest,mens_bottoms,20,L,S
P00930,65+,Southeast,womens_tops,21,3X+,1X
P00931,25-34,Northeast,womens_dresses,3,XL,M
P00932,35-44,Southeast,womens_bottoms,5,L,L
P00933,65+,Northeast,mens_bottoms,16,3X+,2X
P00934,25-34,West,womens_dresses,16,L,M
P00935,65+,Midwest,womens_tops,3,1X,1X
P00936,45-54,Northeast,mens_tops,12,XL,L
P00937,45-54,West,womens_dresses,21,S,S
P00938,65+,West,mens_bottoms,12,2X,1X
P00939,35-44,Northeast,mens_tops,11,2X,XL
P00940,45-54,West,womens_bottoms,22,XL,S
P00941,55-64,Southwest,womens_bottoms,19,XL,M
P00942,45-54,Midwest,womens_bottoms,5,S,XS
P00943,65+,Southeast,womens_bottoms,14,L,L
P00944,25-34,Southwest,womens_tops,16,M,XS
P00945,65+,West,womens_dresses,22,XL,S
P00946,45-54,Midwest,mens_tops,8,S,XS
P00947,45-54,Midwest,mens_bottoms,16,2X,XL
P00948,65+,Northeast,mens_bottoms,9,1X,XL
P00949,65+,Southwest,mens_tops,9,L,M
P00950,55-64,Midwest,womens_dresses,13,XL,S
P00951,65+,Midwest,mens_tops,22,L,S
P00952,55-64,Southeast,womens_dresses,12,XL,L
P00953,65+,Southeast,womens_tops,14,XL,M
P00954,45-54,Southeast,mens_bottoms,13,L,S
P00955,45-54,Southwest,mens_bottoms,16,M,S
P00956,45-54,Southwest,womens_bottoms,23,1X,L
P00957,65+,Northeast,mens_tops,24,XL,L
P00958,65+,Northeast,mens_tops,21,L,XS
P00959,55-64,Northeast,womens_bottoms,13,2X,1X
P00960,25-34,Southwest,womens_bottoms,19,1X,1X
P00961,25-34,Southeast,womens_bottoms,11,1X,1X
P00962,25-34,Midwest,mens_tops,8,M,M
P00963,25-34,Midwest,womens_tops,24,XL,M
P00964,25-34,Northeast,womens_dresses,12,M,M
P00965,65+,Southeast,womens_tops,3,S,S
P00966,45-54,Northeast,mens_tops,8,1X,M
P00967,55-64,West,womens_tops,13,3X+,1X
P00968,55-64,Southwest,womens_bottoms,3,1X,1X
P00969,65+,Southeast,womens_dresses,9,1X,XL
P00970,65+,Southwest,mens_tops,3,2X,2X
P00971,35-44,West,mens_tops,14,M,S
P00972,45-54,Midwest,mens_bottoms,5,XL,XL
P00973,25-34,West,womens_dresses,4,XL,S
P00974,25-34,Midwest,mens_bottoms,12,1X,L
P00975,55-64,Midwest,womens_tops,21,L,S
P00976,45-54,West,womens_tops,17,M,XS
P00977,35-44,Northeast,womens_bottoms,9,XL,XL
P00978,25-34,West,mens_bottoms,4,1X,XL
P00979,25-34,Northeast,womens_dresses,7,L,L
P00980,35-44,Midwest,womens_dresses,14,L,M
P00981,35-44,Midwest,womens_dresses,16,XL,L
P00982,55-64,Southeast,mens_tops,22,1X,XL
P00983,45-54,Southwest,mens_bottoms,24,XL,S
P00984,55-64,Northeast,mens_bottoms,5,M,S
P00985,25-34,Midwest,mens_bottoms,24,1X,1X
P00986,65+,Midwest,womens_bottoms,14,1X,M
P00987,35-44,Northeast,womens_dresses,7,L,S
P00988,55-64,Southeast,mens_bottoms,21,L,XS
P00989,35-44,Southeast,womens_bottoms,3,2X,1X
P00990,55-64,West,mens_bottoms,16,M,XS
P00991,55-64,West,mens_tops,11,M,S
P00992,55-64,West,mens_bottoms,20,L,S
P00993,65+,Southeast,womens_dresses,17,M,XS
P00994,25-34,Southwest,mens_tops,4,2X,2X
P00995,65+,West,womens_bottoms,13,2X,1X
P00996,25-34,West,womens_tops,5,L,L
P00997,45-54,Northeast,mens_tops,14,1X,M
P00998,35-44,Southeast,womens_bottoms,18,S,XS
P00999,65+,Southwest,womens_tops,8,XL,L
P01000,25-34,Northeast,womens_dresses,19,XL,M
P01001,65+,Southwest,womens_dresses,23,XL,M
P01002,65+,Midwest,womens_dresses,17,XL,S
P01003,55-64,Southeast,mens_bottoms,19,L,M
P01004,45-54,Southwest,womens_dresses,18,L,XS
P01005,25-34,Southwest,womens_bottoms,7,1X,XL
P01006,55-64,Northeast,mens_tops,13,2X,1X
P01007,45-54,West,womens_bottoms,3,2X,1X
P01008,25-34,Midwest,womens_tops,5,1X,XL
P01009,55-64,West,mens_bottoms,12,M,XS
P01010,45-54,Southwest,womens_tops,6,M,S
P01011,45-54,Midwest,mens_bottoms,19,2X,2X
P01012,45-54,West,mens_tops,10,XL,L
P01013,25-34,Midwest,mens_bottoms,7,1X,XL
P01014,25-34,Southeast,womens_dresses,13,XL,S
P01015,35-44,Northeast,womens_bottoms,17,M,S
P01016,55-64,West,womens_bottoms,22,2X,1X
P01017,55-64,Southwest,womens_tops,13,XL,M
P01018,45-54,Southeast,mens_tops,17,S,XS
P01019,45-54,Midwest,womens_dresses,11,M,XS
P01020,55-64,Southwest,mens_tops,11,XL,M
P01021,65+,Southwest,womens_bottoms,14,L,L
P01022,25-34,Southeast,womens_tops,19,S,S
P01023,35-44,West,womens_dresses,9,L,M
P01024,25-34,Northeast,mens_bottoms,9,XL,XL
P01025,35-44,Northeast,womens_dresses,18,3X+,3X+
P01026,65+,Northeast,mens_tops,8,L,M
P01027,25-34,Southwest,womens_dresses,12,1X,XL
P01028,25-34,Midwest,womens_dresses,5,M,M
P01029,65+,Northeast,womens_tops,16,3X+,1X
P01030,25-34,Southeast,mens_tops,17,1X,XL
P01031,45-54,Midwest,womens_dresses,17,S,XS
P01032,25-34,Northeast,mens_bottoms,15,M,S
P01033,55-64,Northeast,womens_bottoms,12,1X,M
P01034,55-64,Northeast,womens_dresses,11,2X,1X
P01035,45-54,Midwest,womens_tops,11,XL,M
P01036,25-34,Northeast,womens_dresses,13,L,M
P01037,45-54,Midwest,mens_bottoms,18,3X+,2X
P01038,65+,Northeast,mens_bottoms,15,XL,XL
P01039,25-34,West,womens_bottoms,17,3X+,2X
P01040,65+,West,mens_bottoms,3,1X,1X
P01041,45-54,Southeast,mens_tops,7,M,M
P01042,45-54,Midwest,womens_bottoms,21,3X+,1X
P01043,65+,Southwest,womens_tops,7,L,L
P01044,65+,Northeast,womens_tops,13,M,S
P01045,45-54,West,mens_tops,20,M,XS
P01046,35-44,Southwest,mens_bottoms,16,2X,XL
P01047,55-64,Northeast,mens_bottoms,14,M,XS
P01048,55-64,Southwest,mens_bottoms,4,M,S
P01049,55-64,West,mens_bottoms,11,3X+,2X
P01050,65+,Midwest,womens_dresses,16,3X+,1X
P01051,65+,Southeast,womens_tops,21,2X,L
P01052,45-54,West,womens_tops,17,1X,M
P01053,65+,Midwest,mens_tops,3,1X,XL
P01054,65+,West,womens_tops,11,3X+,XL
P01055,45-54,Southeast,womens_dresses,9,XL,XL
P01056,55-64,Southeast,womens_dresses,3,XL,L
P01057,65+,Southeast,mens_tops,9,1X,1X
P01058,55-64,Southwest,womens_bottoms,4,L,L
P01059,65+,West,mens_bottoms,4,1X,XL
P01060,45-54,Southeast,mens_bottoms,8,L,S
P01061,25-34,Northeast,mens_tops,18,L,M
P01062,25-34,Midwest,mens_tops,19,XL,XL
P01063,45-54,West,mens_bottoms,21,1X,M
P01064,65+,Southeast,womens_tops,20,2X,L
P01065,25-34,Midwest,womens_bottoms,23,L,L
P01066,45-54,Northeast,womens_dresses,18,2X,1X
P01067,65+,West,womens_tops,20,M,S
P01068,45-54,Northeast,mens_tops,6,3X+,2X
P01069,55-64,Southwest,womens_tops,20,M,XS
P01070,55-64,Southeast,womens_tops,18,3X+,1X
P01071,45-54,West,mens_bottoms,20,L,M
P01072,65+,Southeast,womens_bottoms,3,XL,L
P01073,45-54,Southeast,mens_bottoms,11,3X+,2X
P01074,35-44,Midwest,womens_bottoms,19,3X+,XL
P01075,25-34,Northeast,womens_dresses,14,XL,XL
P01076,35-44,West,womens_dresses,12,L,M
P01077,55-64,Southwest,mens_bottoms,19,L,S
P01078,55-64,Southwest,womens_tops,16,1X,1X
P01079,25-34,Southeast,womens_dresses,24,L,XS
P01080,45-54,Southeast,mens_bottoms,14,L,S
P01081,65+,Southwest,mens_bottoms,21,L,S
P01082,55-64,Midwest,womens_tops,14,2X,XL
P01083,25-34,Southwest,womens_tops,24,3X+,2X
P01084,45-54,Midwest,womens_dresses,21,XL,M
P01085,65+,West,mens_bottoms,23,L,S
P01086,65+,Southeast,mens_tops,20,M,S
P01087,35-44,West,womens_tops,23,3X+,3X+
P01088,25-34,West,womens_dresses,16,M,XS
P01089,25-34,Northeast,womens_tops,7,S,XS
P01090,45-54,Southwest,womens_tops,15,1X,XL
P01091,35-44,Southwest,mens_bottoms,19,XL,L
P01092,45-54,Southwest,womens_tops,22,3X+,1X
P01093,25-34,Southwest,mens_tops,23,S,XS
P01094,55-64,Southeast,womens_dresses,12,L,S
P01095,25-34,Southeast,mens_tops,10,S,XS
P01096,35-44,Northeast,mens_bottoms,9,XL,L
P01097,65+,Southwest,womens_dresses,22,1X,L
P01098,55-64,Southeast,womens_dresses,22,L,XS
P01099,55-64,Northeast,mens_bottoms,8,2X,L
P01100,55-64,West,womens_dresses,3,M,S
P01101,55-64,Southeast,mens_tops,24,1X,1X
P01102,35-44,Southwest,womens_bottoms,11,XL,M
P01103,35-44,West,womens_bottoms,21,L,L
P01104,65+,Southwest,mens_tops,11,M,M
P01105,55-64,Midwest,womens_bottoms,9,1X,XL
P01106,35-44,Southeast,womens_bottoms,3,1X,1X
P01107,25-34,Midwest,mens_tops,19,S,XS
P01108,45-54,Northeast,mens_tops,20,2X,1X
P01109,25-34,Southwest,womens_bottoms,7,L,M
P01110,65+,Southwest,womens_bottoms,23,3X+,2X
P01111,25-34,Southwest,womens_bottoms,12,L,L
P01112,45-54,West,mens_bottoms,22,XL,L
P01113,65+,Northeast,womens_tops,5,1X,M
P01114,65+,West,womens_bottoms,3,1X,XL
P01115,25-34,Southeast,mens_bottoms,8,L,M
P01116,65+,Southeast,mens_tops,12,1X,XL
P01117,35-44,Northeast,womens_bottoms,20,1X,M
P01118,35-44,Southeast,womens_dresses,9,1X,XL
P01119,45-54,Southeast,womens_tops,9,2X,XL
P01120,65+,Southeast,mens_tops,8,1X,1X
P01121,45-54,Southeast,womens_bottoms,23,M,XS
P01122,25-34,Southeast,womens_tops,14,XL,L
P01123,65+,Northeast,womens_bottoms,4,XL,M
P01124,55-64,Southwest,womens_bottoms,24,M,S
P01125,55-64,Southeast,womens_dresses,5,XL,XL
P01126,55-64,West,womens_bottoms,22,XS,XS
P01127,45-54,Southeast,womens_bottoms,21,L,S
P01128,45-54,Midwest,mens_bottoms,22,2X,XL
P01129,35-44,Midwest,mens_tops,22,3X+,3X+
P01130,45-54,West,mens_bottoms,8,3X+,1X
P01131,25-34,West,womens_dresses,11,L,S
P01132,65+,Northeast,mens_tops,18,L,S
P01133,65+,West,mens_bottoms,14,3X+,XL
P01134,55-64,Southwest,mens_tops,3,M,M
P01135,65+,Northeast,womens_bottoms,11,L,L
P01136,25-34,Southeast,womens_tops,3,2X,2X
P01137,45-54,Southwest,womens_dresses,7,1X,L
P01138,35-44,Southwest,mens_bottoms,11,XL,L
P01139,55-64,Southwest,womens_dresses,12,XL,XL
P01140,65+,Midwest,womens_bottoms,23,L,M
P01141,35-44,Northeast,womens_dresses,8,3X+,3X+
P01142,65+,Midwest,mens_tops,16,L,L
P01143,45-54,Midwest,womens_bottoms,10,XL,XL
P01144,25-34,Northeast,womens_dresses,20,1X,XL
P01145,55-64,Southeast,womens_tops,7,XL,L
P01146,65+,West,mens_bottoms,14,L,S
P01147,45-54,Midwest,mens_tops,23,XL,M
P01148,45-54,West,womens_bottoms,7,XL,XL
P01149,35-44,Northeast,womens_dresses,21,XL,S
P01150,65+,Midwest,mens_tops,10,1X,1X
P01151,65+,Northeast,mens_tops,5,3X+,3X+
P01152,55-64,Southwest,mens_tops,3,XS,XS
P01153,45-54,Northeast,mens_bottoms,6,L,L
P01154,65+,West,womens_dresses,20,L,S
P01155,55-64,West,womens_dresses,4,XS,XS
P01156,25-34,Midwest,womens_bottoms,23,S,XS
P01157,45-54,Midwest,mens_tops,18,2X,XL
P01158,35-44,Southwest,womens_tops,18,L,M
P01159,65+,Southwest,womens_bottoms,7,M,S
P01160,25-34,Northeast,mens_tops,12,L,S
P01161,45-54,Midwest,womens_dresses,3,S,S
P01162,65+,Northeast,mens_bottoms,13,1X,XL
P01163,25-34,Northeast,mens_tops,19,L,S
P01164,25-34,Southwest,mens_bottoms,12,L,L
P01165,25-34,Southeast,womens_bottoms,7,1X,XL
P01166,65+,Southwest,womens_dresses,13,L,S
P01167,45-54,Northeast,womens_bottoms,16,XL,M
P01168,25-34,Southeast,womens_dresses,12,2X,1X
P01169,45-54,Midwest,womens_bottoms,8,XL,M
P01170,35-44,Northeast,womens_tops,21,XL,XL
P01171,55-64,Southwest,mens_bottoms,3,S,XS
P01172,25-34,Southeast,mens_bottoms,12,L,XS
P01173,45-54,West,mens_tops,18,L,M
P01174,35-44,West,womens_tops,11,M,XS
P01175,25-34,Northeast,womens_tops,10,L,L
P01176,55-64,Northeast,womens_bottoms,18,2X,L
P01177,35-44,Southeast,mens_tops,16,1X,XL
P01178,35-44,West,mens_bottoms,20,M,M
P01179,55-64,West,womens_dresses,13,2X,XL
P01180,35-44,Southwest,womens_dresses,23,L,XS
P01181,65+,Midwest,womens_bottoms,11,1X,XL
P01182,45-54,Northeast,womens_tops,9,1X,XL
P01183,35-44,Southwest,womens_dresses,13,XL,XL
P01184,55-64,Southeast,mens_bottoms,16,1X,L
P01185,45-54,Northeast,mens_tops,7,XL,L
P01186,45-54,Midwest,mens_bottoms,8,M,XS
P01187,45-54,Midwest,womens_dresses,22,XL,L
P01188,45-54,Southwest,womens_bottoms,4,XL,XL
P01189,25-34,Southeast,womens_bottoms,10,L,S
P01190,25-34,Midwest,mens_bottoms,20,1X,L
P01191,35-44,Midwest,womens_tops,21,M,XS
P01192,65+,Midwest,mens_bottoms,24,1X,XL
P01193,65+,Southeast,womens_dresses,14,L,M
P01194,45-54,Northeast,womens_tops,20,3X+,XL
P01195,65+,Southeast,womens_dresses,17,L,S
P01196,45-54,Midwest,mens_tops,3,XL,XL
P01197,25-34,Midwest,mens_tops,24,M,XS
P01198,45-54,Midwest,womens_dresses,20,XL,L
P01199,35-44,Northeast,mens_bottoms,15,3X+,2X
P01200,45-54,West,womens_bottoms,6,3X+,3X+
P01201,65+,Midwest,womens_bottoms,13,1X,XL
P01202,55-64,Northeast,womens_dresses,4,XL,XL
P01203,65+,Midwest,mens_bottoms,21,2X,XL
P01204,55-64,Midwest,mens_bottoms,4,M,M
P01205,35-44,Southeast,womens_bottoms,8,L,S
P01206,25-34,Southeast,mens_bottoms,19,XL,M
P01207,35-44,Southwest,womens_dresses,7,XL,XL
P01208,45-54,Southwest,mens_bottoms,18,1X,XL
P01209,25-34,Southwest,mens_bottoms,21,M,S
P01210,25-34,West,mens_tops,10,XL,L
P01211,25-34,Southeast,mens_tops,19,XL,L
P01212,65+,Southwest,womens_bottoms,13,L,XS
P01213,55-64,Midwest,womens_dresses,12,1X,1X
P01214,25-34,West,mens_tops,24,3X+,XL
P01215,55-64,Northeast,womens_tops,10,XL,L
P01216,45-54,West,womens_tops,8,1X,L
P01217,55-64,Midwest,womens_tops,10,XL,L
P01218,35-44,Midwest,womens_tops,20,L,XS
P01219,25-34,Southeast,mens_tops,8,L,M
P01220,25-34,West,mens_bottoms,15,M,XS
P01221,35-44,Southwest,mens_bottoms,7,L,S
P01222,35-44,Southeast,mens_bottoms,8,S,XS
P01223,55-64,Southwest,womens_dresses,12,S,XS
P01224,25-34,Midwest,womens_dresses,21,L,M
P01225,65+,West,mens_bottoms,13,1X,XL
P01226,55-64,Southeast,womens_dresses,13,2X,1X
P01227,45-54,Midwest,womens_dresses,14,M,M
P01228,25-34,Southeast,mens_tops,16,3X+,2X
P01229,45-54,West,womens_tops,3,XL,M
P01230,25-34,Northeast,mens_tops,15,M,XS
P01231,25-34,Northeast,mens_tops,10,3X+,2X
P01232,45-54,Midwest,mens_tops,24,L,L
P01233,35-44,Southwest,mens_bottoms,10,S,XS
P01234,35-44,Southeast,mens_bottoms,5,2X,2X
P01235,65+,Midwest,mens_bottoms,16,XL,XL
P01236,25-34,Northeast,womens_bottoms,23,XL,M
P01237,55-64,Northeast,womens_bottoms,22,XL,L
P01238,55-64,Midwest,mens_tops,20,2X,L
P01239,55-64,West,womens_tops,20,M,XS
P01240,25-34,Southeast,womens_bottoms,24,L,M
P01241,25-34,Southeast,mens_bottoms,7,S,XS
P01242,25-34,Midwest,womens_dresses,17,M,S
P01243,55-64,West,womens_bottoms,21,1X,1X
P01244,35-44,Southeast,mens_bottoms,19,L,XS
P01245,25-34,Midwest,womens_bottoms,8,2X,XL
P01246,25-34,Midwest,mens_tops,22,1X,XL
P01247,55-64,Midwest,womens_dresses,18,2X,1X
P01248,55-64,Southeast,mens_tops,15,1X,1X
P01249,45-54,Midwest,mens_tops,23,2X,1X
P01250,55-64,West,mens_tops,21,3X+,2X
P01251,65+,Northeast,mens_bottoms,4,3X+,3X+
P01252,55-64,Southeast,womens_bottoms,3,1X,L
P01253,25-34,Midwest,mens_tops,23,2X,XL
P01254,55-64,Midwest,mens_bottoms,21,XL,S
P01255,55-64,Midwest,mens_bottoms,23,1X,L
P01256,35-44,Southeast,womens_bottoms,8,XL,M
P01257,65+,Southeast,mens_bottoms,6,XL,L
P01258,55-64,Southeast,mens_tops,11,1X,1X
P01259,45-54,Southeast,womens_dresses,11,1X,XL
P01260,25-34,Southeast,womens_bottoms,3,XL,XL
P01261,25-34,Southeast,mens_tops,21,XL,L
P01262,65+,Southwest,womens_bottoms,19,XL,S
P01263,55-64,Midwest,mens_tops,14,XS,XS
P01264,55-64,Midwest,womens_dresses,20,2X,2X
P01265,35-44,Southwest,womens_dresses,23,2X,L
P01266,65+,West,womens_bottoms,7,XL,L
P01267,25-34,Southeast,womens_dresses,18,M,S
P01268,45-54,West,womens_tops,13,M,M
P01269,65+,Southeast,mens_tops,13,1X,M
P01270,45-54,Midwest,mens_bottoms,5,XS,XS
P01271,55-64,Northeast,mens_tops,3,3X+,3X+
P01272,35-44,Northeast,mens_bottoms,16,XS,XS
P01273,45-54,Northeast,womens_bottoms,13,3X+,1X
P01274,65+,Midwest,womens_bottoms,5,L,S
P01275,65+,West,womens_dresses,23,L,S
P01276,55-64,Southwest,womens_tops,9,2X,2X
P01277,25-34,Midwest,womens_bottoms,4,1X,L
P01278,25-34,West,womens_bottoms,5,XL,S
P01279,65+,Southwest,mens_tops,4,XL,L
P01280,45-54,Northeast,mens_tops,6,XL,XL
P01281,45-54,Midwest,mens_tops,21,2X,XL
P01282,65+,Southeast,mens_tops,10,M,XS
P01283,35-44,Southwest,womens_bottoms,14,3X+,2X
P01284,65+,Northeast,mens_tops,14,1X,1X
P01285,25-34,Midwest,womens_dresses,5,L,XS
P01286,25-34,Southwest,mens_tops,4,XL,M
P01287,55-64,Midwest,womens_tops,20,1X,XL
P01288,35-44,Northeast,womens_tops,15,M,M
P01289,55-64,West,mens_bottoms,5,XL,M
P01290,65+,Midwest,womens_dresses,14,L,M
P01291,25-34,Southwest,womens_bottoms,23,L,S
P01292,35-44,Southeast,womens_bottoms,3,XL,L
P01293,45-54,Southeast,mens_tops,13,XL,M
P01294,65+,Northeast,womens_dresses,5,XS,XS
P01295,35-44,West,womens_dresses,15,2X,1X
P01296,65+,Northeast,mens_bottoms,10,S,XS
P01297,65+,Northeast,womens_tops,3,XL,XL
P01298,55-64,Southwest,mens_bottoms,15,1X,L
P01299,35-44,West,womens_tops,18,XL,XL
P01300,25-34,Southeast,mens_tops,9,XL,M
P01301,55-64,Midwest,mens_bottoms,18,XL,M
P01302,65+,Southeast,womens_tops,12,XL,M
P01303,65+,West,womens_bottoms,7,M,XS
P01304,25-34,Southeast,mens_bottoms,12,1X,L
P01305,65+,Southwest,womens_tops,24,XL,M
P01306,25-34,West,womens_dresses,17,2X,1X
P01307,65+,West,womens_tops,12,XL,M
P01308,35-44,Midwest,womens_bottoms,8,L,L
P01309,35-44,West,womens_dresses,3,3X+,3X+
P01310,35-44,Midwest,womens_bottoms,8,3X+,2X
P01311,45-54,Northeast,mens_tops,23,L,M
P01312,55-64,Midwest,womens_dresses,8,2X,1X
P01313,35-44,Northeast,womens_tops,11,XL,S
P01314,45-54,Northeast,mens_tops,20,2X,XL
P01315,45-54,Southeast,womens_bottoms,19,2X,XL
P01316,65+,Southeast,womens_bottoms,17,XL,M
P01317,35-44,Southwest,womens_bottoms,10,S,XS
P01318,25-34,West,womens_dresses,9,M,S
P01319,25-34,Southwest,womens_bottoms,17,M,S
P01320,25-34,Northeast,mens_bottoms,5,1X,XL
P01321,25-34,Midwest,womens_dresses,4,XL,M
P01322,45-54,Southwest,womens_bottoms,12,XL,L
P01323,35-44,Northeast,womens_tops,6,L,L
P01324,55-64,West,womens_bottoms,12,2X,M
P01325,45-54,Midwest,womens_tops,16,M,S
P01326,25-34,Southeast,mens_tops,11,L,M
P01327,55-64,Southwest,mens_bottoms,4,3X+,2X
P01328,45-54,Southwest,womens_bottoms,21,XL,XL
P01329,45-54,West,womens_dresses,16,3X+,1X
P01330,45-54,Southeast,womens_tops,15,2X,1X
P01331,35-44,Southeast,mens_bottoms,10,L,M
P01332,35-44,Midwest,mens_tops,19,2X,XL
P01333,65+,Northeast,mens_bottoms,20,S,XS
P01334,35-44,Northeast,womens_dresses,6,L,S
P01335,45-54,West,womens_dresses,6,M,XS
P01336,45-54,Southeast,womens_tops,3,M,S
P01337,65+,Midwest,mens_bottoms,7,XL,M
P01338,65+,Midwest,mens_tops,18,1X,XL
P01339,45-54,Northeast,mens_tops,3,1X,1X
P01340,65+,Midwest,womens_bottoms,10,XL,M
P01341,35-44,Southeast,mens_bottoms,8,L,L
P01342,65+,West,womens_bottoms,23,1X,XL
P01343,55-64,Northeast,mens_bottoms,23,L,L
P01344,45-54,Southeast,mens_tops,3,L,M
P01345,55-64,Southeast,mens_tops,22,2X,2X
P01346,25-34,Southeast,mens_bottoms,14,M,M
P01347,65+,Midwest,womens_dresses,18,XL,L
P01348,35-44,Southeast,womens_dresses,24,XL,S
P01349,45-54,West,womens_bottoms,23,S,S
P01350,25-34,Midwest,womens_dresses,9,L,M
P01351,25-34,Southeast,womens_tops,20,S,XS
P01352,45-54,Midwest,mens_tops,6,XL,L
P01353,35-44,Midwest,womens_tops,17,XL,XL
P01354,55-64,West,mens_tops,21,2X,XL
P01355,35-44,West,womens_tops,11,XL,M
P01356,65+,West,womens_bottoms,21,3X+,3X+
P01357,55-64,Southeast,mens_tops,19,XL,L
P01358,65+,West,mens_bottoms,21,L,M
P01359,35-44,Northeast,mens_bottoms,12,1X,XL
P01360,55-64,Midwest,womens_bottoms,16,1X,1X
P01361,55-64,Midwest,mens_tops,22,L,S
P01362,55-64,Midwest,womens_dresses,3,M,XS
P01363,55-64,West,womens_dresses,15,M,XS
P01364,55-64,West,mens_bottoms,4,L,L
P01365,55-64,Southeast,mens_tops,24,M,M
P01366,35-44,Southwest,womens_dresses,22,XL,M
P01367,65+,Northeast,womens_dresses,10,XS,XS
P01368,25-34,Southeast,mens_tops,15,M,XS
P01369,45-54,Southwest,mens_bottoms,13,M,M
P01370,45-54,Northeast,mens_tops,22,XS,XS
P01371,45-54,Northeast,womens_tops,13,2X,1X
P01372,65+,Southeast,womens_dresses,21,XL,L
P01373,25-34,Southeast,mens_tops,11,2X,XL
P01374,35-44,Northeast,mens_bottoms,10,XL,L
P01375,25-34,Northeast,mens_bottoms,4,2X,2X
P01376,35-44,West,womens_dresses,15,M,S
P01377,45-54,West,mens_tops,8,2X,XL
P01378,55-64,Northeast,mens_tops,6,S,S
P01379,55-64,Midwest,mens_bottoms,3,2X,1X
P01380,35-44,Northeast,womens_tops,15,L,S
P01381,35-44,Southeast,mens_tops,7,L,M
P01382,65+,Southeast,womens_dresses,21,S,XS
P01383,55-64,West,womens_dresses,17,XL,M
P01384,25-34,West,womens_tops,9,2X,2X
P01385,65+,Southwest,womens_dresses,8,1X,L
P01386,35-44,West,mens_bottoms,18,XL,XL
P01387,65+,Northeast,mens_bottoms,13,1X,L
P01388,25-34,West,mens_bottoms,15,2X,1X
P01389,55-64,Midwest,womens_tops,9,L,M
P01390,55-64,West,womens_bottoms,5,S,S
P01391,35-44,Southwest,mens_tops,6,3X+,3X+
P01392,25-34,West,womens_dresses,20,S,XS
P01393,25-34,Southeast,womens_bottoms,14,XL,M
P01394,25-34,West,mens_bottoms,4,XL,L
P01395,25-34,Midwest,womens_dresses,4,1X,1X
P01396,45-54,Midwest,mens_bottoms,21,2X,2X
P01397,35-44,Midwest,womens_bottoms,24,S,XS
P01398,45-54,Southwest,mens_tops,18,XS,XS
P01399,25-34,Southwest,womens_dresses,20,L,XS
P01400,65+,West,mens_bottoms,8,1X,XL
P01401,55-64,West,mens_bottoms,13,1X,XL
P01402,55-64,Southwest,mens_tops,24,XL,L
P01403,65+,Southwest,womens_tops,8,L,S
P01404,45-54,Southwest,womens_bottoms,11,1X,L
P01405,55-64,Southeast,mens_tops,21,XL,S
P01406,65+,Midwest,mens_bottoms,7,L,L
P01407,55-64,Midwest,womens_bottoms,8,L,M
P01408,65+,West,womens_dresses,9,S,XS
P01409,25-34,Midwest,womens_bottoms,24,XL,M
P01410,65+,Southeast,mens_bottoms,5,2X,2X
P01411,45-54,Midwest,womens_dresses,5,L,M
P01412,45-54,Southwest,womens_tops,7,XL,M
P01413,35-44,West,womens_dresses,16,S,XS
P01414,55-64,Northeast,mens_bottoms,15,1X,XL
P01415,45-54,West,womens_dresses,19,3X+,3X+
P01416,55-64,West,womens_bottoms,23,1X,L
P01417,65+,Midwest,womens_dresses,16,XL,L
P01418,25-34,West,womens_tops,12,2X,2X
P01419,25-34,West,mens_bottoms,17,L,S
P01420,55-64,Midwest,womens_bottoms,11,XS,XS
P01421,25-34,Southwest,womens_bottoms,24,L,M
P01422,25-34,Southeast,mens_tops,16,XL,L
P01423,35-44,Southeast,mens_tops,12,3X+,1X
P01424,55-64,Midwest,womens_dresses,7,S,XS
P01425,35-44,Southwest,womens_dresses,3,3X+,2X
P01426,45-54,Northeast,womens_bottoms,19,2X,1X
P01427,25-34,Southeast,womens_tops,20,1X,XL
P01428,45-54,Southwest,mens_bottoms,9,XL,XL
P01429,25-34,Southwest,womens_tops,3,L,S
P01430,55-64,Northeast,womens_dresses,17,XL,M
P01431,55-64,Southeast,womens_tops,20,L,S
P01432,25-34,Northeast,mens_tops,15,L,L
P01433,35-44,Northeast,womens_tops,10,XL,L
P01434,55-64,Midwest,womens_tops,12,1X,1X
P01435,35-44,West,womens_bottoms,7,1X,XL
P01436,35-44,Southeast,womens_dresses,3,XL,M
P01437,45-54,West,womens_bottoms,21,XL,L
P01438,65+,Northeast,womens_bottoms,9,1X,M
P01439,55-64,Southeast,mens_tops,16,1X,XL
P01440,65+,West,womens_bottoms,19,L,S
P01441,55-64,Northeast,womens_tops,18,XL,L
P01442,65+,Midwest,womens_tops,3,1X,XL
P01443,55-64,Southeast,mens_tops,18,M,XS
P01444,25-34,Southwest,mens_bottoms,11,L,M
P01445,55-64,West,womens_bottoms,4,L,L
P01446,55-64,West,womens_tops,3,M,M
P01447,45-54,Southwest,mens_bottoms,19,1X,M
P01448,55-64,Northeast,womens_dresses,6,XS,XS
P01449,45-54,Southwest,womens_tops,21,L,S
P01450,25-34,Midwest,womens_dresses,15,1X,1X
P01451,35-44,West,womens_bottoms,15,XL,S
P01452,25-34,West,mens_tops,21,2X,1X
P01453,45-54,Southwest,womens_dresses,9,XL,L
P01454,55-64,West,womens_tops,9,XL,L
P01455,45-54,Midwest,mens_bottoms,16,XL,M
P01456,35-44,West,womens_dresses,6,2X,2X
P01457,65+,West,mens_bottoms,8,L,L
P01458,45-54,West,womens_bottoms,15,XL,S
P01459,55-64,Southwest,womens_tops,11,M,S
P01460,55-64,Midwest,womens_dresses,16,XL,M
P01461,25-34,West,womens_tops,22,XL,L
P01462,35-44,Midwest,womens_tops,11,2X,XL
P01463,45-54,Southwest,womens_tops,4,XL,L
P01464,25-34,West,mens_tops,10,M,XS
P01465,65+,Northeast,womens_dresses,22,S,XS
P01466,45-54,Southeast,womens_tops,23,1X,XL
P01467,45-54,West,womens_dresses,14,2X,L
P01468,55-64,Southwest,womens_dresses,12,S,XS
P01469,55-64,Midwest,womens_dresses,3,L,S
P01470,25-34,Southwest,mens_tops,18,L,L
P01471,45-54,Northeast,womens_bottoms,12,XL,XL
P01472,65+,Southwest,womens_bottoms,3,3X+,3X+
P01473,35-44,West,mens_tops,23,M,XS
P01474,35-44,West,mens_tops,6,XL,L
P01475,25-34,West,womens_bottoms,8,2X,XL
P01476,65+,Midwest,womens_tops,20,1X,M
P01477,25-34,Southeast,mens_tops,9,XL,L
P01478,45-54,Southwest,mens_tops,13,L,M
P01479,25-34,Midwest,womens_bottoms,24,XL,M
P01480,25-34,West,mens_bottoms,18,1X,XL
P01481,65+,Southwest,womens_dresses,14,1X,XL
P01482,35-44,Southwest,womens_dresses,10,S,S
P01483,45-54,Southeast,womens_dresses,18,XL,M
P01484,25-34,West,mens_tops,17,XL,M
P01485,55-64,Southwest,womens_dresses,23,2X,1X
P01486,25-34,West,mens_bottoms,5,1X,XL
P01487,55-64,Northeast,mens_bottoms,22,L,M
P01488,25-34,West,mens_bottoms,24,L,S
P01489,65+,Midwest,mens_tops,16,L,M
P01490,65+,Southwest,womens_bottoms,21,1X,XL
P01491,25-34,Midwest,womens_tops,8,L,S
P01492,45-54,Southeast,womens_dresses,3,XL,M
P01493,35-44,Southwest,womens_bottoms,13,2X,1X
P01494,65+,West,mens_bottoms,13,L,M
P01495,45-54,Midwest,mens_bottoms,19,M,XS
P01496,45-54,Southwest,womens_dresses,17,XL,L
P01497,45-54,Northeast,womens_bottoms,6,XL,L
P01498,45-54,Northeast,mens_tops,13,XL,L
P01499,45-54,Midwest,mens_tops,11,1X,XL
P01500,35-44,Midwest,womens_tops,16,M,XS
P01501,35-44,Northeast,mens_tops,11,2X,1X
P01502,55-64,West,mens_tops,20,L,XS
P01503,65+,Southeast,womens_dresses,6,2X,XL
P01504,45-54,Northeast,womens_bottoms,3,2X,1X
P01505,25-34,Midwest,womens_bottoms,19,XS,XS
P01506,25-34,West,mens_tops,17,L,XS
P01507,35-44,Midwest,womens_dresses,10,2X,XL
P01508,35-44,Southwest,womens_dresses,22,2X,XL
P01509,35-44,West,womens_tops,11,M,XS
P01510,25-34,Midwest,womens_tops,11,S,S
P01511,35-44,Southeast,womens_bottoms,17,1X,XL
P01512,25-34,Midwest,mens_tops,18,XL,XL
P01513,25-34,Midwest,womens_bottoms,20,XL,XL
P01514,45-54,West,womens_tops,15,L,S
P01515,35-44,Midwest,womens_tops,20,2X,1X
P01516,55-64,West,womens_tops,6,XL,L
P01517,55-64,Northeast,mens_tops,14,XL,L
P01518,35-44,Southwest,mens_bottoms,19,M,S
P01519,65+,Southeast,womens_dresses,17,XL,M
P01520,25-34,Northeast,mens_tops,3,L,L
P01521,25-34,West,womens_dresses,22,S,XS
P01522,25-34,Southeast,womens_dresses,20,S,XS
P01523,55-64,Northeast,womens_tops,9,3X+,L
P01524,35-44,West,womens_dresses,6,XL,M
P01525,45-54,Southeast,womens_dresses,5,3X+,1X
P01526,45-54,Northeast,mens_tops,8,L,XS
P01527,65+,West,mens_tops,21,S,XS
P01528,25-34,Northeast,mens_bottoms,13,S,XS
P01529,35-44,Southwest,womens_tops,6,1X,L
P01530,35-44,West,mens_bottoms,21,2X,L
P01531,55-64,Northeast,mens_bottoms,12,L,S
P01532,65+,Southeast,mens_bottoms,19,L,S
P01533,65+,Southeast,womens_tops,21,3X+,2X
P01534,45-54,West,womens_bottoms,7,1X,XL
P01535,55-64,West,womens_dresses,14,1X,XL
P01536,35-44,Southeast,womens_bottoms,10,1X,L
P01537,65+,West,womens_bottoms,12,1X,L
P01538,65+,Southwest,mens_bottoms,16,XL,L
P01539,45-54,Southeast,mens_bottoms,17,S,XS
P01540,65+,West,womens_bottoms,7,3X+,2X
P01541,45-54,Southwest,mens_tops,3,1X,XL
P01542,35-44,Northeast,mens_tops,17,XL,S
P01543,35-44,Southeast,womens_tops,23,L,XS
P01544,55-64,Southeast,mens_bottoms,12,XS,XS
P01545,55-64,Southeast,womens_dresses,19,L,M
P01546,45-54,Southeast,mens_tops,16,L,S
P01547,25-34,West,mens_tops,24,1X,L
P01548,35-44,Southeast,womens_dresses,9,XL,XL
P01549,65+,Southeast,womens_bottoms,11,1X,XL
P01550,25-34,West,womens_bottoms,11,XL,S
P01551,25-34,West,mens_bottoms,10,2X,2X
P01552,25-34,Southwest,womens_dresses,14,3X+,2X
P01553,65+,Southwest,womens_dresses,5,XL,L
P01554,55-64,Northeast,womens_bottoms,15,M,S
P01555,25-34,West,mens_tops,8,M,S
P01556,25-34,Midwest,womens_dresses,19,S,XS
P01557,55-64,Southwest,womens_tops,18,XL,XL
P01558,55-64,Southwest,womens_bottoms,6,1X,L
P01559,45-54,Southeast,mens_bottoms,6,M,S
P01560,55-64,West,womens_tops,15,XL,L
P01561,25-34,West,womens_dresses,13,1X,M
P01562,45-54,Southeast,womens_bottoms,14,1X,L
P01563,35-44,Northeast,womens_dresses,19,XL,XL
P01564,25-34,West,mens_tops,9,XL,L
P01565,45-54,West,mens_bottoms,23,3X+,1X
P01566,55-64,Northeast,womens_dresses,23,2X,XL
P01567,35-44,Southeast,womens_tops,20,3X+,1X
P01568,35-44,West,mens_bottoms,12,2X,1X
P01569,35-44,Southeast,womens_dresses,14,L,M
P01570,65+,Midwest,womens_tops,8,1X,XL
P01571,25-34,Southwest,womens_tops,17,XL,S
P01572,35-44,West,mens_tops,16,1X,1X
P01573,45-54,Northeast,womens_bottoms,13,XL,L
P01574,25-34,Northeast,womens_dresses,13,L,S
P01575,65+,Midwest,mens_tops,16,L,S
P01576,65+,West,womens_dresses,9,2X,2X
P01577,25-34,Southwest,mens_tops,11,1X,1X
P01578,25-34,West,mens_bottoms,22,XL,L
P01579,35-44,Northeast,womens_bottoms,6,M,XS
P01580,35-44,Midwest,mens_tops,17,1X,XL
P01581,35-44,West,womens_tops,23,L,L
P01582,45-54,Southeast,mens_tops,14,L,M
P01583,65+,Northeast,mens_bottoms,21,2X,1X
P01584,65+,Southeast,womens_dresses,3,L,L
P01585,45-54,Northeast,mens_bottoms,3,XL,L
P01586,55-64,Northeast,mens_bottoms,14,XL,L
P01587,35-44,Northeast,mens_bottoms,21,XS,XS
P01588,35-44,Northeast,mens_bottoms,16,M,XS
P01589,25-34,Southwest,womens_dresses,17,XL,M
P01590,65+,Southwest,mens_bottoms,6,M,M
P01591,55-64,West,womens_tops,9,S,S
P01592,55-64,Southwest,womens_bottoms,3,L,M
P01593,65+,Southwest,mens_bottoms,15,2X,XL
P01594,65+,Southwest,womens_dresses,6,1X,1X
P01595,35-44,Southeast,womens_bottoms,15,M,S
P01596,35-44,Midwest,mens_tops,16,L,S
P01597,25-34,Southwest,womens_tops,15,2X,L
P01598,25-34,West,womens_bottoms,21,1X,1X
P01599,55-64,West,mens_tops,7,XL,L
P01600,55-64,West,womens_tops,18,M,S
P01601,45-54,West,womens_tops,20,3X+,XL
P01602,55-64,Northeast,womens_dresses,4,XL,M
P01603,25-34,Midwest,womens_dresses,8,2X,1X
P01604,35-44,Southeast,mens_bottoms,19,L,S
P01605,55-64,Southwest,womens_tops,23,M,S
P01606,65+,Northeast,womens_tops,12,S,XS
P01607,25-34,Southwest,womens_dresses,10,3X+,3X+
P01608,55-64,Southwest,womens_tops,17,XL,M
P01609,25-34,Midwest,womens_dresses,6,M,S
P01610,65+,Southeast,mens_tops,20,L,M
P01611,55-64,Southeast,mens_bottoms,7,L,L
P01612,35-44,Southwest,mens_bottoms,19,XL,L
P01613,25-34,Midwest,womens_dresses,7,L,M
P01614,35-44,West,womens_tops,14,2X,XL
P01615,25-34,Southwest,mens_tops,12,S,XS
P01616,25-34,Midwest,mens_bottoms,5,L,M
P01617,45-54,West,mens_bottoms,14,S,XS
P01618,65+,Northeast,womens_tops,18,M,XS
P01619,45-54,Southeast,womens_dresses,5,XL,XL
P01620,45-54,Southeast,mens_tops,7,M,S
P01621,55-64,Southeast,mens_bottoms,22,1X,XL
P01622,25-34,Southwest,mens_tops,6,XL,XL
P01623,35-44,Northeast,mens_tops,17,1X,M
P01624,45-54,Southeast,mens_bottoms,9,3X+,3X+
P01625,25-34,Southwest,mens_tops,9,1X,L
P01626,25-34,Midwest,mens_bottoms,17,M,S
P01627,25-34,Southwest,mens_bottoms,23,L,S
P01628,25-34,Northeast,mens_bottoms,20,XL,L
P01629,55-64,Southeast,mens_bottoms,21,L,M
P01630,25-34,Southeast,womens_tops,14,1X,L
P01631,65+,Northeast,womens_bottoms,10,2X,1X
P01632,55-64,Southeast,mens_tops,13,L,XS
P01633,65+,Midwest,womens_bottoms,20,L,M
P01634,25-34,Northeast,womens_dresses,8,XL,M
P01635,55-64,West,womens_dresses,11,L,M
P01636,45-54,Northeast,womens_dresses,14,L,L
P01637,45-54,Midwest,mens_tops,12,L,M
P01638,25-34,Southeast,womens_bottoms,17,1X,XL
P01639,45-54,West,mens_tops,22,2X,1X
P01640,55-64,Midwest,mens_bottoms,15,L,S
P01641,65+,West,womens_dresses,24,L,S
P01642,35-44,Midwest,womens_tops,7,1X,1X
P01643,55-64,West,womens_dresses,19,1X,L
P01644,65+,Midwest,womens_bottoms,17,2X,2X
P01645,65+,Southeast,mens_bottoms,20,1X,1X
P01646,25-34,Southwest,womens_dresses,21,L,S
P01647,35-44,Southwest,womens_bottoms,3,L,L
P01648,65+,Northeast,mens_bottoms,16,XL,L
P01649,45-54,Southwest,mens_tops,14,2X,L
P01650,45-54,West,womens_dresses,5,S,XS
P01651,25-34,Northeast,womens_tops,21,1X,M
P01652,35-44,Southeast,womens_dresses,24,1X,XL
P01653,45-54,West,womens_tops,24,1X,XL
P01654,55-64,Northeast,womens_bottoms,20,XL,M
P01655,55-64,Northeast,womens_dresses,9,1X,1X
P01656,45-54,Southwest,mens_bottoms,24,3X+,2X
P01657,25-34,West,mens_bottoms,5,1X,L
P01658,65+,Northeast,womens_tops,17,2X,XL
P01659,45-54,Midwest,womens_dresses,18,L,S
P01660,35-44,Southwest,mens_tops,23,L,S
P01661,25-34,Northeast,womens_tops,11,S,XS
P01662,45-54,Midwest,mens_tops,22,M,XS
P01663,35-44,Midwest,womens_tops,10,XS,XS
P01664,35-44,Southwest,mens_bottoms,3,1X,1X
P01665,55-64,West,womens_bottoms,10,XL,XL
P01666,25-34,Southwest,womens_dresses,9,XS,XS
P01667,45-54,West,mens_bottoms,6,3X+,3X+
P01668,25-34,Southwest,mens_tops,19,3X+,2X
P01669,65+,Northeast,womens_tops,8,2X,1X
P01670,35-44,Midwest,mens_bottoms,13,M,S
P01671,45-54,Northeast,womens_bottoms,3,XL,M
P01672,65+,Southeast,mens_bottoms,8,L,L
P01673,25-34,West,womens_bottoms,21,3X+,3X+
P01674,35-44,Southwest,womens_tops,16,1X,1X
P01675,25-34,Northeast,mens_bottoms,17,XL,M
P01676,45-54,Midwest,womens_dresses,18,1X,1X
P01677,55-64,Southeast,mens_tops,21,3X+,2X
P01678,65+,Southeast,womens_tops,19,1X,L
P01679,25-34,West,womens_dresses,3,3X+,3X+
P01680,45-54,Northeast,womens_bottoms,13,M,M
P01681,45-54,Midwest,mens_tops,13,2X,2X
P01682,35-44,Northeast,mens_tops,17,1X,L
P01683,55-64,Midwest,womens_tops,17,L,M
P01684,25-34,Midwest,womens_dresses,16,L,M
P01685,35-44,Southwest,mens_bottoms,4,1X,1X
P01686,35-44,Midwest,womens_bottoms,16,2X,1X
P01687,65+,Southwest,womens_dresses,10,L,L
P01688,45-54,Midwest,womens_tops,24,3X+,3X+
P01689,65+,Southwest,womens_bottoms,15,L,M
P01690,65+,Northeast,mens_bottoms,17,XL,M
P01691,55-64,Southeast,mens_tops,20,XL,M
P01692,35-44,West,womens_tops,9,1X,XL
P01693,35-44,West,womens_bottoms,24,L,M
P01694,35-44,Southwest,womens_dresses,5,1X,XL
P01695,55-64,West,womens_tops,20,XL,L
P01696,55-64,Southwest,mens_tops,16,S,S
P01697,45-54,West,womens_bottoms,15,1X,L
P01698,35-44,Southeast,womens_dresses,6,S,XS
P01699,65+,Southwest,womens_tops,11,L,S
P01700,35-44,West,womens_dresses,21,L,M
P01701,65+,Midwest,womens_tops,17,M,XS
P01702,35-44,Southwest,womens_tops,10,1X,L
P01703,45-54,Southwest,womens_tops,5,2X,2X
P01704,45-54,Southeast,womens_tops,4,L,L
P01705,65+,West,womens_tops,5,L,S
P01706,65+,Southwest,womens_tops,18,1X,M
P01707,25-34,Midwest,womens_tops,4,L,L
P01708,65+,Southwest,womens_bottoms,11,2X,2X
P01709,55-64,Northeast,womens_bottoms,6,L,M
P01710,35-44,Southeast,mens_tops,18,1X,1X
P01711,65+,Midwest,womens_dresses,15,1X,XL
P01712,45-54,Southwest,womens_bottoms,7,L,S
P01713,45-54,Midwest,mens_bottoms,18,M,XS
P01714,45-54,Northeast,mens_bottoms,19,3X+,3X+
P01715,65+,Southwest,mens_bottoms,20,XL,M
P01716,35-44,Southeast,womens_tops,3,2X,2X
P01717,25-34,West,mens_bottoms,6,2X,2X
P01718,25-34,Northeast,womens_tops,5,L,M
P01719,25-34,Midwest,womens_bottoms,22,1X,L
P01720,55-64,West,mens_tops,13,L,L
P01721,45-54,Southeast,mens_tops,5,1X,XL
P01722,35-44,Southwest,womens_bottoms,9,XL,XL
P01723,35-44,Southeast,womens_dresses,10,L,S
P01724,35-44,Southwest,womens_tops,13,XL,M
P01725,35-44,West,womens_dresses,9,1X,L
P01726,55-64,West,mens_bottoms,22,3X+,3X+
P01727,65+,West,womens_bottoms,10,L,M
P01728,55-64,Southeast,womens_bottoms,20,XL,M
P01729,25-34,Southwest,mens_tops,20,XL,XL
P01730,25-34,West,mens_bottoms,11,2X,1X
P01731,55-64,Southwest,womens_bottoms,4,1X,L
P01732,55-64,Southeast,womens_dresses,17,L,M
P01733,25-34,Southeast,mens_tops,13,3X+,1X
P01734,25-34,Southeast,mens_bottoms,8,XS,XS
P01735,35-44,Southeast,womens_tops,3,XL,L
P01736,45-54,West,womens_dresses,13,2X,1X
P01737,45-54,Midwest,womens_dresses,5,L,M
P01738,35-44,Southwest,mens_tops,3,2X,2X
P01739,25-34,Southeast,womens_tops,21,1X,XL
P01740,35-44,Northeast,womens_bottoms,14,S,XS
P01741,45-54,Northeast,mens_bottoms,21,L,M
P01742,25-34,Southwest,womens_bottoms,7,2X,XL
P01743,35-44,Southwest,womens_tops,21,S,XS
P01744,25-34,Southwest,mens_bottoms,13,L,L
P01745,35-44,Southwest,womens_bottoms,23,1X,XL
P01746,35-44,Southwest,mens_tops,13,S,S
P01747,65+,Southeast,womens_bottoms,11,XL,L
P01748,35-44,Southwest,womens_tops,3,M,M
P01749,25-34,Southeast,womens_bottoms,10,XL,M
P01750,65+,Northeast,womens_tops,7,L,M
P01751,25-34,West,womens_tops,20,2X,2X
P01752,55-64,Northeast,womens_dresses,19,M,XS
P01753,55-64,Southeast,mens_tops,15,1X,XL
P01754,65+,Northeast,mens_tops,15,S,XS
P01755,65+,West,womens_tops,23,XL,M
P01756,65+,Southeast,mens_tops,17,2X,2X
P01757,35-44,Southeast,womens_tops,7,M,M
P01758,35-44,Northeast,mens_tops,21,XL,L
P01759,55-64,Southeast,mens_bottoms,6,1X,L
P01760,25-34,Southwest,womens_dresses,21,S,XS
P01761,65+,West,womens_bottoms,8,XL,L
P01762,45-54,Southeast,womens_tops,19,XL,S
P01763,55-64,Southwest,mens_bottoms,4,M,S
P01764,35-44,Southwest,womens_dresses,8,2X,1X
P01765,55-64,Southeast,mens_bottoms,16,XL,XL
P01766,35-44,Northeast,womens_bottoms,17,XL,M
P01767,45-54,West,mens_tops,18,S,XS
P01768,25-34,Southeast,mens_tops,8,1X,XL
P01769,55-64,Southwest,womens_tops,20,XL,XL
P01770,65+,Southwest,mens_tops,18,S,XS
P01771,45-54,West,mens_tops,19,M,S
P01772,45-54,Southeast,womens_bottoms,23,1X,XL
P01773,25-34,Southeast,womens_bottoms,3,1X,L
P01774,45-54,Southeast,womens_dresses,12,1X,XL
P01775,45-54,Northeast,womens_tops,8,S,XS
P01776,55-64,West,womens_bottoms,17,L,XS
P01777,65+,Southwest,mens_bottoms,8,1X,L
P01778,35-44,Northeast,womens_tops,7,XL,XL
P01779,45-54,Southwest,womens_tops,21,XL,S
P01780,35-44,Southwest,womens_dresses,20,XL,L
P01781,45-54,West,mens_tops,21,1X,XL
P01782,25-34,Southeast,mens_tops,11,3X+,XL
P01783,25-34,Northeast,mens_bottoms,18,L,M
P01784,35-44,West,womens_tops,21,XL,XL
P01785,25-34,Southeast,womens_tops,4,3X+,3X+
P01786,55-64,West,mens_bottoms,12,XL,M
P01787,35-44,Southeast,womens_bottoms,5,XL,M
P01788,35-44,West,womens_dresses,20,3X+,3X+
P01789,35-44,Southeast,womens_bottoms,7,XS,XS
P01790,55-64,West,mens_tops,23,3X+,L
P01791,65+,Midwest,womens_dresses,13,XL,S
P01792,55-64,Northeast,mens_tops,23,2X,1X
P01793,25-34,Midwest,womens_tops,12,L,M
P01794,65+,Midwest,mens_bottoms,14,S,XS
P01795,45-54,Southeast,womens_tops,16,XL,M
P01796,55-64,Southwest,mens_tops,7,L,L
P01797,35-44,Midwest,mens_bottoms,12,L,L
P01798,55-64,Southwest,womens_bottoms,7,L,S
P01799,35-44,Southeast,womens_dresses,21,XS,XS
P01800,55-64,Southwest,womens_dresses,9,2X,XL
P01801,35-44,Midwest,womens_bottoms,14,XL,M
P01802,35-44,Southeast,womens_tops,8,L,M
P01803,45-54,Southwest,womens_bottoms,8,S,XS
P01804,45-54,Northeast,mens_bottoms,8,M,M
P01805,55-64,Midwest,womens_dresses,23,2X,2X
P01806,35-44,Southwest,mens_tops,13,XL,XL
P01807,35-44,West,womens_bottoms,4,L,L
P01808,25-34,West,womens_tops,5,3X+,2X
P01809,45-54,West,mens_bottoms,15,XL,L
P01810,55-64,Midwest,womens_tops,8,2X,XL
P01811,25-34,West,mens_tops,10,1X,XL
P01812,65+,Southeast,womens_tops,23,XL,L
P01813,25-34,West,mens_tops,3,M,M
P01814,25-34,Southwest,womens_dresses,18,2X,1X
P01815,45-54,Northeast,womens_tops,9,1X,1X
P01816,25-34,Midwest,mens_bottoms,22,M,XS
P01817,65+,Midwest,mens_bottoms,14,1X,M
P01818,55-64,Northeast,mens_tops,20,L,M
P01819,45-54,West,womens_bottoms,13,L,S
P01820,35-44,Southwest,womens_tops,4,XL,XL
P01821,45-54,West,mens_bottoms,15,XL,M
P01822,45-54,Southwest,womens_bottoms,21,XS,XS
P01823,35-44,Northeast,womens_tops,17,L,M
P01824,55-64,Midwest,womens_bottoms,20,M,S
P01825,55-64,West,womens_bottoms,4,M,M
P01826,25-34,West,mens_tops,4,XL,XL
P01827,35-44,West,mens_tops,18,XL,M
P01828,55-64,Southeast,mens_bottoms,10,L,M
P01829,55-64,Midwest,womens_tops,11,L,M
P01830,55-64,Midwest,womens_bottoms,6,L,L
P01831,65+,Southwest,womens_bottoms,23,1X,1X
P01832,35-44,Southeast,womens_tops,21,XL,M
P01833,45-54,Midwest,mens_bottoms,23,1X,1X
P01834,55-64,Midwest,mens_tops,17,S,XS
P01835,65+,West,womens_dresses,10,XL,L
P01836,25-34,West,womens_bottoms,10,L,XS
P01837,45-54,Midwest,womens_bottoms,20,1X,1X
P01838,25-34,West,womens_dresses,16,1X,M
P01839,55-64,Southeast,mens_bottoms,7,M,S
P01840,25-34,Midwest,womens_tops,16,L,M
P01841,55-64,Southwest,womens_bottoms,19,1X,XL
P01842,45-54,Midwest,womens_tops,18,1X,XL
P01843,65+,Southeast,womens_dresses,15,S,XS
P01844,35-44,Midwest,womens_bottoms,17,XL,M
P01845,25-34,Southwest,womens_dresses,16,3X+,XL
P01846,45-54,West,womens_bottoms,12,3X+,3X+
P01847,55-64,West,womens_dresses,19,2X,XL
P01848,35-44,Southeast,mens_tops,11,1X,XL
P01849,25-34,Northeast,womens_dresses,7,3X+,2X
P01850,65+,Midwest,womens_dresses,23,M,S
P01851,65+,Southeast,womens_tops,15,L,M
P01852,35-44,West,mens_bottoms,6,1X,1X
P01853,45-54,Northeast,mens_bottoms,21,S,XS
P01854,65+,Midwest,mens_bottoms,10,M,XS
P01855,45-54,Northeast,womens_tops,21,3X+,L
P01856,45-54,Midwest,mens_tops,18,XL,M
P01857,55-64,Southeast,womens_dresses,9,M,S
P01858,65+,Southeast,womens_bottoms,20,XL,M
P01859,35-44,Southwest,womens_dresses,20,L,M
P01860,35-44,Southeast,womens_dresses,18,S,XS
P01861,55-64,West,mens_tops,3,XL,L
P01862,65+,West,womens_tops,12,XS,XS
P01863,45-54,West,womens_tops,5,1X,XL
P01864,65+,Northeast,womens_tops,8,S,XS
P01865,45-54,Southeast,mens_bottoms,20,1X,XL
P01866,45-54,Northeast,womens_dresses,23,1X,L
P01867,25-34,Southeast,womens_tops,12,2X,XL
P01868,45-54,Midwest,womens_dresses,10,XL,M
P01869,65+,West,mens_tops,21,1X,L
P01870,25-34,West,mens_bottoms,14,XL,L
P01871,45-54,Southwest,mens_tops,12,M,XS
P01872,45-54,West,mens_tops,16,L,M
P01873,25-34,Southeast,womens_dresses,14,XL,M
P01874,55-64,West,mens_bottoms,11,XL,L
P01875,35-44,West,mens_tops,24,M,M
P01876,35-44,Midwest,womens_tops,21,L,S
P01877,25-34,Midwest,womens_tops,15,M,XS
P01878,65+,Northeast,mens_bottoms,7,2X,1X
P01879,65+,Northeast,womens_tops,17,3X+,1X
P01880,55-64,Southeast,womens_dresses,21,L,M
P01881,35-44,Southeast,mens_tops,23,2X,L
P01882,25-34,Southwest,mens_tops,20,S,XS
P01883,45-54,Southwest,womens_dresses,11,L,M
P01884,25-34,Midwest,womens_dresses,21,M,S
P01885,45-54,Midwest,mens_tops,15,L,L
P01886,55-64,West,mens_bottoms,24,1X,M
P01887,25-34,Midwest,womens_tops,24,S,XS
P01888,55-64,Southeast,mens_tops,17,L,S
P01889,35-44,Northeast,mens_tops,3,1X,1X
P01890,25-34,Southwest,womens_dresses,10,XL,XL
P01891,45-54,West,mens_bottoms,18,XL,L
P01892,55-64,Southwest,womens_bottoms,21,S,XS
P01893,65+,Midwest,womens_dresses,21,XL,L
P01894,35-44,Southwest,womens_tops,3,2X,1X
P01895,25-34,Southeast,mens_bottoms,7,M,S
P01896,25-34,Northeast,womens_tops,16,L,S
P01897,25-34,Southeast,womens_dresses,22,1X,L
P01898,25-34,Southeast,womens_tops,6,L,M
P01899,25-34,Northeast,mens_bottoms,8,M,M
P01900,65+,Midwest,mens_bottoms,11,L,S
P01901,65+,Southeast,mens_bottoms,6,L,M
P01902,25-34,Southwest,womens_tops,7,3X+,2X
P01903,55-64,Midwest,mens_bottoms,15,M,M
P01904,35-44,Southeast,womens_dresses,16,1X,XL
P01905,55-64,Midwest,mens_bottoms,5,2X,1X
P01906,45-54,Southeast,womens_dresses,3,L,L
P01907,45-54,Northeast,womens_tops,19,XL,XL
P01908,65+,Northeast,mens_tops,23,XL,M
P01909,65+,West,mens_tops,17,XL,XL
P01910,55-64,Southwest,womens_dresses,21,M,S
P01911,55-64,West,womens_bottoms,8,2X,XL
P01912,35-44,West,womens_bottoms,24,L,S
P01913,45-54,Southwest,womens_tops,6,XL,M
P01914,45-54,Midwest,womens_tops,24,1X,L
P01915,35-44,Northeast,womens_bottoms,8,1X,L
P01916,55-64,Northeast,mens_tops,12,3X+,2X
P01917,25-34,Southeast,womens_tops,6,M,M
P01918,35-44,Midwest,mens_bottoms,18,1X,L
P01919,45-54,Southeast,womens_tops,14,S,XS
P01920,25-34,Southeast,womens_dresses,24,XL,S
P01921,65+,West,womens_dresses,21,1X,L
P01922,25-34,West,womens_bottoms,17,M,XS
P01923,55-64,West,womens_tops,5,1X,1X
P01924,35-44,West,womens_bottoms,11,1X,XL
P01925,65+,West,mens_bottoms,19,2X,XL
P01926,55-64,Northeast,mens_bottoms,11,S,XS
P01927,25-34,Northeast,mens_tops,23,M,XS
P01928,45-54,Southwest,mens_tops,19,L,M
P01929,35-44,Midwest,womens_dresses,24,1X,1X
P01930,25-34,West,womens_dresses,21,1X,1X
P01931,25-34,Midwest,womens_bottoms,12,XL,M
P01932,55-64,Midwest,mens_bottoms,19,L,M
P01933,25-34,Midwest,mens_tops,4,2X,1X
P01934,25-34,Midwest,mens_tops,19,XL,S
P01935,65+,West,womens_tops,15,1X,L
P01936,25-34,West,womens_dresses,3,XL,L
P01937,25-34,Southeast,mens_tops,9,1X,XL
P01938,65+,Southwest,womens_bottoms,13,3X+,2X
P01939,35-44,Southeast,womens_dresses,20,XL,L
P01940,35-44,Northeast,womens_tops,11,1X,1X
P01941,35-44,Southwest,mens_bottoms,23,XL,S
P01942,55-64,Midwest,mens_bottoms,9,1X,1X
P01943,35-44,West,womens_dresses,12,L,S
P01944,25-34,Southeast,womens_tops,10,XL,XL
P01945,55-64,Southeast,mens_bottoms,23,M,XS
P01946,55-64,Southwest,womens_dresses,11,1X,1X
P01947,65+,Southeast,womens_dresses,17,L,L
P01948,45-54,Southeast,womens_dresses,5,M,XS
P01949,65+,West,womens_tops,11,S,S
P01950,45-54,Southeast,womens_tops,16,L,M
P01951,65+,West,mens_bottoms,3,2X,1X
P01952,65+,West,mens_tops,15,L,L
P01953,35-44,Northeast,womens_tops,6,XL,M
P01954,25-34,Southwest,mens_bottoms,13,2X,2X
P01955,65+,Midwest,womens_dresses,11,2X,2X
P01956,55-64,Southeast,mens_bottoms,11,L,M
P01957,25-34,Southeast,womens_dresses,14,XL,M
P01958,65+,Northeast,womens_dresses,15,XL,L
P01959,25-34,Southwest,womens_bottoms,15,1X,L
P01960,25-34,Southwest,womens_dresses,11,L,S
P01961,45-54,Midwest,mens_tops,7,1X,1X
P01962,65+,West,womens_tops,20,L,XS
P01963,65+,Northeast,womens_tops,9,1X,1X
P01964,45-54,West,womens_bottoms,20,1X,1X
P01965,45-54,Southeast,womens_dresses,12,2X,1X
P01966,25-34,Southeast,womens_dresses,7,L,M
P01967,55-64,Southwest,mens_tops,12,1X,XL
P01968,65+,Southeast,womens_dresses,7,XL,XL
P01969,25-34,Southwest,womens_tops,17,XL,XL
P01970,35-44,Midwest,womens_bottoms,14,XL,M
P01971,25-34,Midwest,mens_bottoms,14,L,S
P01972,25-34,West,womens_bottoms,13,M,S
P01973,45-54,Northeast,mens_tops,13,1X,1X
P01974,55-64,Northeast,womens_tops,17,2X,1X
P01975,35-44,West,womens_tops,5,L,S
P01976,25-34,Southwest,womens_dresses,19,3X+,XL
P01977,55-64,Southeast,womens_tops,12,L,M
P01978,25-34,Midwest,mens_bottoms,19,3X+,2X
P01979,65+,Southwest,mens_tops,21,XL,M
P01980,55-64,Midwest,mens_tops,15,L,M
P01981,65+,Southeast,womens_tops,4,1X,1X
P01982,55-64,Southwest,womens_dresses,10,2X,XL
P01983,65+,Midwest,womens_bottoms,18,1X,XL
P01984,55-64,Southeast,womens_tops,24,XL,XL
P01985,25-34,Southeast,womens_tops,12,1X,L
P01986,65+,Southwest,mens_tops,14,3X+,3X+
P01987,35-44,West,mens_tops,9,L,M
P01988,55-64,Midwest,womens_tops,18,L,M
P01989,65+,Northeast,mens_tops,23,1X,L
P01990,25-34,Midwest,womens_bottoms,23,XS,XS
P01991,35-44,Midwest,mens_bottoms,11,S,XS
P01992,35-44,Midwest,womens_dresses,3,1X,1X
P01993,65+,Northeast,mens_bottoms,9,L,S
P01994,55-64,Southeast,womens_bottoms,4,1X,XL
P01995,45-54,Midwest,womens_tops,13,2X,XL
P01996,25-34,West,womens_tops,16,XL,L
P01997,65+,Southeast,mens_bottoms,11,M,S
P01998,55-64,Southwest,womens_dresses,9,S,S
P01999,55-64,Southwest,womens_dresses,17,1X,XL
P02000,25-34,Northeast,womens_dresses,11,L,S
P02001,35-44,Northeast,womens_dresses,15,2X,1X
P02002,55-64,Midwest,womens_tops,18,L,L
P02003,55-64,Southeast,mens_tops,11,S,XS
P02004,25-34,Southwest,mens_tops,10,S,S
P02005,25-34,Southeast,womens_tops,12,XL,L
P02006,25-34,Midwest,mens_tops,5,M,M
P02007,45-54,Southeast,womens_dresses,6,2X,1X
P02008,55-64,Southeast,mens_bottoms,8,S,XS
P02009,25-34,West,womens_bottoms,11,XL,XL
P02010,45-54,Southwest,mens_tops,17,S,S
P02011,55-64,Northeast,womens_dresses,13,1X,XL
P02012,65+,Southeast,womens_tops,5,S,XS
P02013,35-44,Southwest,womens_dresses,21,XL,M
P02014,45-54,Southeast,mens_tops,7,1X,M
P02015,65+,Southeast,mens_tops,22,3X+,1X
P02016,55-64,West,womens_tops,21,1X,M
P02017,65+,Northeast,mens_tops,5,L,M
P02018,25-34,Southwest,womens_dresses,4,XL,L
P02019,65+,West,womens_dresses,21,M,XS
P02020,45-54,Midwest,womens_bottoms,18,3X+,2X
P02021,65+,Southeast,womens_bottoms,16,L,S
P02022,35-44,Northeast,mens_bottoms,7,1X,1X
P02023,55-64,Southeast,womens_bottoms,12,S,S
P02024,55-64,Northeast,mens_bottoms,7,1X,XL
P02025,45-54,Southeast,womens_tops,15,1X,L
P02026,25-34,Midwest,womens_dresses,24,XS,XS
P02027,45-54,West,womens_bottoms,20,M,S
P02028,65+,Northeast,womens_tops,11,XL,S
P02029,65+,Southwest,womens_bottoms,24,1X,L
P02030,35-44,West,womens_dresses,14,3X+,2X
P02031,25-34,Southwest,womens_tops,3,2X,1X
P02032,35-44,West,mens_bottoms,15,S,XS
P02033,45-54,Southwest,mens_tops,15,1X,XL
P02034,55-64,West,womens_bottoms,9,1X,1X
P02035,35-44,Northeast,womens_tops,24,1X,1X
P02036,55-64,West,mens_bottoms,21,M,M
P02037,65+,West,womens_tops,11,2X,1X
P02038,25-34,Southeast,womens_bottoms,21,1X,XL
P02039,65+,Southwest,mens_bottoms,17,L,M
P02040,35-44,West,womens_tops,14,S,XS
P02041,45-54,Southwest,womens_tops,23,L,M
P02042,45-54,Southeast,womens_dresses,3,XL,L
P02043,55-64,Midwest,womens_bottoms,13,1X,1X
P02044,55-64,Northeast,mens_tops,11,1X,L
P02045,35-44,Southwest,mens_tops,12,L,XS
P02046,65+,West,womens_bottoms,22,L,S
P02047,65+,Southwest,womens_bottoms,10,2X,L
P02048,55-64,Southeast,mens_tops,5,1X,XL
P02049,45-54,Southwest,mens_bottoms,19,L,S
P02050,45-54,West,womens_dresses,23,XL,XL
P02051,25-34,Southeast,womens_dresses,13,XL,M
P02052,45-54,Southwest,womens_tops,19,1X,XL
P02053,45-54,West,mens_tops,16,XL,M
P02054,55-64,Northeast,womens_dresses,14,M,S
P02055,65+,Midwest,womens_tops,10,L,L
P02056,65+,Southeast,womens_dresses,4,XS,XS
P02057,65+,Southeast,womens_bottoms,5,S,XS
P02058,25-34,Northeast,womens_dresses,9,2X,1X
P02059,55-64,Midwest,mens_tops,8,S,XS
P02060,45-54,Midwest,womens_bottoms,20,XL,M
P02061,55-64,Southwest,mens_tops,4,3X+,3X+
P02062,35-44,Midwest,womens_dresses,12,1X,XL
P02063,65+,West,womens_tops,6,XL,XL
P02064,25-34,Southwest,mens_tops,5,XL,M
P02065,45-54,Southwest,mens_bottoms,20,1X,M
P02066,45-54,Midwest,womens_bottoms,15,M,XS
P02067,65+,Midwest,mens_tops,11,1X,1X
P02068,55-64,Southwest,womens_tops,15,XS,XS
P02069,65+,Midwest,womens_tops,10,S,S
P02070,25-34,West,mens_tops,24,XL,M
P02071,45-54,Northeast,womens_tops,12,1X,L
P02072,45-54,Southeast,womens_tops,9,XL,L
P02073,35-44,Northeast,womens_dresses,8,L,L
P02074,55-64,Southwest,mens_tops,21,1X,XL
P02075,65+,Southwest,mens_tops,3,2X,2X
P02076,45-54,Midwest,womens_tops,7,L,L
P02077,35-44,West,womens_tops,22,3X+,1X
P02078,65+,Southeast,mens_bottoms,22,1X,XL
P02079,35-44,Midwest,mens_tops,10,XL,L
P02080,65+,Northeast,mens_tops,10,S,XS
P02081,25-34,Midwest,womens_bottoms,18,L,L
P02082,55-64,Southwest,womens_bottoms,19,L,S
P02083,65+,Southeast,womens_tops,11,1X,XL
P02084,55-64,Southwest,womens_dresses,10,XL,L
P02085,35-44,Northeast,womens_tops,12,1X,XL
P02086,65+,Midwest,mens_tops,10,XS,XS
P02087,45-54,Southeast,mens_tops,23,2X,XL
P02088,35-44,West,mens_bottoms,18,L,S
P02089,45-54,Southeast,mens_tops,12,XL,S
P02090,45-54,West,womens_dresses,13,1X,XL
P02091,25-34,West,womens_tops,10,1X,1X
P02092,65+,Northeast,mens_bottoms,3,XL,M
P02093,35-44,Midwest,womens_bottoms,13,1X,XL
P02094,25-34,Southeast,womens_dresses,15,XS,XS
P02095,65+,Midwest,womens_bottoms,14,2X,1X
P02096,55-64,Midwest,mens_tops,15,S,XS
P02097,65+,West,womens_bottoms,23,XL,M
P02098,65+,Southeast,womens_dresses,19,M,S
P02099,25-34,Southeast,mens_tops,22,M,S
P02100,25-34,West,mens_bottoms,8,XL,L
P02101,45-54,West,womens_bottoms,24,L,S
P02102,45-54,Southeast,mens_bottoms,13,1X,1X
P02103,55-64,Midwest,womens_tops,22,1X,1X
P02104,35-44,Midwest,womens_tops,23,1X,XL
P02105,65+,Southeast,womens_dresses,18,XL,L
P02106,35-44,West,mens_tops,22,XL,M
P02107,35-44,Midwest,mens_tops,22,M,S
P02108,45-54,Midwest,mens_tops,10,L,S
P02109,45-54,Southeast,womens_dresses,8,S,S
P02110,45-54,Southwest,mens_tops,13,XL,L
P02111,45-54,West,womens_dresses,13,M,XS
P02112,45-54,Midwest,mens_bottoms,24,L,S
P02113,55-64,Southeast,mens_tops,11,L,M
P02114,25-34,Northeast,womens_tops,21,M,XS
P02115,65+,West,womens_bottoms,19,M,XS
P02116,25-34,Southwest,womens_dresses,19,2X,1X
P02117,55-64,Midwest,mens_bottoms,9,XL,XL
P02118,65+,West,mens_tops,4,XL,L
P02119,55-64,Northeast,mens_bottoms,14,L,M
P02120,35-44,Midwest,mens_tops,23,L,M
P02121,45-54,Southeast,mens_tops,18,2X,XL
P02122,45-54,Midwest,womens_dresses,17,L,M
P02123,45-54,West,womens_bottoms,23,L,M
P02124,35-44,West,womens_tops,10,S,XS
P02125,65+,Southeast,womens_tops,10,XL,L
P02126,25-34,Southwest,mens_bottoms,8,L,S
P02127,45-54,Southwest,womens_bottoms,23,L,S
P02128,65+,West,womens_bottoms,9,L,M
P02129,45-54,Southeast,mens_bottoms,8,S,S
P02130,65+,Northeast,womens_tops,21,2X,M
P02131,45-54,West,womens_dresses,22,1X,XL
P02132,25-34,West,womens_bottoms,12,2X,XL
P02133,65+,Midwest,womens_dresses,14,3X+,2X
P02134,35-44,Northeast,mens_tops,24,XL,L
P02135,45-54,Midwest,mens_bottoms,23,2X,XL
P02136,25-34,Northeast,mens_tops,13,L,M
P02137,65+,Northeast,womens_bottoms,13,L,S
P02138,25-34,West,mens_bottoms,3,L,L
P02139,55-64,Southeast,mens_tops,8,M,M
P02140,65+,Northeast,mens_bottoms,8,L,S
P02141,45-54,Southwest,womens_tops,13,XL,S
P02142,25-34,Northeast,mens_bottoms,19,XL,XL
P02143,55-64,West,mens_tops,15,L,S
P02144,65+,Midwest,womens_tops,18,1X,L
P02145,25-34,Northeast,mens_bottoms,10,1X,XL
P02146,25-34,Southeast,womens_bottoms,6,1X,1X
P02147,35-44,Southeast,mens_bottoms,20,XS,XS
P02148,45-54,Southwest,mens_bottoms,7,3X+,3X+
P02149,55-64,Southwest,mens_bottoms,14,2X,1X
P02150,25-34,Midwest,mens_bottoms,22,1X,1X
P02151,25-34,Southwest,mens_bottoms,6,L,S
P02152,45-54,Midwest,mens_bottoms,22,1X,1X
P02153,65+,Midwest,mens_tops,17,L,M
P02154,65+,West,womens_tops,17,M,XS
P02155,25-34,Northeast,mens_bottoms,10,M,M
P02156,25-34,Southeast,mens_bottoms,23,XL,S
P02157,45-54,Southwest,womens_bottoms,12,1X,M
P02158,25-34,Midwest,womens_tops,8,L,M
P02159,55-64,Southeast,womens_tops,10,M,M
P02160,25-34,Northeast,womens_tops,8,S,S
P02161,25-34,Southeast,womens_tops,14,1X,XL
P02162,25-34,Southwest,womens_bottoms,20,XL,L
P02163,35-44,Northeast,mens_bottoms,18,1X,XL
P02164,55-64,West,womens_tops,5,L,S
P02165,65+,Southeast,womens_bottoms,3,L,M
P02166,55-64,Southwest,mens_tops,3,3X+,2X
P02167,25-34,Southwest,womens_tops,15,XL,M
P02168,35-44,Northeast,mens_bottoms,5,1X,XL
P02169,65+,West,womens_dresses,4,XL,L
P02170,25-34,Southwest,mens_bottoms,11,S,XS
P02171,65+,West,mens_bottoms,21,S,XS
P02172,25-34,Midwest,womens_dresses,10,M,S
P02173,25-34,Southwest,mens_tops,15,L,S
P02174,35-44,Southwest,mens_tops,5,XL,M
P02175,25-34,Southwest,mens_bottoms,14,L,M
P02176,65+,West,womens_tops,19,L,M
P02177,55-64,Midwest,womens_bottoms,6,S,S
P02178,35-44,West,womens_bottoms,15,1X,L
P02179,55-64,Southeast,womens_dresses,22,XL,M
P02180,35-44,West,womens_bottoms,20,1X,XL
P02181,55-64,West,womens_tops,13,M,S
P02182,45-54,Southeast,mens_bottoms,8,1X,1X
P02183,65+,Southwest,womens_tops,15,1X,L
P02184,45-54,Midwest,mens_tops,13,M,S
P02185,65+,West,womens_bottoms,15,1X,1X
P02186,45-54,Southwest,womens_tops,8,M,XS
P02187,65+,Southeast,mens_bottoms,10,1X,XL
P02188,45-54,Northeast,mens_tops,15,1X,L
P02189,55-64,Southeast,womens_tops,15,M,XS
P02190,25-34,Southwest,womens_tops,18,S,S
P02191,65+,Midwest,womens_tops,15,M,M
P02192,25-34,West,mens_bottoms,13,1X,L
P02193,35-44,Midwest,womens_bottoms,11,L,M
P02194,25-34,Northeast,womens_bottoms,14,XL,L
P02195,35-44,Northeast,womens_dresses,5,XL,M
P02196,45-54,Southeast,womens_bottoms,19,2X,1X
P02197,25-34,Southeast,womens_bottoms,20,L,L
P02198,55-64,Southwest,womens_tops,5,L,S
P02199,45-54,Northeast,womens_tops,13,L,M
P02200,55-64,Midwest,mens_bottoms,20,1X,XL
P02201,55-64,Southwest,mens_tops,21,3X+,2X
P02202,65+,Southwest,womens_dresses,4,L,M
P02203,65+,West,womens_tops,8,XL,L
P02204,25-34,Southwest,womens_dresses,15,L,S
P02205,25-34,West,mens_tops,17,L,S
P02206,45-54,Midwest,womens_dresses,12,L,L
P02207,35-44,Northeast,mens_tops,11,L,M
P02208,55-64,Midwest,mens_bottoms,14,1X,L
P02209,65+,Southwest,mens_bottoms,23,M,XS
P02210,65+,Northeast,womens_tops,14,M,S
P02211,25-34,Midwest,mens_tops,7,L,S
P02212,65+,West,mens_bottoms,20,L,M
P02213,65+,Northeast,mens_tops,12,L,M
P02214,65+,Midwest,womens_tops,23,2X,1X
P02215,55-64,Northeast,womens_tops,5,L,S
P02216,35-44,Southwest,womens_bottoms,8,XL,L
P02217,45-54,Southwest,womens_tops,12,XS,XS
P02218,35-44,Midwest,womens_bottoms,5,M,XS
P02219,55-64,Southeast,mens_tops,13,L,M
P02220,45-54,West,mens_tops,6,1X,XL
P02221,45-54,Midwest,womens_dresses,7,S,S
P02222,55-64,Midwest,womens_bottoms,11,2X,1X
P02223,55-64,Midwest,womens_tops,13,XS,XS
P02224,35-44,Northeast,womens_dresses,3,S,S
P02225,55-64,Southeast,womens_bottoms,19,2X,1X
P02226,55-64,Southeast,mens_tops,23,L,M
P02227,35-44,West,mens_tops,20,M,S
P02228,65+,Midwest,womens_tops,13,L,S
P02229,55-64,Midwest,mens_bottoms,6,XL,XL
P02230,45-54,West,womens_bottoms,22,2X,1X
P02231,65+,Northeast,womens_tops,10,S,XS
P02232,35-44,Northeast,womens_dresses,11,2X,2X
P02233,35-44,Midwest,womens_tops,19,1X,XL
P02234,55-64,Northeast,mens_tops,17,1X,XL
P02235,55-64,Midwest,womens_tops,5,XL,L
P02236,25-34,Northeast,mens_tops,16,2X,1X
P02237,65+,Southeast,mens_bottoms,10,XL,L
P02238,55-64,Northeast,womens_bottoms,3,3X+,3X+
P02239,35-44,Midwest,womens_dresses,8,M,S
P02240,55-64,Southwest,mens_bottoms,11,2X,1X
P02241,25-34,Northeast,mens_tops,10,2X,XL
P02242,55-64,Southwest,womens_bottoms,4,XL,L
P02243,25-34,Midwest,womens_bottoms,16,1X,1X
P02244,55-64,Northeast,womens_tops,15,S,XS
P02245,65+,Southeast,womens_bottoms,21,L,XS
P02246,45-54,Southeast,mens_bottoms,5,1X,M
P02247,35-44,Midwest,womens_bottoms,21,L,M
P02248,25-34,Southwest,womens_bottoms,20,S,XS
P02249,25-34,Northeast,mens_tops,8,XL,XL
P02250,55-64,Midwest,mens_tops,20,1X,L
P02251,25-34,Southwest,mens_bottoms,20,XL,L
P02252,45-54,Midwest,womens_tops,8,S,XS
P02253,35-44,West,womens_bottoms,7,1X,XL
P02254,25-34,Southeast,mens_bottoms,16,M,XS
P02255,45-54,West,womens_dresses,21,XL,L
P02256,65+,Northeast,mens_tops,16,1X,L
P02257,25-34,Southwest,mens_bottoms,4,XL,XL
P02258,25-34,West,mens_bottoms,6,XL,XL
P02259,45-54,Midwest,mens_tops,10,1X,XL
P02260,45-54,Southeast,mens_tops,16,XL,XL
P02261,55-64,West,mens_bottoms,21,M,XS
P02262,35-44,Midwest,womens_dresses,17,L,S
P02263,25-34,Southwest,mens_bottoms,14,XL,XL
P02264,65+,Northeast,womens_dresses,18,L,L
P02265,45-54,West,mens_tops,9,1X,XL
P02266,55-64,Southeast,womens_tops,6,XL,L
P02267,25-34,Southwest,womens_bottoms,24,XL,L
P02268,45-54,Midwest,mens_bottoms,14,1X,L
P02269,65+,Southwest,womens_dresses,19,M,S
P02270,45-54,West,mens_bottoms,19,1X,XL
P02271,45-54,Southeast,womens_dresses,5,XL,L
P02272,65+,Northeast,womens_bottoms,10,1X,XL
P02273,45-54,West,womens_dresses,12,L,S
P02274,45-54,Southwest,womens_dresses,23,1X,XL
P02275,35-44,Southeast,mens_tops,21,XL,M
P02276,35-44,Southeast,womens_tops,23,2X,1X
P02277,45-54,Southeast,womens_tops,7,3X+,1X
P02278,55-64,Midwest,womens_bottoms,14,XL,M
P02279,45-54,Southwest,womens_dresses,8,1X,L
P02280,55-64,Northeast,mens_tops,21,XS,XS
P02281,55-64,Midwest,womens_bottoms,23,XL,L
P02282,35-44,Southwest,mens_bottoms,8,L,M
P02283,25-34,West,womens_tops,9,L,XS
P02284,55-64,Southeast,mens_tops,5,2X,1X
P02285,25-34,Midwest,mens_bottoms,10,2X,1X
P02286,55-64,Northeast,mens_tops,23,1X,XL
P02287,55-64,Southeast,mens_tops,18,2X,XL
P02288,55-64,Southwest,mens_bottoms,21,XL,XL
P02289,65+,Midwest,mens_tops,21,L,M
P02290,65+,Southwest,womens_bottoms,20,XS,XS
P02291,35-44,Northeast,womens_dresses,17,2X,XL
P02292,45-54,Midwest,womens_tops,18,3X+,1X
P02293,65+,Midwest,womens_dresses,14,2X,L
P02294,25-34,Northeast,womens_dresses,17,XL,L
P02295,45-54,Southwest,womens_bottoms,7,2X,2X
P02296,35-44,West,mens_bottoms,22,XL,M
P02297,25-34,Midwest,mens_bottoms,23,M,XS
P02298,25-34,Northeast,womens_dresses,10,L,M
P02299,65+,Southeast,mens_bottoms,14,XL,M
P02300,65+,West,womens_tops,11,XL,L
P02301,25-34,Southeast,womens_tops,4,S,XS
P02302,55-64,Southeast,mens_bottoms,14,L,L
P02303,35-44,Southeast,mens_bottoms,9,2X,1X
P02304,45-54,Midwest,mens_tops,13,1X,XL
P02305,35-44,Midwest,mens_tops,4,3X+,2X
P02306,65+,Midwest,womens_dresses,19,L,M
P02307,35-44,Northeast,womens_dresses,23,XL,XL
P02308,25-34,Southeast,womens_bottoms,11,3X+,2X
P02309,25-34,Southeast,womens_tops,11,L,M
P02310,65+,Southwest,womens_tops,12,XL,XL
P02311,65+,Southwest,womens_bottoms,19,XL,L
P02312,45-54,Northeast,womens_bottoms,20,1X,1X
P02313,25-34,Northeast,womens_dresses,22,L,L
P02314,65+,Northeast,womens_dresses,9,L,S
P02315,35-44,Midwest,womens_dresses,17,1X,L
P02316,35-44,Northeast,mens_bottoms,9,L,M
P02317,45-54,Southeast,womens_tops,16,1X,1X
P02318,25-34,Midwest,mens_tops,18,1X,1X
P02319,55-64,West,womens_bottoms,16,3X+,3X+
P02320,25-34,Northeast,mens_bottoms,21,L,S
P02321,55-64,Midwest,mens_tops,3,L,L
P02322,45-54,West,womens_dresses,3,S,XS
P02323,45-54,Northeast,womens_tops,19,1X,XL
P02324,25-34,Southeast,mens_bottoms,12,XL,S
P02325,65+,Southwest,womens_bottoms,17,1X,L
P02326,35-44,Southwest,womens_dresses,18,1X,XL
P02327,35-44,Southeast,mens_bottoms,17,2X,1X
P02328,45-54,Southeast,mens_tops,24,XL,M
P02329,35-44,West,womens_dresses,20,1X,XL
P02330,55-64,West,womens_dresses,6,XL,XL
P02331,65+,Northeast,mens_bottoms,18,XL,XL
P02332,25-34,Southeast,mens_bottoms,14,S,XS
P02333,55-64,Midwest,womens_dresses,4,L,L
P02334,55-64,Southwest,mens_tops,12,3X+,1X
P02335,35-44,Southeast,mens_bottoms,24,3X+,1X
P02336,25-34,West,mens_tops,5,2X,XL
P02337,35-44,Northeast,womens_bottoms,19,2X,1X
P02338,55-64,West,mens_bottoms,19,XL,L
P02339,45-54,Midwest,womens_bottoms,21,1X,L
P02340,45-54,Northeast,womens_dresses,20,2X,XL
P02341,25-34,West,womens_tops,10,XL,S
P02342,25-34,Northeast,mens_tops,11,3X+,2X
P02343,25-34,Southwest,womens_bottoms,9,L,S
P02344,55-64,Midwest,mens_bottoms,5,1X,1X
P02345,25-34,West,mens_bottoms,12,1X,XL
P02346,45-54,Southwest,womens_dresses,16,M,S
P02347,25-34,West,womens_bottoms,7,M,M
P02348,65+,Southwest,womens_dresses,17,XL,L
P02349,65+,Southeast,mens_bottoms,7,XL,M
P02350,35-44,West,mens_bottoms,3,M,M
P02351,35-44,Southwest,womens_dresses,23,L,S
P02352,35-44,Southwest,mens_bottoms,12,1X,L
P02353,25-34,Southwest,mens_bottoms,15,XL,M
P02354,35-44,West,mens_bottoms,7,L,M
P02355,55-64,Southwest,mens_bottoms,8,XL,L
P02356,45-54,Northeast,womens_dresses,22,1X,1X
P02357,35-44,Northeast,mens_tops,7,M,M
P02358,65+,West,mens_bottoms,20,M,XS
P02359,45-54,Northeast,womens_tops,22,2X,XL
P02360,25-34,Southeast,womens_tops,18,M,S
P02361,65+,Midwest,womens_tops,13,L,S
P02362,25-34,Southeast,mens_tops,11,2X,XL
P02363,55-64,Southeast,womens_bottoms,6,L,M
P02364,65+,Southeast,mens_bottoms,15,L,M
P02365,55-64,West,womens_tops,21,L,S
P02366,55-64,Southwest,mens_bottoms,22,3X+,2X
P02367,55-64,Southwest,mens_tops,23,XL,XL
P02368,55-64,West,womens_dresses,21,1X,XL
P02369,55-64,Midwest,mens_bottoms,18,L,S
P02370,25-34,Midwest,womens_dresses,10,3X+,2X
P02371,45-54,West,womens_bottoms,21,S,XS
P02372,35-44,Southwest,mens_tops,11,1X,XL
P02373,25-34,Southeast,womens_tops,23,M,S
P02374,55-64,West,mens_tops,10,1X,XL
P02375,55-64,West,mens_bottoms,3,L,M
P02376,65+,Midwest,womens_bottoms,9,XL,M
P02377,35-44,Southwest,mens_bottoms,24,1X,XL
P02378,25-34,Midwest,mens_tops,16,1X,XL
P02379,25-34,West,womens_tops,11,XL,XL
P02380,55-64,Southeast,womens_bottoms,16,XL,XL
P02381,45-54,Southeast,mens_tops,5,1X,XL
P02382,25-34,Southwest,womens_dresses,6,M,S
P02383,35-44,Midwest,womens_tops,9,2X,1X
P02384,55-64,Southeast,womens_bottoms,9,2X,XL
P02385,65+,Northeast,mens_tops,5,2X,2X
P02386,45-54,Southwest,womens_tops,21,2X,2X
P02387,55-64,West,womens_bottoms,19,2X,1X
P02388,65+,Southwest,womens_bottoms,14,M,M
P02389,45-54,Southeast,mens_tops,24,M,XS
P02390,35-44,Southwest,womens_dresses,6,XL,XL
P02391,65+,Northeast,womens_tops,20,3X+,2X
P02392,55-64,Southwest,womens_bottoms,20,1X,XL
P02393,35-44,Southwest,womens_bottoms,9,M,XS
P02394,25-34,Midwest,womens_bottoms,17,1X,XL
P02395,55-64,Northeast,womens_bottoms,7,S,XS
P02396,45-54,Midwest,womens_dresses,18,M,M
P02397,65+,Northeast,womens_dresses,20,L,M
P02398,55-64,Southwest,womens_tops,6,3X+,2X
P02399,45-54,West,womens_tops,6,1X,XL
P02400,65+,Northeast,mens_bottoms,19,S,XS
P02401,65+,West,womens_dresses,5,2X,XL
P02402,65+,West,mens_bottoms,14,XL,L
P02403,55-64,Northeast,womens_dresses,5,1X,1X
P02404,25-34,Southeast,womens_dresses,11,L,S
P02405,65+,Southwest,womens_bottoms,22,L,XS
P02406,35-44,Southeast,womens_tops,22,1X,1X
P02407,55-64,Midwest,womens_bottoms,23,XL,M
P02408,35-44,Southwest,mens_tops,19,M,M
P02409,35-44,Northeast,mens_bottoms,4,1X,XL
P02410,55-64,Midwest,womens_dresses,7,M,M
P02411,45-54,Midwest,womens_bottoms,9,2X,1X
P02412,55-64,Midwest,womens_bottoms,23,2X,1X
P02413,25-34,Southwest,mens_tops,9,L,L
P02414,35-44,West,mens_tops,11,L,M
P02415,25-34,Southeast,womens_dresses,6,S,XS
P02416,55-64,Northeast,womens_dresses,23,XL,M
P02417,25-34,Northeast,womens_bottoms,7,1X,L
P02418,25-34,Midwest,womens_bottoms,17,3X+,1X
P02419,25-34,Southeast,womens_dresses,19,XL,L
P02420,25-34,West,mens_tops,14,M,XS
P02421,45-54,Northeast,womens_bottoms,14,2X,1X
P02422,65+,Midwest,mens_tops,6,1X,1X
P02423,35-44,Northeast,womens_dresses,8,M,XS
P02424,55-64,Southwest,womens_dresses,4,S,S
P02425,35-44,Southeast,mens_bottoms,19,1X,XL
P02426,45-54,West,womens_tops,21,L,S
P02427,25-34,Midwest,mens_bottoms,18,2X,1X
P02428,55-64,Midwest,womens_tops,22,S,S
P02429,25-34,West,womens_tops,11,1X,XL
P02430,25-34,Midwest,womens_bottoms,24,M,S
P02431,65+,Southwest,mens_bottoms,18,XL,L
P02432,65+,Midwest,womens_bottoms,19,XL,L
P02433,25-34,Midwest,womens_bottoms,4,L,L
P02434,25-34,Northeast,womens_tops,11,XL,XL
P02435,45-54,West,mens_tops,6,XL,M
P02436,35-44,Northeast,womens_dresses,15,XL,M
P02437,65+,Midwest,womens_tops,23,1X,L
P02438,25-34,Southwest,womens_tops,10,L,L
P02439,45-54,Southeast,mens_bottoms,23,2X,1X
P02440,65+,West,mens_tops,7,M,S
P02441,45-54,Midwest,womens_tops,20,XL,M
P02442,45-54,West,mens_bottoms,21,L,S
P02443,25-34,Northeast,mens_tops,13,XL,M
P02444,45-54,Northeast,mens_tops,13,XL,M
P02445,55-64,Midwest,womens_bottoms,11,XL,M
P02446,45-54,West,womens_bottoms,15,2X,2X
P02447,35-44,Midwest,mens_bottoms,5,XL,L
P02448,25-34,West,womens_tops,3,M,XS
P02449,65+,Northeast,mens_bottoms,16,S,XS
P02450,35-44,Southeast,womens_tops,10,L,M
P02451,35-44,Southwest,womens_tops,6,2X,2X
P02452,45-54,Midwest,mens_bottoms,20,S,S
P02453,35-44,Northeast,womens_dresses,8,1X,1X
P02454,25-34,West,womens_dresses,12,L,S
P02455,25-34,Southwest,womens_dresses,3,L,L
P02456,35-44,West,womens_bottoms,21,L,S
P02457,45-54,Southwest,womens_bottoms,24,1X,L
P02458,45-54,Northeast,womens_bottoms,23,XL,L
P02459,65+,West,mens_bottoms,13,L,L
P02460,55-64,West,mens_bottoms,18,2X,1X
P02461,55-64,West,womens_tops,18,S,XS
P02462,65+,West,womens_bottoms,19,L,M
P02463,35-44,Midwest,womens_dresses,17,1X,L
P02464,55-64,Midwest,womens_tops,23,1X,L
P02465,45-54,Southwest,mens_tops,16,L,M
P02466,35-44,West,mens_tops,4,1X,1X
P02467,45-54,West,womens_dresses,18,L,L
P02468,35-44,Southeast,womens_tops,21,XL,XL
P02469,45-54,Northeast,womens_dresses,23,L,XS
P02470,35-44,Southeast,mens_bottoms,16,2X,1X
P02471,35-44,Midwest,womens_bottoms,24,XL,L
P02472,25-34,Southeast,womens_bottoms,18,XS,XS
P02473,65+,Southwest,mens_tops,24,XS,XS
P02474,35-44,Midwest,mens_tops,18,1X,XL
P02475,35-44,Midwest,womens_dresses,24,XS,XS
P02476,65+,Southwest,womens_bottoms,9,XL,L
P02477,45-54,Southeast,mens_tops,15,1X,L
P02478,25-34,Northeast,womens_bottoms,23,1X,XL
P02479,25-34,Midwest,womens_tops,14,1X,M
P02480,65+,Southeast,womens_dresses,18,1X,M
P02481,55-64,Midwest,womens_dresses,14,1X,L
P02482,55-64,Midwest,womens_tops,15,XL,L
P02483,25-34,West,womens_dresses,15,M,S
P02484,35-44,Southeast,womens_dresses,12,2X,XL
P02485,25-34,Southwest,mens_bottoms,14,2X,XL
P02486,35-44,Northeast,womens_dresses,22,XL,S
P02487,25-34,Midwest,womens_dresses,22,2X,XL
P02488,45-54,Midwest,womens_dresses,8,S,S
P02489,35-44,Northeast,mens_tops,9,1X,L
P02490,25-34,Southeast,womens_tops,22,M,XS
P02491,25-34,Midwest,womens_tops,18,XL,M
P02492,65+,Southeast,womens_dresses,20,1X,M
P02493,35-44,Southwest,womens_dresses,11,XL,S
P02494,35-44,West,womens_bottoms,14,L,S
P02495,25-34,Southwest,mens_bottoms,15,L,M
P02496,45-54,West,mens_tops,3,M,M
P02497,25-34,Northeast,womens_bottoms,3,S,XS
P02498,65+,Midwest,mens_bottoms,11,3X+,3X+
P02499,55-64,Southwest,mens_bottoms,22,1X,M
P02500,45-54,West,womens_dresses,11,2X,1X
P02501,35-44,Southwest,mens_bottoms,6,S,XS
P02502,35-44,Southeast,womens_tops,20,XL,M
P02503,45-54,Southeast,womens_tops,4,XL,M
P02504,65+,Southwest,mens_tops,17,XL,L
P02505,65+,Southeast,womens_dresses,6,1X,XL
P02506,55-64,Southeast,mens_bottoms,24,3X+,2X
P02507,65+,Midwest,womens_dresses,11,XL,L
P02508,55-64,Southeast,mens_bottoms,16,L,S
P02509,35-44,Midwest,womens_dresses,19,XL,S
P02510,55-64,Southwest,womens_bottoms,15,XL,L
P02511,35-44,Southwest,womens_bottoms,6,M,M
P02512,55-64,Northeast,womens_tops,23,2X,XL
P02513,45-54,Southeast,mens_bottoms,23,2X,1X
P02514,45-54,Northeast,womens_dresses,20,S,XS
P02515,45-54,Southwest,womens_tops,18,L,L
P02516,25-34,Southwest,mens_bottoms,3,M,S
P02517,55-64,Southeast,womens_bottoms,13,2X,XL
P02518,45-54,Northeast,mens_bottoms,21,2X,1X
P02519,45-54,Southwest,mens_bottoms,9,S,XS
P02520,45-54,Southeast,womens_bottoms,16,XL,XL
P02521,45-54,Midwest,womens_dresses,18,M,S
P02522,65+,Southeast,womens_bottoms,14,L,M
P02523,55-64,West,mens_bottoms,11,L,L
P02524,45-54,Midwest,womens_bottoms,4,L,L
P02525,35-44,Midwest,womens_tops,7,L,S
P02526,65+,Midwest,womens_tops,16,L,M
P02527,65+,West,mens_bottoms,18,2X,XL
P02528,65+,Southeast,mens_bottoms,23,XL,L
P02529,35-44,Northeast,mens_tops,9,3X+,1X
P02530,25-34,Northeast,mens_bottoms,23,L,M
P02531,35-44,West,womens_bottoms,10,1X,XL
P02532,55-64,Southeast,womens_dresses,19,L,S
P02533,55-64,Northeast,womens_dresses,11,XL,L
P02534,55-64,Southwest,womens_dresses,24,2X,XL
P02535,25-34,Midwest,womens_tops,16,L,L
P02536,45-54,Southeast,mens_tops,17,3X+,1X
P02537,45-54,Southeast,mens_bottoms,15,L,M
P02538,25-34,Southwest,womens_bottoms,10,XL,M
P02539,45-54,Southwest,womens_bottoms,12,XL,L
P02540,65+,Southwest,womens_bottoms,10,L,M
P02541,25-34,Northeast,mens_bottoms,12,XL,XL
P02542,25-34,Northeast,womens_bottoms,5,XL,XL
P02543,55-64,Northeast,mens_bottoms,21,L,M
P02544,65+,Southeast,womens_dresses,24,3X+,2X
P02545,35-44,Southwest,womens_tops,14,2X,1X
P02546,55-64,Midwest,mens_tops,3,1X,1X
P02547,35-44,Midwest,womens_bottoms,9,XL,XL
P02548,45-54,Northeast,womens_bottoms,21,3X+,3X+
P02549,55-64,Southwest,womens_bottoms,3,M,S
P02550,25-34,Northeast,mens_bottoms,22,M,S
P02551,25-34,Midwest,womens_bottoms,21,1X,XL
P02552,55-64,Southeast,womens_dresses,3,3X+,2X
P02553,35-44,Southwest,womens_tops,17,XL,M
P02554,45-54,Midwest,mens_tops,14,2X,1X
P02555,25-34,Northeast,womens_dresses,3,L,M
P02556,45-54,Southeast,womens_bottoms,11,XL,L
P02557,55-64,West,womens_tops,11,1X,1X
P02558,45-54,Northeast,mens_bottoms,19,2X,1X
P02559,35-44,Southeast,womens_dresses,10,XL,L
P02560,65+,Midwest,mens_tops,14,2X,XL
P02561,25-34,Midwest,mens_tops,24,2X,1X
P02562,55-64,Southwest,womens_bottoms,21,XL,XL
P02563,65+,West,womens_dresses,23,M,S
P02564,35-44,Southeast,womens_dresses,22,1X,1X
P02565,35-44,West,womens_bottoms,6,S,XS
P02566,35-44,Northeast,mens_tops,8,1X,L
P02567,65+,West,mens_bottoms,3,1X,1X
P02568,45-54,West,mens_bottoms,21,3X+,3X+
P02569,35-44,West,mens_tops,18,2X,1X
P02570,65+,Southwest,mens_bottoms,13,XL,M
P02571,25-34,Southwest,womens_tops,12,3X+,1X
P02572,25-34,Northeast,mens_tops,20,XS,XS
P02573,55-64,Southeast,mens_bottoms,10,L,M
P02574,35-44,Southwest,womens_bottoms,16,XL,L
P02575,25-34,Southwest,womens_tops,5,1X,1X
P02576,45-54,Midwest,womens_bottoms,10,M,S
P02577,65+,Midwest,womens_dresses,3,2X,1X
P02578,45-54,West,womens_bottoms,4,2X,2X
P02579,65+,Southwest,mens_bottoms,14,M,XS
P02580,65+,Southwest,womens_tops,17,S,XS
P02581,35-44,West,womens_tops,16,1X,XL
P02582,45-54,Midwest,womens_bottoms,18,2X,M
P02583,45-54,Southwest,mens_tops,15,XL,L
P02584,45-54,Southwest,womens_tops,14,L,M
P02585,55-64,Northeast,womens_bottoms,17,M,XS
P02586,25-34,Northeast,womens_dresses,16,L,M
P02587,25-34,West,womens_bottoms,3,M,M
P02588,35-44,Southeast,womens_bottoms,16,L,M
P02589,25-34,Northeast,womens_tops,11,L,L
P02590,55-64,West,mens_bottoms,3,1X,XL
P02591,25-34,West,mens_bottoms,20,L,L
P02592,35-44,West,womens_bottoms,9,1X,XL
P02593,45-54,Southwest,womens_dresses,16,S,XS
P02594,45-54,Southwest,womens_bottoms,22,1X,L
P02595,65+,Southeast,mens_bottoms,3,2X,2X
P02596,55-64,Southeast,mens_tops,4,1X,L
P02597,55-64,Southeast,womens_dresses,8,1X,1X
P02598,55-64,West,womens_dresses,7,M,M
P02599,55-64,Southeast,mens_bottoms,21,2X,2X
P02600,35-44,West,womens_dresses,23,3X+,XL
P02601,65+,Northeast,mens_bottoms,12,S,XS
P02602,45-54,West,womens_dresses,21,XL,L
P02603,55-64,Southeast,womens_bottoms,4,1X,1X
P02604,65+,Northeast,womens_bottoms,19,XL,L
P02605,55-64,Midwest,womens_tops,7,1X,1X
P02606,55-64,West,mens_bottoms,4,XL,XL
P02607,25-34,Southwest,womens_tops,8,1X,XL
P02608,65+,Southeast,womens_dresses,4,L,L
P02609,55-64,West,mens_tops,19,1X,XL
P02610,65+,Northeast,womens_bottoms,5,M,S
P02611,35-44,West,womens_dresses,13,L,M
P02612,55-64,Northeast,womens_tops,14,XL,L
P02613,65+,Southwest,womens_dresses,13,2X,1X
P02614,65+,West,mens_tops,15,2X,1X
P02615,45-54,Midwest,womens_bottoms,13,L,S
P02616,65+,Southwest,mens_bottoms,5,L,M
P02617,65+,Midwest,mens_bottoms,23,M,XS
P02618,45-54,Northeast,womens_bottoms,14,L,M
P02619,35-44,Southwest,womens_dresses,16,XS,XS
P02620,45-54,Northeast,womens_tops,14,L,M
P02621,55-64,Midwest,womens_bottoms,17,M,XS
P02622,45-54,Southwest,womens_bottoms,13,XL,XL
P02623,55-64,Southeast,mens_bottoms,24,XL,L
P02624,25-34,Midwest,womens_bottoms,11,XL,XL
P02625,35-44,Southeast,mens_bottoms,16,XL,L
P02626,45-54,Midwest,womens_bottoms,8,M,XS
P02627,55-64,Northeast,womens_tops,6,2X,2X
P02628,35-44,Southwest,womens_dresses,6,L,S
P02629,25-34,Southeast,womens_tops,20,XL,XL
P02630,65+,Midwest,womens_dresses,24,1X,L
P02631,45-54,Northeast,womens_bottoms,21,M,XS
P02632,55-64,Southwest,mens_tops,5,1X,XL
P02633,45-54,Midwest,womens_dresses,7,1X,1X
P02634,45-54,West,womens_bottoms,16,XL,XL
P02635,45-54,Midwest,womens_dresses,17,L,M
P02636,65+,Southeast,womens_dresses,5,XL,XL
P02637,55-64,Midwest,womens_dresses,18,S,S
P02638,25-34,West,mens_bottoms,9,1X,XL
P02639,55-64,Southwest,womens_bottoms,24,1X,XL
P02640,65+,Midwest,womens_dresses,11,3X+,2X
P02641,25-34,West,mens_tops,15,XL,L
P02642,45-54,Northeast,womens_dresses,17,XL,XL
P02643,35-44,Northeast,mens_tops,11,M,S
P02644,25-34,Northeast,womens_dresses,10,XL,L
P02645,25-34,Southwest,womens_dresses,16,XL,L
P02646,25-34,Northeast,womens_tops,14,1X,L
P02647,25-34,Southeast,womens_dresses,15,L,S
P02648,45-54,West,mens_tops,12,L,L
P02649,45-54,Southeast,womens_bottoms,10,M,XS
P02650,65+,West,mens_tops,7,XL,L
P02651,25-34,Midwest,womens_tops,24,L,S
P02652,65+,West,womens_tops,6,XL,L
P02653,45-54,Southeast,womens_dresses,18,2X,1X
P02654,55-64,Southwest,womens_tops,24,XL,XS
P02655,45-54,Southeast,mens_bottoms,3,3X+,2X
P02656,65+,Midwest,womens_dresses,18,1X,XL
P02657,35-44,Northeast,womens_tops,13,L,S
P02658,45-54,Southwest,womens_tops,11,L,M
P02659,55-64,Southeast,womens_bottoms,22,S,XS
P02660,65+,Midwest,mens_tops,13,2X,1X
P02661,65+,Midwest,womens_bottoms,16,XL,M
P02662,55-64,Northeast,womens_dresses,9,1X,1X
P02663,45-54,West,mens_bottoms,10,S,XS
P02664,35-44,Southwest,womens_dresses,17,XL,M
P02665,35-44,Southeast,womens_tops,16,2X,M
P02666,65+,West,mens_bottoms,9,XL,M
P02667,35-44,West,womens_bottoms,10,XL,M
P02668,25-34,Southwest,womens_tops,15,2X,2X
P02669,45-54,Southwest,mens_bottoms,10,1X,XL
P02670,45-54,Southwest,womens_bottoms,7,3X+,3X+
P02671,65+,Southeast,womens_tops,5,L,L
P02672,55-64,Northeast,womens_tops,6,M,M
P02673,35-44,Southwest,womens_dresses,7,L,L
P02674,35-44,Southeast,womens_tops,22,XL,M
P02675,35-44,Northeast,mens_bottoms,22,2X,1X
P02676,55-64,Midwest,mens_bottoms,24,L,M
P02677,45-54,Southwest,mens_bottoms,4,L,L
P02678,65+,Southwest,womens_tops,16,XL,L
P02679,65+,Northeast,mens_bottoms,6,2X,1X
P02680,55-64,Midwest,mens_bottoms,3,1X,1X
P02681,65+,Southeast,mens_tops,18,1X,XL
P02682,65+,Southwest,womens_dresses,4,1X,1X
P02683,55-64,Northeast,womens_bottoms,6,2X,2X
P02684,25-34,Midwest,womens_dresses,10,XL,XL
P02685,45-54,Midwest,womens_bottoms,11,XL,L
P02686,25-34,Northeast,womens_dresses,10,3X+,2X
P02687,65+,Southeast,mens_tops,17,L,L
P02688,55-64,Southwest,mens_bottoms,9,1X,XL
P02689,65+,West,womens_bottoms,11,1X,1X
P02690,35-44,West,mens_tops,7,XL,M
P02691,35-44,Northeast,womens_tops,23,2X,2X
P02692,25-34,Southeast,womens_tops,24,XL,S
P02693,55-64,Northeast,womens_bottoms,17,1X,XL
P02694,25-34,Southwest,mens_bottoms,4,2X,1X
P02695,35-44,West,womens_bottoms,11,2X,XL
P02696,55-64,West,womens_bottoms,8,1X,1X
P02697,35-44,Northeast,womens_tops,15,M,M
P02698,25-34,Southeast,womens_bottoms,17,1X,L
P02699,55-64,Southwest,mens_bottoms,9,S,S
P02700,35-44,West,mens_bottoms,10,XL,XL
P02701,65+,Midwest,womens_tops,23,L,M
P02702,55-64,Northeast,womens_tops,22,XL,L
P02703,45-54,Southeast,mens_bottoms,20,L,M
P02704,55-64,West,womens_tops,17,XL,XL
P02705,35-44,Southeast,mens_bottoms,5,M,S
P02706,65+,Northeast,womens_dresses,9,XL,M
P02707,25-34,Southwest,mens_tops,3,XL,L
P02708,35-44,West,womens_dresses,19,1X,XL
P02709,45-54,West,womens_bottoms,8,1X,L
P02710,65+,Southeast,womens_bottoms,7,1X,1X
P02711,65+,Northeast,mens_tops,24,XL,M
P02712,25-34,Midwest,womens_bottoms,22,L,S
P02713,25-34,Southeast,womens_dresses,6,L,S
P02714,35-44,Northeast,womens_tops,24,L,M
P02715,45-54,Midwest,womens_bottoms,22,1X,1X
P02716,65+,Northeast,mens_bottoms,8,L,M
P02717,55-64,Southwest,mens_bottoms,22,L,M
P02718,25-34,Midwest,womens_dresses,14,L,S
P02719,25-34,Northeast,womens_dresses,17,S,XS
P02720,25-34,Southeast,womens_tops,16,XL,M
P02721,35-44,Northeast,womens_bottoms,3,1X,1X
P02722,65+,Southeast,womens_tops,8,1X,XL
P02723,35-44,Southeast,mens_bottoms,10,2X,1X
P02724,65+,Southwest,womens_tops,18,L,S
P02725,55-64,Southeast,womens_bottoms,20,M,S
P02726,25-34,Southeast,womens_dresses,16,M,M
P02727,45-54,Southwest,womens_tops,18,1X,1X
P02728,25-34,West,womens_tops,6,1X,XL
P02729,65+,Southwest,womens_dresses,19,XL,XL
P02730,55-64,Southeast,womens_dresses,19,L,L
P02731,65+,Southwest,womens_tops,15,1X,XL
P02732,65+,Northeast,womens_bottoms,6,L,L
P02733,55-64,West,mens_bottoms,21,S,XS
P02734,55-64,Southeast,mens_tops,8,1X,XL
P02735,45-54,Southwest,mens_tops,15,M,S
P02736,25-34,Southwest,womens_dresses,4,2X,2X
P02737,55-64,Northeast,womens_tops,22,M,S
P02738,25-34,Southwest,womens_tops,19,M,XS
P02739,45-54,Northeast,mens_bottoms,6,3X+,1X
P02740,65+,Southeast,womens_tops,6,L,L
P02741,45-54,Northeast,womens_tops,3,S,S
P02742,25-34,Southwest,mens_tops,14,3X+,2X
P02743,35-44,Midwest,womens_tops,4,S,XS
P02744,65+,Midwest,womens_dresses,18,3X+,2X
P02745,35-44,Northeast,womens_bottoms,15,M,XS
P02746,45-54,Northeast,womens_tops,19,M,S
P02747,25-34,West,mens_bottoms,6,3X+,2X
P02748,35-44,Northeast,mens_bottoms,8,XL,L
P02749,55-64,Midwest,mens_bottoms,6,1X,XL
P02750,65+,Southwest,mens_tops,3,L,L
P02751,25-34,Southeast,womens_tops,24,XL,XL
P02752,35-44,Southwest,womens_bottoms,23,XL,L
P02753,55-64,Midwest,womens_tops,21,2X,2X
P02754,55-64,Southwest,womens_tops,8,L,M
P02755,55-64,Southwest,mens_tops,17,L,M
P02756,55-64,Southwest,womens_dresses,7,L,S
P02757,65+,Midwest,mens_tops,18,L,S
P02758,35-44,Southwest,womens_bottoms,23,M,M
P02759,25-34,West,womens_bottoms,11,M,M
P02760,35-44,Midwest,womens_tops,6,2X,2X
P02761,65+,Southeast,womens_tops,23,2X,2X
P02762,55-64,Midwest,mens_tops,18,L,M
P02763,25-34,Midwest,mens_bottoms,20,1X,1X
P02764,25-34,Northeast,womens_bottoms,11,1X,XL
P02765,25-34,West,mens_tops,6,2X,1X
P02766,65+,Northeast,womens_dresses,20,1X,XL
P02767,25-34,Northeast,womens_dresses,16,1X,L
P02768,55-64,Southeast,womens_dresses,19,1X,L
P02769,35-44,West,womens_dresses,22,S,XS
P02770,35-44,Southeast,mens_bottoms,17,1X,1X
P02771,35-44,Southeast,womens_dresses,4,2X,1X
P02772,35-44,Southeast,womens_bottoms,3,M,M
P02773,45-54,Midwest,womens_dresses,14,3X+,3X+
P02774,65+,Midwest,mens_bottoms,23,L,S
P02775,55-64,West,womens_tops,7,S,S
P02776,55-64,Midwest,womens_tops,4,M,M
P02777,25-34,Southwest,mens_tops,11,L,M
P02778,65+,Northeast,mens_bottoms,8,2X,2X
P02779,25-34,Southwest,mens_bottoms,13,3X+,3X+
P02780,45-54,Northeast,mens_bottoms,8,3X+,2X
P02781,45-54,Midwest,mens_tops,13,XS,XS
P02782,55-64,West,womens_bottoms,23,1X,L
P02783,45-54,West,womens_dresses,13,M,S
P02784,65+,Midwest,womens_tops,22,L,S
P02785,55-64,West,womens_dresses,4,2X,1X
P02786,25-34,Northeast,mens_bottoms,15,M,S
P02787,35-44,Midwest,womens_dresses,23,1X,XL
P02788,55-64,Midwest,mens_tops,24,3X+,1X
P02789,25-34,Southwest,womens_tops,3,1X,XL
P02790,65+,Southeast,mens_bottoms,7,XL,L
P02791,55-64,Northeast,womens_tops,10,XL,M
P02792,55-64,Midwest,womens_tops,13,3X+,2X
P02793,35-44,Southeast,mens_tops,24,XL,L
P02794,65+,West,womens_tops,19,XL,XL
P02795,45-54,Northeast,womens_dresses,15,L,M
P02796,25-34,Southwest,mens_tops,15,XL,M
P02797,35-44,Southeast,womens_tops,22,M,XS
P02798,55-64,Southwest,womens_dresses,10,XL,M
P02799,55-64,Southwest,womens_tops,16,1X,L
P02800,25-34,West,womens_tops,12,XL,XL
P02801,55-64,Midwest,womens_tops,8,L,S
P02802,55-64,Northeast,womens_tops,13,1X,1X
P02803,45-54,Southeast,womens_tops,9,XL,XL
P02804,25-34,Midwest,womens_bottoms,5,2X,2X
P02805,35-44,West,mens_bottoms,8,3X+,3X+
P02806,65+,Southwest,womens_tops,15,XL,M
P02807,65+,Southeast,womens_bottoms,23,1X,1X
P02808,45-54,West,womens_dresses,7,3X+,2X
P02809,65+,Southwest,womens_bottoms,21,3X+,XL
P02810,55-64,Northeast,womens_bottoms,21,L,S
P02811,65+,Northeast,mens_bottoms,20,S,S
P02812,45-54,Midwest,mens_tops,14,L,S
P02813,55-64,Southwest,womens_bottoms,9,M,M
P02814,25-34,Southeast,womens_tops,23,L,S
P02815,65+,Northeast,womens_tops,3,L,M
P02816,25-34,Southwest,womens_bottoms,23,M,M
P02817,65+,West,womens_tops,20,XL,M
P02818,35-44,Northeast,womens_tops,15,2X,L
P02819,25-34,Northeast,womens_tops,22,M,XS
P02820,25-34,Southeast,womens_bottoms,15,1X,1X
P02821,45-54,Southwest,mens_bottoms,14,XL,S
P02822,55-64,Midwest,womens_tops,23,M,XS
P02823,45-54,Northeast,womens_dresses,19,1X,XL
P02824,25-34,Southeast,womens_tops,14,XS,XS
P02825,35-44,Southeast,mens_tops,14,L,M
P02826,35-44,Midwest,mens_tops,6,L,S
P02827,35-44,Southwest,mens_tops,18,3X+,1X
P02828,25-34,Midwest,mens_bottoms,24,XL,L
P02829,55-64,Northeast,womens_bottoms,18,M,XS
P02830,35-44,Southeast,womens_tops,19,2X,1X
P02831,25-34,West,mens_tops,6,1X,XL
P02832,65+,Southeast,womens_dresses,22,S,XS
P02833,25-34,West,mens_bottoms,24,3X+,XL
P02834,35-44,Northeast,mens_bottoms,24,S,XS
P02835,45-54,Southwest,mens_bottoms,7,L,S
P02836,25-34,Midwest,womens_dresses,6,1X,XL
P02837,55-64,West,womens_tops,18,L,M
P02838,25-34,Northeast,mens_tops,3,S,S
P02839,65+,West,womens_dresses,17,XL,L
P02840,35-44,Northeast,mens_bottoms,7,1X,1X
P02841,35-44,Southeast,womens_dresses,15,3X+,1X
P02842,45-54,Northeast,womens_tops,4,3X+,3X+
P02843,25-34,Northeast,womens_dresses,11,1X,L
P02844,25-34,Southwest,mens_bottoms,11,XL,XL
P02845,25-34,Northeast,womens_dresses,20,L,M
P02846,65+,Southwest,mens_bottoms,4,3X+,3X+
P02847,35-44,Southeast,womens_dresses,7,XL,XL
P02848,65+,Southwest,womens_tops,4,L,L
P02849,25-34,Midwest,womens_tops,24,2X,XL
P02850,45-54,Northeast,womens_tops,23,XL,XL
P02851,35-44,West,mens_bottoms,22,XL,XS
P02852,25-34,Midwest,womens_bottoms,21,L,S
P02853,45-54,Midwest,womens_tops,15,L,S
P02854,35-44,Southwest,mens_tops,7,1X,L
P02855,65+,Northeast,womens_bottoms,16,XL,M
P02856,65+,Southeast,mens_tops,8,M,XS
P02857,55-64,Southeast,mens_tops,18,L,M
P02858,65+,Northeast,mens_tops,6,XL,XL
P02859,25-34,Southwest,mens_tops,21,M,M
P02860,35-44,Northeast,womens_bottoms,24,XL,XL
P02861,25-34,Southwest,womens_dresses,19,2X,1X
P02862,35-44,Southeast,mens_tops,12,2X,1X
P02863,65+,Midwest,womens_tops,17,M,S
P02864,45-54,Midwest,mens_bottoms,13,XL,XL
P02865,45-54,Southwest,womens_tops,16,S,XS
P02866,45-54,Southeast,womens_bottoms,4,2X,1X
P02867,35-44,Midwest,mens_bottoms,11,XL,M
P02868,65+,Midwest,womens_dresses,19,M,S
P02869,65+,West,womens_bottoms,7,1X,XL
P02870,35-44,Southwest,mens_tops,4,XL,XL
P02871,55-64,Southwest,mens_tops,21,M,XS
P02872,65+,Southwest,womens_tops,17,XL,XL
P02873,25-34,Southeast,womens_dresses,22,S,XS
P02874,35-44,West,mens_tops,12,XL,L
P02875,25-34,West,mens_bottoms,24,S,XS
P02876,35-44,Southeast,mens_bottoms,20,2X,XL
P02877,65+,West,mens_tops,6,S,XS
P02878,55-64,Southeast,mens_tops,19,M,M
P02879,35-44,Midwest,womens_bottoms,9,2X,XL
P02880,65+,Southwest,womens_bottoms,21,1X,XL
P02881,25-34,West,womens_dresses,20,L,XS
P02882,55-64,Southwest,womens_tops,19,M,S
P02883,25-34,West,womens_dresses,22,2X,1X
P02884,45-54,Midwest,womens_bottoms,6,2X,1X
P02885,45-54,Southwest,womens_bottoms,17,2X,2X
P02886,55-64,Southwest,womens_dresses,5,S,XS
P02887,65+,Southwest,mens_bottoms,3,1X,L
P02888,25-34,Midwest,womens_bottoms,17,3X+,3X+
P02889,55-64,Northeast,womens_tops,17,2X,1X
P02890,65+,Southwest,mens_bottoms,14,L,M
P02891,45-54,Southeast,womens_bottoms,13,1X,M
P02892,25-34,Southeast,mens_tops,5,3X+,1X
P02893,45-54,Midwest,mens_bottoms,13,M,S
P02894,25-34,West,mens_bottoms,12,S,XS
P02895,55-64,West,womens_dresses,14,2X,XL
P02896,55-64,Midwest,mens_bottoms,17,L,M
P02897,25-34,Midwest,mens_tops,8,XS,XS
P02898,25-34,Southeast,mens_bottoms,4,3X+,3X+
P02899,45-54,Southwest,womens_bottoms,20,1X,L
P02900,65+,Southwest,mens_bottoms,15,3X+,1X
P02901,45-54,Midwest,womens_tops,4,M,XS
P02902,65+,Southwest,womens_dresses,17,L,XS
P02903,45-54,Northeast,womens_tops,21,1X,XL
P02904,35-44,Midwest,womens_bottoms,10,M,S
P02905,55-64,Southwest,mens_bottoms,15,2X,1X
P02906,55-64,Midwest,mens_bottoms,22,L,S
P02907,65+,West,mens_tops,7,L,M
P02908,25-34,Southwest,womens_bottoms,20,XS,XS
P02909,35-44,Northeast,womens_tops,14,3X+,2X
P02910,45-54,Southeast,mens_tops,16,2X,XL
P02911,35-44,Northeast,womens_dresses,16,M,M
P02912,55-64,Southeast,mens_bottoms,8,XL,M
P02913,55-64,Midwest,mens_bottoms,17,L,M
P02914,35-44,Southeast,womens_bottoms,7,L,M
P02915,25-34,Midwest,womens_dresses,4,M,XS
P02916,35-44,West,womens_tops,15,L,L
P02917,25-34,Southeast,mens_bottoms,3,L,M
P02918,45-54,West,mens_tops,8,1X,XL
P02919,65+,West,mens_tops,14,L,S
P02920,55-64,Southeast,mens_bottoms,3,L,L
P02921,35-44,Northeast,womens_bottoms,17,1X,XL
P02922,55-64,Northeast,mens_tops,23,XL,M
P02923,55-64,West,womens_bottoms,15,2X,1X
P02924,25-34,Midwest,mens_bottoms,5,1X,1X
P02925,25-34,West,mens_bottoms,4,XL,L
P02926,45-54,West,womens_tops,14,L,L
P02927,35-44,West,mens_bottoms,22,XL,L
P02928,65+,Northeast,womens_tops,13,S,XS
P02929,65+,Northeast,mens_bottoms,11,L,M
P02930,55-64,Southeast,mens_tops,16,L,L
P02931,35-44,Southwest,womens_tops,9,L,L
P02932,65+,Northeast,womens_bottoms,4,1X,1X
P02933,45-54,West,womens_tops,14,XL,L
P02934,65+,Midwest,womens_tops,22,L,S
P02935,55-64,Northeast,mens_bottoms,13,1X,XL
P02936,25-34,West,womens_bottoms,14,L,L
P02937,45-54,Northeast,womens_tops,3,M,S
P02938,25-34,Southeast,womens_tops,12,XL,XL
P02939,35-44,Southeast,womens_bottoms,20,1X,XL
P02940,45-54,West,womens_dresses,6,3X+,3X+
P02941,45-54,Southeast,womens_bottoms,8,S,XS
P02942,25-34,Midwest,mens_bottoms,16,L,S
P02943,35-44,Southeast,mens_tops,12,M,M
P02944,55-64,Northeast,womens_bottoms,10,S,XS
P02945,55-64,West,mens_tops,9,L,L
P02946,25-34,Southeast,womens_tops,18,2X,1X
P02947,55-64,Northeast,womens_dresses,23,XL,M
P02948,25-34,Southeast,womens_bottoms,19,L,S
P02949,35-44,Southeast,womens_bottoms,5,L,L
P02950,25-34,Midwest,womens_dresses,14,M,S
P02951,45-54,Northeast,womens_dresses,24,2X,L
P02952,55-64,Southwest,womens_tops,13,2X,XL
P02953,55-64,Southeast,mens_bottoms,16,2X,2X
P02954,35-44,Northeast,womens_bottoms,12,3X+,1X
P02955,55-64,Southwest,womens_dresses,19,XL,XL
P02956,25-34,Southeast,womens_bottoms,21,2X,L
P02957,45-54,West,womens_tops,19,XL,M
P02958,35-44,Northeast,womens_dresses,21,XL,L
P02959,55-64,Southeast,mens_tops,22,L,XS
P02960,45-54,West,womens_bottoms,17,3X+,2X
P02961,35-44,Southwest,mens_tops,20,XL,S
P02962,45-54,Southwest,mens_bottoms,20,2X,XL
P02963,35-44,Southwest,mens_bottoms,3,L,L
P02964,55-64,West,mens_tops,3,M,XS
P02965,55-64,West,mens_tops,24,L,M
P02966,45-54,Southeast,womens_tops,5,L,M
P02967,25-34,Southeast,mens_bottoms,20,L,S
P02968,45-54,Southeast,womens_dresses,8,S,XS
P02969,25-34,Northeast,womens_dresses,4,2X,1X
P02970,45-54,West,womens_dresses,10,XL,XL
P02971,45-54,Midwest,mens_bottoms,15,L,M
P02972,25-34,Southwest,mens_bottoms,3,L,L
P02973,55-64,Southeast,mens_tops,12,XL,XL
P02974,45-54,West,mens_bottoms,16,L,S
P02975,55-64,Southeast,womens_tops,21,L,S
P02976,45-54,Midwest,mens_tops,3,S,XS
P02977,35-44,Southeast,mens_bottoms,16,L,L
P02978,35-44,Southwest,womens_dresses,19,1X,XL
P02979,45-54,Southwest,womens_tops,11,XL,M
P02980,35-44,Southwest,womens_dresses,18,2X,XL
P02981,35-44,Southeast,womens_bottoms,4,3X+,3X+
P02982,65+,Southeast,womens_bottoms,11,M,XS
P02983,55-64,Southeast,womens_bottoms,9,1X,1X
P02984,25-34,Southeast,mens_bottoms,17,XS,XS
P02985,35-44,Northeast,mens_tops,21,L,M
P02986,55-64,Northeast,womens_tops,7,L,M
P02987,45-54,West,mens_bottoms,10,2X,XL
P02988,25-34,Southeast,womens_bottoms,4,1X,1X
P02989,25-34,Southeast,mens_bottoms,15,XL,S
P02990,65+,Southwest,mens_bottoms,20,M,S
P02991,55-64,West,mens_tops,17,M,S
P02992,45-54,Northeast,womens_bottoms,13,XL,M
P02993,45-54,Midwest,womens_bottoms,8,3X+,1X
P02994,45-54,West,womens_tops,10,XL,L
P02995,65+,Midwest,womens_bottoms,4,2X,1X
P02996,45-54,Northeast,womens_tops,8,1X,XL
P02997,35-44,West,mens_tops,4,L,L
P02998,55-64,Northeast,womens_bottoms,23,L,L
P02999,65+,West,womens_tops,11,L,S
P03000,55-64,West,mens_tops,4,XL,L
P03001,25-34,Southeast,mens_tops,13,2X,1X
P03002,55-64,West,mens_bottoms,3,L,L
P03003,45-54,Southeast,womens_bottoms,5,L,L
P03004,45-54,Southwest,womens_bottoms,20,XL,M
P03005,65+,West,womens_bottoms,7,XL,XL
P03006,25-34,Southeast,womens_tops,23,S,XS
P03007,45-54,Southeast,womens_tops,5,1X,XL
P03008,35-44,Southeast,mens_tops,9,1X,L
P03009,55-64,Southwest,womens_dresses,18,M,XS
P03010,65+,Southeast,mens_tops,14,L,L
P03011,45-54,Southwest,mens_bottoms,5,XL,XL
P03012,55-64,Midwest,mens_tops,4,1X,XL
P03013,35-44,Southwest,womens_tops,23,L,S
P03014,25-34,Midwest,mens_bottoms,9,L,L
P03015,55-64,West,mens_bottoms,9,XL,L
P03016,55-64,Southwest,mens_bottoms,3,XL,L
P03017,65+,Southeast,womens_tops,13,2X,XL
P03018,35-44,Midwest,mens_bottoms,19,1X,L
P03019,45-54,Northeast,mens_tops,9,3X+,2X
P03020,25-34,West,womens_bottoms,20,S,S
P03021,35-44,Midwest,womens_bottoms,9,L,L
P03022,25-34,Southwest,womens_bottoms,4,M,S
P03023,65+,West,mens_bottoms,16,XL,XL
P03024,35-44,Southeast,womens_tops,5,1X,1X
P03025,25-34,Southwest,mens_tops,15,M,S
P03026,65+,West,womens_tops,24,3X+,1X
P03027,55-64,West,womens_dresses,7,3X+,2X
P03028,35-44,Southwest,mens_tops,8,M,S
P03029,55-64,Northeast,mens_tops,22,3X+,1X
P03030,35-44,Midwest,mens_bottoms,6,L,M
P03031,25-34,Southwest,mens_bottoms,12,1X,1X
P03032,65+,Northeast,womens_tops,10,M,M
P03033,45-54,Midwest,womens_dresses,8,2X,2X
P03034,45-54,Northeast,womens_dresses,16,XL,M
P03035,35-44,Southwest,womens_dresses,6,L,L
P03036,25-34,Southwest,mens_bottoms,18,XL,M
P03037,25-34,Midwest,womens_bottoms,22,2X,1X
P03038,45-54,Midwest,womens_tops,8,1X,XL
P03039,25-34,Southeast,mens_tops,20,L,M
P03040,25-34,Southeast,womens_tops,21,M,XS
P03041,65+,Southwest,mens_bottoms,22,2X,2X
P03042,45-54,Southwest,womens_bottoms,4,2X,1X
P03043,35-44,Southeast,mens_tops,4,2X,1X
P03044,45-54,Southwest,womens_tops,6,M,S
P03045,35-44,Southeast,mens_bottoms,21,S,XS
P03046,65+,West,womens_tops,9,XL,L
P03047,65+,West,womens_bottoms,9,L,M
P03048,25-34,Northeast,mens_tops,6,3X+,2X
P03049,65+,Southwest,mens_bottoms,11,S,XS
P03050,35-44,Southwest,womens_bottoms,3,S,XS
P03051,25-34,Northeast,womens_bottoms,16,M,XS
P03052,35-44,Northeast,womens_tops,10,1X,1X
P03053,55-64,Southeast,mens_tops,24,2X,XL
P03054,25-34,Northeast,mens_bottoms,11,1X,XL
P03055,35-44,West,mens_tops,13,XL,L
P03056,55-64,Southeast,womens_dresses,7,M,S
P03057,35-44,Northeast,mens_tops,5,1X,XL
P03058,45-54,Southeast,womens_bottoms,5,L,S
P03059,35-44,Southwest,womens_tops,7,S,XS
P03060,45-54,Northeast,womens_bottoms,21,3X+,L
P03061,35-44,Southeast,mens_bottoms,14,M,M
P03062,25-34,Midwest,mens_tops,18,1X,L
P03063,25-34,Midwest,womens_bottoms,23,1X,M
P03064,35-44,Southeast,mens_tops,10,L,M
P03065,35-44,Midwest,mens_bottoms,16,XL,XL
P03066,55-64,Southwest,womens_dresses,10,3X+,2X
P03067,35-44,West,womens_tops,9,S,S
P03068,55-64,West,mens_tops,3,L,L
P03069,35-44,West,mens_bottoms,19,2X,L
P03070,25-34,Southwest,womens_dresses,16,2X,XL
P03071,55-64,West,mens_tops,14,XL,XL
P03072,65+,Northeast,womens_bottoms,13,XS,XS
P03073,55-64,West,mens_bottoms,12,L,M
P03074,25-34,Southeast,mens_bottoms,20,XL,L
P03075,45-54,West,womens_dresses,17,2X,2X
P03076,45-54,Midwest,womens_dresses,22,2X,XL
P03077,55-64,West,mens_tops,3,M,M
P03078,65+,Midwest,womens_bottoms,3,1X,L
P03079,35-44,Northeast,womens_dresses,24,1X,L
P03080,55-64,Midwest,womens_bottoms,15,3X+,XL
P03081,35-44,Southeast,womens_bottoms,5,M,S
P03082,65+,Midwest,womens_dresses,11,1X,1X
P03083,65+,Southwest,mens_bottoms,10,S,S
P03084,55-64,Southeast,womens_dresses,3,1X,XL
P03085,55-64,Southeast,womens_dresses,15,2X,XL
P03086,55-64,Midwest,womens_dresses,19,2X,1X
P03087,55-64,Southeast,womens_bottoms,15,2X,1X
P03088,35-44,Midwest,womens_dresses,20,M,S
P03089,45-54,Midwest,mens_tops,23,2X,XL
P03090,65+,Northeast,womens_tops,4,XL,XL
P03091,65+,Northeast,womens_bottoms,13,1X,M
P03092,45-54,West,mens_tops,22,L,M
P03093,65+,West,womens_bottoms,15,2X,1X
P03094,65+,West,womens_dresses,6,2X,1X
P03095,25-34,Northeast,mens_bottoms,20,XL,L
P03096,65+,Southeast,mens_bottoms,16,M,XS
P03097,45-54,West,mens_tops,12,XS,XS
P03098,35-44,West,womens_tops,19,2X,2X
P03099,65+,Southeast,mens_tops,15,1X,XL
P03100,25-34,West,womens_bottoms,9,XL,XL
P03101,45-54,Southeast,mens_bottoms,8,XL,M
P03102,45-54,West,mens_tops,6,XL,L
P03103,65+,Southwest,womens_dresses,24,1X,L
P03104,45-54,Southeast,womens_dresses,16,L,M
P03105,45-54,West,mens_tops,23,1X,XL
P03106,65+,Southwest,womens_dresses,16,M,XS
P03107,65+,Northeast,mens_tops,22,2X,2X
P03108,55-64,West,mens_tops,14,1X,L
P03109,55-64,Northeast,womens_bottoms,16,2X,1X
P03110,35-44,West,mens_tops,15,L,S
P03111,55-64,Midwest,womens_bottoms,8,XL,XL
P03112,65+,Northeast,womens_bottoms,22,XL,XL
P03113,55-64,Southeast,womens_bottoms,13,L,M
P03114,35-44,Southeast,womens_bottoms,17,L,M
P03115,55-64,Southwest,womens_dresses,3,XL,M
P03116,25-34,West,womens_dresses,17,M,M
P03117,65+,Northeast,womens_bottoms,9,S,XS
P03118,45-54,West,mens_bottoms,8,M,XS
P03119,35-44,Midwest,womens_dresses,19,M,M
P03120,35-44,Northeast,womens_dresses,20,XL,M
P03121,45-54,Southwest,womens_dresses,20,XL,S
P03122,65+,Midwest,womens_tops,8,XS,XS
P03123,45-54,Northeast,womens_dresses,9,XL,L
P03124,55-64,Southwest,mens_tops,18,XL,M
P03125,45-54,West,womens_dresses,11,L,M
P03126,55-64,West,womens_bottoms,23,L,XS
P03127,25-34,West,mens_bottoms,8,XL,L
P03128,65+,Midwest,womens_bottoms,7,1X,XL
P03129,65+,Northeast,mens_tops,21,L,M
P03130,55-64,Southeast,mens_bottoms,19,M,XS
P03131,45-54,Midwest,mens_bottoms,4,3X+,2X
P03132,65+,Midwest,womens_tops,13,L,XS
P03133,45-54,Midwest,womens_tops,6,XL,L
P03134,45-54,West,womens_bottoms,11,L,L
P03135,25-34,West,womens_tops,16,1X,L
P03136,35-44,West,womens_dresses,5,1X,1X
P03137,65+,Southwest,mens_tops,20,2X,2X
P03138,45-54,West,womens_dresses,21,1X,L
P03139,35-44,Northeast,womens_tops,21,2X,XL
P03140,65+,Midwest,womens_tops,12,1X,L
P03141,65+,Southeast,womens_tops,16,L,M
P03142,25-34,Northeast,womens_bottoms,18,2X,1X
P03143,65+,Northeast,womens_tops,18,1X,L
P03144,65+,West,mens_bottoms,7,XL,L
P03145,35-44,West,womens_tops,20,L,S
P03146,25-34,Northeast,mens_tops,9,L,S
P03147,35-44,Southeast,womens_tops,7,2X,1X
P03148,55-64,Southeast,mens_bottoms,8,XL,M
P03149,45-54,Southeast,womens_bottoms,7,S,S
P03150,35-44,Southwest,mens_tops,24,L,M
P03151,25-34,West,womens_bottoms,15,L,M
P03152,35-44,Midwest,womens_bottoms,7,3X+,2X
P03153,45-54,West,womens_bottoms,22,2X,XL
P03154,35-44,West,womens_bottoms,13,1X,L
P03155,45-54,West,womens_dresses,6,XL,L
P03156,25-34,Southwest,womens_dresses,4,XL,L
P03157,55-64,Southeast,womens_dresses,6,2X,2X
P03158,35-44,Midwest,womens_bottoms,17,XL,L
P03159,25-34,Midwest,womens_dresses,11,S,XS
P03160,35-44,Southeast,womens_bottoms,14,M,M
P03161,35-44,Southeast,mens_bottoms,18,M,XS
P03162,45-54,Midwest,womens_dresses,24,L,S
P03163,65+,Northeast,mens_bottoms,18,L,S
P03164,45-54,Midwest,mens_tops,8,XL,XL
P03165,45-54,Southwest,mens_tops,18,XL,M
P03166,55-64,Midwest,womens_tops,7,L,L
P03167,25-34,Midwest,mens_bottoms,15,L,L
P03168,35-44,Midwest,mens_bottoms,24,XL,S
P03169,55-64,Midwest,mens_tops,22,L,L
P03170,35-44,Northeast,mens_tops,23,1X,S
P03171,25-34,West,womens_dresses,8,2X,2X
P03172,25-34,Northeast,womens_tops,21,1X,L
P03173,35-44,West,mens_tops,5,3X+,2X
P03174,65+,Midwest,womens_tops,13,S,XS
P03175,25-34,Northeast,womens_bottoms,24,1X,L
P03176,35-44,Southwest,mens_bottoms,10,3X+,2X
P03177,65+,Southeast,womens_bottoms,9,L,M
P03178,25-34,Southwest,mens_tops,10,L,L
P03179,25-34,Northeast,womens_bottoms,21,L,S
P03180,25-34,Southeast,womens_tops,17,XL,L
P03181,65+,Northeast,womens_bottoms,24,1X,L
P03182,55-64,Southeast,mens_tops,12,L,M
P03183,55-64,Southeast,womens_bottoms,10,2X,1X
P03184,35-44,Southeast,mens_tops,13,XL,S
P03185,55-64,Southeast,womens_bottoms,13,2X,XL
P03186,25-34,Southwest,womens_dresses,16,M,S
P03187,45-54,Northeast,womens_bottoms,3,2X,1X
P03188,65+,Southeast,womens_dresses,19,S,XS
P03189,35-44,Southeast,mens_tops,10,XS,XS
P03190,65+,West,mens_tops,10,XL,XL
P03191,55-64,Southeast,womens_bottoms,17,XL,XL
P03192,25-34,West,womens_bottoms,18,XL,L
P03193,25-34,Southeast,mens_bottoms,16,L,S
P03194,35-44,West,womens_tops,24,2X,1X
P03195,55-64,Midwest,womens_bottoms,21,XL,S
P03196,35-44,Northeast,mens_bottoms,8,S,S
P03197,45-54,Northeast,womens_dresses,10,XL,L
P03198,45-54,West,mens_bottoms,11,L,M
P03199,35-44,Northeast,mens_bottoms,24,L,M
P03200,25-34,West,mens_bottoms,5,1X,XL
P03201,55-64,West,mens_tops,19,L,M
P03202,55-64,Southeast,womens_bottoms,22,M,S
P03203,45-54,Northeast,womens_tops,20,1X,L
P03204,35-44,Southwest,mens_tops,15,L,M
P03205,35-44,Southeast,mens_tops,10,1X,XL
P03206,45-54,Midwest,womens_tops,20,S,XS
P03207,65+,Northeast,mens_tops,21,3X+,XL
P03208,45-54,West,mens_tops,21,XL,M
P03209,45-54,Northeast,womens_tops,3,2X,1X
P03210,65+,Southwest,womens_dresses,6,2X,1X
P03211,35-44,Southeast,mens_tops,13,XL,L
P03212,25-34,Midwest,mens_tops,5,1X,XL
P03213,45-54,Midwest,womens_bottoms,23,L,M
P03214,55-64,Southwest,mens_bottoms,22,L,S
P03215,35-44,Southwest,mens_bottoms,12,XL,L
P03216,35-44,Midwest,womens_tops,14,XL,XL
P03217,35-44,Southwest,womens_bottoms,22,XL,M
P03218,55-64,Southwest,womens_tops,15,M,M
P03219,55-64,Southwest,womens_bottoms,21,XL,L
P03220,25-34,Midwest,mens_bottoms,11,2X,2X
P03221,65+,Southeast,mens_bottoms,14,3X+,3X+
P03222,25-34,Northeast,womens_dresses,20,XL,XL
P03223,25-34,Southwest,womens_bottoms,5,2X,1X
P03224,25-34,Midwest,womens_bottoms,14,L,M
P03225,45-54,Midwest,mens_tops,18,XL,M
P03226,55-64,Southwest,mens_tops,23,1X,M
P03227,45-54,West,womens_dresses,21,3X+,3X+
P03228,55-64,Southwest,womens_bottoms,3,L,M
P03229,35-44,Midwest,mens_tops,20,XL,M
P03230,55-64,Southeast,womens_dresses,24,2X,1X
P03231,65+,Northeast,womens_dresses,22,L,S
P03232,65+,Midwest,womens_dresses,6,3X+,3X+
P03233,65+,Northeast,mens_tops,6,2X,XL
P03234,55-64,West,mens_tops,12,L,M
P03235,55-64,Southwest,womens_bottoms,16,M,XS
P03236,35-44,Southwest,womens_tops,16,2X,1X
P03237,45-54,Southwest,mens_bottoms,24,3X+,1X
P03238,65+,Northeast,womens_dresses,3,XL,L
P03239,55-64,Southeast,womens_dresses,13,1X,L
P03240,25-34,Northeast,womens_bottoms,3,S,S
P03241,45-54,Midwest,womens_tops,12,XS,XS
P03242,65+,Southwest,womens_dresses,15,2X,1X
P03243,65+,Southwest,mens_tops,7,2X,XL
P03244,45-54,West,mens_tops,22,L,L
P03245,35-44,West,womens_bottoms,19,XL,L
P03246,65+,Southwest,womens_tops,23,S,XS
P03247,35-44,Northeast,womens_dresses,14,S,XS
P03248,25-34,Northeast,womens_bottoms,10,1X,XL
P03249,45-54,Northeast,mens_bottoms,20,2X,1X
P03250,35-44,West,womens_bottoms,3,1X,XL
P03251,35-44,Northeast,womens_dresses,18,1X,L
P03252,55-64,Southeast,womens_bottoms,7,3X+,1X
P03253,55-64,West,womens_bottoms,9,S,XS
P03254,25-34,West,womens_bottoms,8,3X+,2X
P03255,55-64,Southeast,womens_bottoms,21,L,M
P03256,65+,Southeast,mens_bottoms,24,2X,XL
P03257,35-44,Northeast,womens_dresses,5,XL,XL
P03258,25-34,Midwest,mens_bottoms,8,L,S
P03259,65+,Southwest,womens_tops,9,L,S
P03260,35-44,Northeast,womens_tops,8,M,S
P03261,25-34,Midwest,womens_tops,11,1X,1X
P03262,55-64,Southeast,womens_tops,8,S,XS
P03263,55-64,Southeast,womens_tops,4,1X,M
P03264,55-64,Northeast,womens_dresses,6,XL,L
P03265,25-34,Southeast,womens_tops,7,XS,XS
P03266,35-44,Northeast,womens_bottoms,11,1X,1X
P03267,55-64,Northeast,womens_dresses,12,L,S
P03268,65+,Northeast,mens_bottoms,19,L,S
P03269,55-64,Northeast,womens_bottoms,21,2X,2X
P03270,35-44,Southeast,mens_tops,10,1X,L
P03271,25-34,Southeast,mens_tops,4,L,M
P03272,55-64,West,mens_tops,9,XL,L
P03273,35-44,Southeast,mens_bottoms,24,L,S
P03274,35-44,Midwest,mens_tops,12,2X,XL
P03275,55-64,Northeast,womens_tops,7,L,M
P03276,55-64,West,womens_dresses,16,3X+,3X+
P03277,35-44,Midwest,mens_bottoms,17,XL,L
P03278,35-44,Midwest,womens_bottoms,11,2X,1X
P03279,45-54,Midwest,womens_dresses,23,L,S
P03280,55-64,West,mens_bottoms,15,3X+,2X
P03281,55-64,Southwest,womens_dresses,21,1X,XL
P03282,35-44,Northeast,womens_bottoms,10,L,S
P03283,25-34,Northeast,womens_bottoms,12,XL,M
P03284,45-54,Northeast,mens_tops,6,1X,XL
P03285,35-44,Southwest,womens_bottoms,14,2X,2X
P03286,35-44,Southeast,womens_dresses,8,M,S
P03287,55-64,Northeast,mens_bottoms,10,L,M
P03288,55-64,Midwest,womens_bottoms,4,XL,XL
P03289,35-44,West,mens_bottoms,10,XL,XL
P03290,45-54,Northeast,mens_bottoms,4,XS,XS
P03291,65+,Northeast,mens_tops,10,XL,L
P03292,65+,Northeast,mens_tops,8,L,L
P03293,65+,Southeast,womens_bottoms,19,1X,L
P03294,45-54,West,mens_tops,21,XL,L
P03295,55-64,Northeast,mens_tops,3,L,L
P03296,25-34,Midwest,mens_bottoms,9,L,S
P03297,65+,Southwest,mens_tops,12,XL,L
P03298,55-64,Midwest,mens_tops,6,1X,L
P03299,35-44,Southwest,mens_tops,13,XL,M
P03300,35-44,Northeast,womens_dresses,17,1X,XL
P03301,45-54,Southwest,womens_tops,4,XL,M
P03302,35-44,Southeast,mens_bottoms,19,2X,XL
P03303,35-44,West,mens_bottoms,16,M,XS
P03304,45-54,Southeast,mens_bottoms,24,3X+,1X
P03305,55-64,Northeast,womens_bottoms,4,3X+,3X+
P03306,55-64,Southwest,mens_bottoms,20,M,S
P03307,45-54,West,mens_tops,24,2X,XL
P03308,35-44,Northeast,womens_tops,4,XL,L
P03309,65+,Southeast,womens_dresses,14,M,XS
P03310,25-34,Midwest,womens_dresses,16,S,S
P03311,35-44,Midwest,womens_tops,8,S,XS
P03312,45-54,Midwest,womens_dresses,3,XL,L
P03313,25-34,Southwest,womens_bottoms,6,XL,XL
P03314,45-54,Northeast,mens_bottoms,18,XL,M
P03315,35-44,West,womens_dresses,12,L,M
P03316,25-34,Midwest,mens_bottoms,9,M,S
P03317,45-54,Northeast,mens_bottoms,17,XL,M
P03318,35-44,West,womens_bottoms,21,1X,1X
P03319,25-34,Southwest,mens_bottoms,14,M,S
P03320,55-64,West,womens_bottoms,7,L,L
P03321,45-54,Midwest,mens_bottoms,10,XL,XL
P03322,45-54,Southeast,mens_bottoms,17,S,XS
P03323,45-54,Midwest,womens_tops,7,XL,L
P03324,65+,West,mens_tops,4,1X,1X
P03325,55-64,Northeast,womens_bottoms,22,M,M
P03326,35-44,Northeast,womens_tops,18,XL,L
P03327,25-34,Southwest,mens_tops,19,L,M
P03328,25-34,West,mens_bottoms,4,XL,XL
P03329,65+,Midwest,mens_tops,22,M,M
P03330,35-44,Midwest,womens_bottoms,4,M,S
P03331,45-54,West,womens_dresses,18,XL,L
P03332,35-44,West,mens_tops,21,M,XS
P03333,55-64,Northeast,mens_tops,8,3X+,1X
P03334,55-64,Northeast,mens_bottoms,8,XL,L
P03335,65+,Northeast,womens_tops,4,3X+,2X
P03336,45-54,Southwest,mens_tops,13,L,S
P03337,45-54,West,mens_tops,3,2X,1X
P03338,45-54,Northeast,womens_bottoms,15,XL,XL
P03339,65+,Southwest,mens_bottoms,9,XL,S
P03340,45-54,Midwest,mens_bottoms,3,L,S
P03341,35-44,Southwest,womens_tops,17,M,S
P03342,35-44,Midwest,womens_bottoms,9,1X,XL
P03343,45-54,Southeast,womens_dresses,5,L,L
P03344,65+,Northeast,womens_bottoms,5,2X,XL
P03345,25-34,Midwest,womens_dresses,5,2X,2X
P03346,35-44,West,womens_dresses,7,XL,L
P03347,45-54,Midwest,womens_tops,7,3X+,3X+
P03348,65+,Southeast,womens_bottoms,6,L,M
P03349,55-64,Northeast,womens_bottoms,6,M,M
P03350,25-34,Southeast,womens_dresses,20,XL,L
P03351,45-54,Northeast,womens_tops,24,2X,L
P03352,65+,Northeast,mens_tops,5,XL,L
P03353,55-64,Southwest,womens_bottoms,24,2X,XL
P03354,35-44,Southeast,womens_bottoms,11,1X,L
P03355,35-44,Midwest,womens_bottoms,17,XL,L
P03356,35-44,Southwest,womens_dresses,21,1X,XL
P03357,25-34,Southeast,mens_tops,6,M,S
P03358,65+,Southeast,womens_tops,24,M,S
P03359,65+,Midwest,womens_dresses,7,L,M
P03360,45-54,Southeast,mens_bottoms,12,1X,L
P03361,35-44,Southwest,mens_tops,3,XL,M
P03362,45-54,Midwest,mens_bottoms,10,L,M
P03363,45-54,West,womens_tops,14,M,XS
P03364,65+,Northeast,mens_bottoms,10,L,M
P03365,25-34,Southwest,mens_tops,7,1X,XL
P03366,55-64,Southeast,womens_tops,9,XL,XL
P03367,25-34,Southeast,mens_bottoms,22,3X+,2X
P03368,45-54,Southeast,mens_bottoms,9,2X,1X
P03369,55-64,Southeast,mens_tops,24,M,S
P03370,55-64,Southwest,mens_bottoms,18,3X+,XL
P03371,55-64,West,womens_dresses,23,M,S
P03372,55-64,West,womens_bottoms,14,XL,M
P03373,55-64,West,mens_tops,21,1X,XL
P03374,35-44,West,womens_tops,20,1X,XL
P03375,35-44,West,mens_bottoms,19,L,S
P03376,35-44,Midwest,womens_dresses,23,XL,L
P03377,35-44,West,mens_bottoms,15,XL,M
P03378,55-64,Midwest,womens_dresses,15,L,L
P03379,45-54,West,womens_dresses,22,S,XS
P03380,35-44,Southwest,womens_tops,10,1X,1X
P03381,65+,Southwest,womens_tops,24,1X,XL
P03382,25-34,Northeast,mens_bottoms,22,XS,XS
P03383,65+,Southwest,womens_tops,16,1X,L
P03384,45-54,Midwest,womens_dresses,20,L,M
P03385,45-54,Southeast,mens_tops,3,1X,XL
P03386,45-54,Southwest,womens_dresses,14,1X,L
P03387,35-44,Southwest,womens_dresses,21,L,S
P03388,65+,West,womens_bottoms,22,2X,2X
P03389,35-44,West,mens_bottoms,6,XL,L
P03390,55-64,Southwest,mens_tops,20,1X,1X
P03391,25-34,Northeast,mens_tops,12,XL,M
P03392,45-54,Southeast,womens_tops,5,L,L
P03393,35-44,Southeast,womens_tops,17,XL,M
P03394,35-44,Midwest,womens_bottoms,17,XL,M
P03395,25-34,Southwest,womens_bottoms,12,S,XS
P03396,25-34,Southeast,mens_tops,15,1X,XL
P03397,35-44,Southwest,womens_dresses,3,XL,L
P03398,25-34,West,mens_bottoms,18,M,XS
P03399,45-54,Southeast,womens_dresses,6,XL,M
P03400,55-64,Southeast,womens_bottoms,5,S,XS
P03401,65+,Midwest,mens_tops,7,XL,XL
P03402,45-54,Southeast,womens_bottoms,5,XL,M
P03403,35-44,Southwest,womens_dresses,20,XL,L
P03404,35-44,West,womens_tops,8,XL,XL
P03405,35-44,Southwest,womens_bottoms,13,L,S
P03406,55-64,Midwest,womens_bottoms,4,M,S
P03407,45-54,Midwest,mens_tops,21,XL,S
P03408,25-34,Northeast,mens_bottoms,3,XL,XL
P03409,55-64,Southwest,womens_dresses,24,M,S
P03410,25-34,Midwest,womens_bottoms,11,2X,1X
P03411,65+,Midwest,womens_tops,15,L,M
P03412,45-54,Southeast,womens_dresses,15,XL,L
P03413,35-44,Southwest,womens_dresses,17,1X,1X
P03414,55-64,Midwest,mens_bottoms,8,XL,XL
P03415,65+,Midwest,mens_bottoms,15,1X,M
P03416,25-34,Southwest,womens_dresses,19,M,XS
P03417,55-64,Northeast,mens_tops,15,L,M
P03418,25-34,Northeast,womens_bottoms,24,1X,L
P03419,45-54,Southwest,womens_bottoms,13,1X,1X
P03420,45-54,Southwest,womens_dresses,6,L,S
P03421,65+,West,womens_bottoms,6,XL,XL
P03422,45-54,West,womens_bottoms,23,1X,L
P03423,55-64,Southwest,mens_bottoms,18,2X,XL
P03424,45-54,West,mens_tops,10,XL,M
P03425,65+,Southeast,womens_tops,23,M,XS
P03426,55-64,Southwest,womens_bottoms,11,M,XS
P03427,45-54,Northeast,womens_tops,19,M,XS
P03428,45-54,West,womens_tops,18,1X,1X
P03429,65+,Southwest,mens_bottoms,13,XL,L
P03430,35-44,Southwest,womens_dresses,17,M,S
P03431,25-34,Southwest,womens_bottoms,3,1X,1X
P03432,45-54,Southwest,mens_bottoms,23,XL,M
P03433,35-44,Midwest,womens_tops,14,L,M
P03434,55-64,Northeast,womens_dresses,6,1X,XL
P03435,45-54,Southeast,mens_tops,14,XL,XL
P03436,65+,West,mens_bottoms,4,XL,XL
P03437,65+,Northeast,womens_dresses,24,L,M
P03438,35-44,Midwest,womens_bottoms,14,XL,L
P03439,45-54,West,mens_tops,15,S,XS
P03440,65+,West,mens_bottoms,9,2X,XL
P03441,35-44,West,mens_bottoms,9,XL,XL
P03442,45-54,Midwest,mens_tops,5,XL,M
P03443,35-44,Northeast,mens_bottoms,3,M,M
P03444,45-54,Midwest,mens_bottoms,12,1X,XL
P03445,35-44,Northeast,womens_dresses,15,1X,1X
P03446,65+,West,womens_bottoms,16,S,XS
P03447,65+,Midwest,womens_dresses,7,L,M
P03448,65+,Southwest,mens_bottoms,13,XL,L
P03449,65+,Southeast,mens_tops,13,XL,L
P03450,35-44,Southeast,mens_bottoms,20,L,M
P03451,65+,West,mens_tops,5,L,S
P03452,25-34,Southwest,womens_dresses,20,L,S
P03453,55-64,Midwest,womens_bottoms,15,M,S
P03454,65+,Southeast,mens_tops,7,2X,L
P03455,35-44,Southeast,womens_bottoms,17,S,XS
P03456,55-64,Midwest,womens_tops,12,L,L
P03457,55-64,Southeast,mens_tops,21,L,S
P03458,35-44,West,womens_bottoms,16,XL,XL
P03459,65+,Northeast,mens_bottoms,6,2X,2X
P03460,55-64,Midwest,womens_bottoms,22,1X,XL
P03461,65+,Northeast,mens_bottoms,16,3X+,2X
P03462,35-44,Midwest,womens_tops,10,2X,L
P03463,25-34,Southeast,mens_bottoms,20,XL,M
P03464,45-54,Southwest,womens_dresses,14,XL,M
P03465,45-54,Midwest,womens_tops,23,XL,L
P03466,55-64,West,womens_dresses,22,3X+,XL
P03467,55-64,Northeast,mens_tops,17,S,XS
P03468,55-64,Midwest,mens_bottoms,4,L,L
P03469,45-54,Southeast,mens_bottoms,7,2X,XL
P03470,45-54,West,womens_bottoms,22,L,M
P03471,35-44,West,womens_bottoms,15,L,S
P03472,55-64,Midwest,womens_tops,19,2X,1X
P03473,25-34,Southwest,mens_tops,18,L,S
P03474,25-34,Southeast,mens_bottoms,13,2X,2X
P03475,45-54,Northeast,mens_bottoms,5,XL,M
P03476,65+,Southwest,womens_tops,22,M,S
P03477,35-44,Southeast,mens_bottoms,8,XL,L
P03478,45-54,Midwest,mens_bottoms,22,L,M
P03479,45-54,Midwest,womens_tops,11,S,XS
P03480,55-64,Midwest,womens_bottoms,15,M,XS
P03481,65+,Northeast,mens_bottoms,21,L,M
P03482,45-54,Southwest,mens_bottoms,8,XL,L
P03483,35-44,Southwest,womens_bottoms,10,M,S
P03484,55-64,Southwest,womens_dresses,13,L,M
P03485,35-44,Southwest,mens_tops,18,L,S
P03486,55-64,West,mens_tops,23,1X,XL
P03487,55-64,Southeast,womens_dresses,5,L,L
P03488,65+,West,womens_bottoms,17,XL,XL
P03489,45-54,West,womens_dresses,6,L,L
P03490,55-64,Southeast,mens_bottoms,19,L,XS
P03491,35-44,Midwest,mens_bottoms,23,2X,XL
P03492,35-44,West,womens_dresses,11,3X+,1X
P03493,65+,Southwest,womens_dresses,23,1X,XL
P03494,55-64,Southeast,womens_dresses,3,2X,XL
P03495,65+,Southwest,womens_dresses,17,M,XS
P03496,35-44,Northeast,mens_bottoms,13,L,M
P03497,45-54,West,womens_dresses,16,M,XS
P03498,35-44,Midwest,mens_bottoms,14,M,M
P03499,65+,West,mens_tops,11,M,S
P03500,65+,Southeast,womens_dresses,17,S,S
P03501,35-44,West,womens_tops,19,XL,M
P03502,45-54,West,mens_bottoms,3,S,XS
P03503,55-64,West,mens_tops,18,1X,M
P03504,25-34,Southwest,womens_tops,22,L,S
P03505,35-44,Southwest,womens_tops,6,L,L
P03506,25-34,Midwest,womens_bottoms,16,L,L
P03507,65+,Northeast,womens_tops,16,XL,L
P03508,25-34,Southwest,mens_bottoms,6,XL,L
P03509,55-64,Southwest,mens_bottoms,12,1X,M
P03510,45-54,Midwest,womens_tops,13,XL,M
P03511,45-54,Midwest,mens_tops,24,2X,1X
P03512,65+,Southeast,womens_dresses,12,L,M
P03513,65+,Southeast,womens_dresses,7,3X+,3X+
P03514,35-44,Southwest,womens_bottoms,10,2X,1X
P03515,65+,West,mens_tops,4,L,L
P03516,65+,Northeast,womens_tops,3,S,XS
P03517,35-44,Northeast,womens_tops,14,S,XS
P03518,55-64,West,womens_bottoms,8,L,M
P03519,65+,West,womens_bottoms,13,L,S
P03520,45-54,Midwest,mens_tops,18,1X,1X
P03521,25-34,Midwest,womens_dresses,11,XL,M
P03522,65+,Midwest,mens_tops,17,XL,L
P03523,45-54,Midwest,womens_bottoms,24,M,S
P03524,65+,Southwest,mens_bottoms,6,M,S
P03525,55-64,Midwest,mens_tops,16,1X,1X
P03526,65+,Northeast,mens_tops,19,L,M
P03527,55-64,Midwest,mens_bottoms,14,XL,XL
P03528,25-34,Northeast,womens_dresses,12,1X,L
P03529,45-54,Southwest,mens_tops,8,L,M
P03530,45-54,West,womens_bottoms,20,2X,L
P03531,45-54,Southeast,womens_dresses,16,1X,L
P03532,35-44,West,mens_tops,12,L,L
P03533,65+,Southwest,womens_dresses,24,S,XS
P03534,45-54,Southeast,womens_tops,7,M,M
P03535,45-54,West,womens_dresses,17,3X+,1X
P03536,55-64,West,mens_tops,22,XL,XL
P03537,65+,Midwest,womens_tops,17,XL,M
P03538,55-64,Northeast,womens_dresses,23,3X+,2X
P03539,55-64,Midwest,mens_tops,17,XL,L
P03540,45-54,Southeast,mens_bottoms,17,L,M
P03541,65+,Southwest,womens_dresses,9,1X,L
P03542,55-64,Northeast,mens_bottoms,3,L,L
P03543,45-54,Southwest,womens_tops,3,1X,XL
P03544,35-44,West,mens_bottoms,7,XL,L
P03545,25-34,Southeast,mens_bottoms,13,L,M
P03546,65+,West,womens_tops,3,M,M
P03547,65+,Southeast,womens_tops,23,1X,L
P03548,35-44,Southeast,womens_tops,24,2X,1X
P03549,45-54,Northeast,mens_bottoms,18,1X,M
P03550,35-44,Southeast,mens_bottoms,9,L,M
P03551,55-64,Midwest,womens_bottoms,19,1X,L
P03552,25-34,Southeast,womens_dresses,15,1X,XL
P03553,55-64,Midwest,womens_bottoms,11,XS,XS
P03554,35-44,Southeast,womens_tops,15,S,XS
P03555,45-54,Northeast,womens_bottoms,14,2X,2X
P03556,25-34,Southeast,womens_bottoms,12,XS,XS
P03557,65+,Southwest,womens_bottoms,15,2X,1X
P03558,65+,Northeast,womens_tops,12,1X,L
P03559,25-34,Northeast,womens_dresses,21,S,XS
P03560,65+,Southeast,mens_bottoms,6,S,XS
P03561,25-34,Southeast,womens_tops,10,2X,XL
P03562,35-44,Northeast,mens_tops,21,XL,L
P03563,45-54,Southwest,womens_tops,23,2X,1X
P03564,45-54,West,mens_bottoms,9,L,XS
P03565,25-34,Southwest,womens_tops,21,L,M
P03566,25-34,Southeast,womens_bottoms,21,L,S
P03567,25-34,Southwest,mens_bottoms,6,S,S
P03568,55-64,Southwest,mens_tops,7,M,S
P03569,35-44,West,mens_bottoms,17,2X,1X
P03570,25-34,West,womens_dresses,4,XL,M
P03571,25-34,Southwest,mens_tops,23,1X,L
P03572,35-44,West,mens_tops,12,1X,XL
P03573,55-64,Northeast,womens_dresses,21,3X+,2X
P03574,55-64,West,womens_dresses,11,1X,L
P03575,25-34,Northeast,mens_tops,12,XS,XS
P03576,55-64,Northeast,mens_tops,11,L,L
P03577,45-54,Northeast,womens_dresses,7,L,M
P03578,55-64,West,womens_bottoms,6,M,XS
P03579,65+,Southwest,womens_bottoms,15,S,XS
P03580,35-44,West,mens_tops,7,XL,XL
P03581,25-34,Northeast,mens_tops,6,XL,XL
P03582,45-54,Southeast,mens_tops,14,XL,L
P03583,25-34,Southwest,womens_dresses,18,1X,L
P03584,25-34,Northeast,womens_dresses,13,XL,M
P03585,25-34,Southwest,mens_bottoms,7,M,S
P03586,65+,West,mens_bottoms,19,XL,XL
P03587,25-34,West,mens_tops,5,3X+,2X
P03588,35-44,Southwest,womens_bottoms,16,L,S
P03589,25-34,Midwest,womens_bottoms,6,L,L
P03590,25-34,Midwest,mens_tops,10,XL,L
P03591,25-34,West,mens_bottoms,15,L,M
P03592,35-44,West,womens_tops,10,2X,2X
P03593,65+,Northeast,womens_dresses,19,3X+,2X
P03594,45-54,Northeast,womens_bottoms,14,XS,XS
P03595,45-54,West,mens_tops,20,L,M
P03596,45-54,Midwest,womens_tops,11,2X,1X
P03597,25-34,West,womens_tops,22,L,S
P03598,25-34,Southeast,womens_bottoms,3,3X+,2X
P03599,65+,Northeast,womens_tops,3,L,M
P03600,55-64,Southwest,mens_bottoms,16,2X,1X
P03601,25-34,West,womens_dresses,10,L,L
P03602,65+,West,mens_tops,10,S,XS
P03603,45-54,Southeast,womens_dresses,6,1X,L
P03604,55-64,Southeast,mens_tops,11,1X,1X
P03605,45-54,Southwest,womens_tops,9,2X,2X
P03606,25-34,Northeast,womens_tops,8,XS,XS
P03607,35-44,Southeast,mens_bottoms,15,L,L
P03608,35-44,Southeast,womens_dresses,23,XL,XL
P03609,55-64,West,mens_tops,20,2X,1X
P03610,65+,Northeast,mens_bottoms,17,XL,M
P03611,35-44,Northeast,womens_bottoms,13,1X,L
P03612,65+,Southeast,mens_bottoms,17,1X,XL
P03613,45-54,Northeast,mens_bottoms,22,XL,L
P03614,25-34,Southwest,womens_bottoms,10,1X,L
P03615,55-64,Southwest,womens_dresses,6,1X,XL
P03616,55-64,West,womens_dresses,10,L,S
P03617,55-64,Northeast,womens_bottoms,24,M,XS
P03618,45-54,Southwest,womens_dresses,23,2X,XL
P03619,45-54,Northeast,womens_tops,11,M,S
P03620,25-34,Midwest,womens_tops,9,L,M
P03621,25-34,Midwest,mens_bottoms,20,1X,L
P03622,35-44,Southeast,womens_tops,3,L,M
P03623,35-44,West,womens_dresses,7,L,S
P03624,25-34,Midwest,mens_tops,16,XL,S
P03625,35-44,Southeast,womens_dresses,24,1X,XL
P03626,55-64,Northeast,mens_bottoms,15,M,XS
P03627,25-34,Southwest,womens_dresses,23,1X,XL
P03628,35-44,Midwest,mens_bottoms,11,L,M
P03629,35-44,Southeast,womens_tops,6,XL,XL
P03630,45-54,Midwest,womens_bottoms,7,XL,L
P03631,65+,Southwest,mens_bottoms,20,M,M
P03632,25-34,Southeast,mens_bottoms,7,2X,1X
P03633,55-64,Northeast,womens_tops,19,1X,XL
P03634,25-34,Southwest,womens_bottoms,23,L,M
P03635,35-44,Midwest,womens_dresses,15,L,L
P03636,65+,Northeast,mens_tops,20,1X,1X
P03637,65+,Northeast,womens_bottoms,14,M,XS
P03638,25-34,Southwest,mens_bottoms,21,XL,M
P03639,35-44,Midwest,womens_dresses,9,S,XS
P03640,35-44,Midwest,womens_dresses,3,1X,1X
P03641,65+,Southwest,womens_tops,16,L,M
P03642,65+,Midwest,womens_bottoms,17,L,M
P03643,35-44,Southeast,womens_dresses,22,1X,XL
P03644,55-64,West,mens_tops,16,XL,S
P03645,35-44,Midwest,womens_dresses,7,XL,L
P03646,25-34,Southwest,womens_tops,8,XL,XL
P03647,55-64,Southwest,womens_bottoms,6,1X,L
P03648,35-44,Southwest,womens_dresses,10,2X,1X
P03649,25-34,Northeast,mens_tops,22,2X,L
P03650,35-44,Midwest,womens_dresses,10,2X,XL
P03651,45-54,Southwest,womens_tops,24,L,L
P03652,55-64,Midwest,womens_tops,7,XL,M
P03653,65+,West,womens_tops,12,2X,1X
P03654,45-54,Midwest,mens_bottoms,11,XL,XL
P03655,25-34,West,mens_tops,17,S,XS
P03656,65+,Northeast,womens_dresses,15,L,M
P03657,35-44,Southeast,womens_tops,6,1X,XL
P03658,35-44,Southwest,womens_bottoms,8,3X+,2X
P03659,35-44,West,mens_tops,14,M,S
P03660,35-44,Southwest,womens_tops,15,L,M
P03661,65+,Southwest,womens_bottoms,20,L,S
P03662,25-34,West,womens_bottoms,16,L,S
P03663,65+,Northeast,mens_bottoms,18,L,XS
P03664,55-64,West,womens_dresses,10,XS,XS
P03665,55-64,Northeast,mens_bottoms,16,XL,S
P03666,65+,Southeast,mens_bottoms,24,L,M
P03667,65+,Midwest,mens_bottoms,10,XL,M
P03668,65+,West,mens_bottoms,18,M,XS
P03669,55-64,Midwest,mens_tops,22,L,M
P03670,65+,Northeast,mens_tops,4,XL,XL
P03671,65+,Northeast,womens_bottoms,17,L,S
P03672,25-34,Northeast,womens_bottoms,19,2X,XL
P03673,45-54,Southwest,womens_dresses,15,2X,1X
P03674,25-34,West,mens_bottoms,21,XL,L
P03675,65+,Southwest,womens_tops,19,L,M
P03676,35-44,West,womens_dresses,9,XL,XL
P03677,65+,Southeast,womens_dresses,18,1X,1X
P03678,25-34,Midwest,mens_bottoms,15,L,S
P03679,35-44,Midwest,mens_tops,8,L,L
P03680,25-34,Southeast,womens_dresses,4,1X,1X
P03681,45-54,Southeast,mens_tops,15,L,L
P03682,65+,Southwest,mens_bottoms,23,2X,1X
P03683,45-54,Southwest,womens_tops,24,S,S
P03684,35-44,Midwest,womens_tops,22,1X,L
P03685,25-34,West,womens_dresses,20,M,S
P03686,65+,Midwest,mens_bottoms,17,2X,XL
P03687,55-64,West,womens_tops,18,M,XS
P03688,55-64,Southeast,womens_dresses,8,L,S
P03689,35-44,West,mens_bottoms,9,2X,1X
P03690,55-64,Northeast,womens_bottoms,15,S,XS
P03691,35-44,West,mens_bottoms,19,XL,XS
P03692,55-64,Southeast,womens_dresses,17,M,S
P03693,25-34,Southwest,mens_bottoms,15,XL,L
P03694,35-44,Southwest,mens_bottoms,10,XL,L
P03695,65+,Southeast,womens_dresses,17,1X,L
P03696,25-34,Southeast,womens_dresses,21,M,M
P03697,35-44,Southwest,mens_bottoms,19,XL,M
P03698,35-44,Northeast,womens_bottoms,21,XL,S
P03699,45-54,Southwest,mens_bottoms,9,XL,L
P03700,25-34,Southeast,mens_tops,19,L,L
P03701,65+,Southeast,womens_bottoms,11,XL,L
P03702,55-64,Midwest,mens_tops,13,1X,XL
P03703,65+,Midwest,mens_tops,16,M,XS
P03704,65+,Southeast,womens_dresses,24,M,S
P03705,55-64,Northeast,womens_tops,13,S,XS
P03706,25-34,West,womens_bottoms,16,1X,XL
P03707,65+,Southwest,womens_tops,15,L,M
P03708,35-44,West,womens_tops,18,L,S
P03709,55-64,Southeast,womens_bottoms,24,3X+,XL
P03710,45-54,Midwest,womens_dresses,24,XL,M
P03711,65+,Midwest,mens_tops,19,3X+,1X
P03712,25-34,Southeast,womens_bottoms,17,M,XS
P03713,35-44,Midwest,womens_dresses,15,M,S
P03714,45-54,Southeast,mens_bottoms,20,M,S
P03715,45-54,Southwest,mens_bottoms,6,2X,XL
P03716,25-34,West,mens_bottoms,15,3X+,3X+
P03717,55-64,Southwest,mens_tops,11,1X,M
P03718,45-54,West,womens_tops,20,2X,2X
P03719,45-54,Midwest,womens_tops,6,L,M
P03720,35-44,Midwest,womens_dresses,10,2X,1X
P03721,45-54,Southeast,womens_tops,8,XL,L
P03722,35-44,Southwest,womens_dresses,19,XL,XL
P03723,45-54,West,womens_bottoms,14,L,M
P03724,45-54,Southeast,womens_tops,13,L,L
P03725,65+,West,womens_bottoms,17,L,M
P03726,65+,West,mens_bottoms,17,2X,XL
P03727,25-34,Midwest,womens_dresses,20,L,M
P03728,45-54,Midwest,womens_tops,4,2X,L
P03729,55-64,Northeast,mens_bottoms,10,3X+,2X
P03730,35-44,West,womens_bottoms,21,M,XS
P03731,55-64,West,womens_dresses,7,L,M
P03732,65+,Southeast,womens_dresses,20,XL,M
P03733,55-64,Midwest,womens_tops,9,2X,XL
P03734,55-64,Northeast,womens_tops,17,XL,M
P03735,65+,Southwest,mens_tops,4,L,L
P03736,65+,Northeast,womens_bottoms,13,1X,XL
P03737,35-44,Southwest,womens_bottoms,24,M,S
P03738,45-54,Northeast,womens_dresses,22,XL,S
P03739,45-54,Southeast,womens_dresses,14,XL,M
P03740,25-34,Northeast,womens_tops,21,XS,XS
P03741,25-34,Northeast,womens_dresses,5,L,L
P03742,65+,Northeast,mens_bottoms,10,M,S
P03743,35-44,Northeast,mens_bottoms,4,1X,1X
P03744,55-64,Midwest,womens_tops,14,1X,1X
P03745,45-54,West,womens_bottoms,22,L,XS
P03746,35-44,Southwest,womens_tops,16,L,M
P03747,25-34,West,womens_dresses,15,2X,1X
P03748,45-54,Midwest,mens_tops,17,3X+,2X
P03749,55-64,Southeast,womens_tops,6,L,L
P03750,45-54,West,womens_bottoms,21,L,M
P03751,55-64,West,mens_bottoms,15,S,S
P03752,65+,Southeast,womens_dresses,17,XL,XL
P03753,35-44,West,womens_dresses,6,1X,L
P03754,35-44,Northeast,mens_bottoms,15,2X,XL
P03755,65+,Southwest,womens_tops,22,XL,XL
P03756,35-44,Southwest,mens_bottoms,8,1X,1X
P03757,45-54,Midwest,mens_bottoms,7,1X,1X
P03758,25-34,Northeast,mens_tops,19,L,S
P03759,35-44,Southwest,womens_tops,10,1X,1X
P03760,65+,Southwest,mens_tops,13,3X+,2X
P03761,45-54,Midwest,womens_tops,3,M,S
P03762,65+,Midwest,mens_tops,9,L,S
P03763,65+,Midwest,mens_bottoms,21,XL,L
P03764,35-44,West,womens_dresses,13,M,S
P03765,55-64,West,womens_dresses,4,2X,2X
P03766,55-64,Southeast,womens_dresses,20,M,S
P03767,45-54,Southeast,womens_tops,6,XL,XL
P03768,35-44,West,mens_bottoms,16,L,S
P03769,65+,Southeast,mens_tops,16,XL,S
P03770,35-44,West,mens_tops,20,1X,1X
P03771,25-34,Southeast,womens_tops,15,1X,XL
P03772,25-34,West,womens_tops,22,1X,XL
P03773,35-44,Southeast,womens_tops,20,1X,XL
P03774,45-54,West,womens_bottoms,13,S,XS
P03775,35-44,West,mens_bottoms,8,2X,2X
P03776,65+,West,mens_tops,14,L,M
P03777,35-44,Northeast,womens_dresses,11,XL,L
P03778,45-54,Southeast,mens_bottoms,16,2X,XL
P03779,45-54,Southeast,womens_bottoms,3,S,XS
P03780,45-54,Southeast,womens_bottoms,11,1X,1X
P03781,35-44,Southwest,mens_bottoms,8,L,S
P03782,45-54,Northeast,womens_tops,15,L,S
P03783,55-64,Midwest,womens_dresses,13,2X,1X
P03784,35-44,West,womens_tops,21,M,S
P03785,55-64,Southwest,womens_bottoms,22,M,S
P03786,65+,Midwest,womens_bottoms,3,XL,XL
P03787,25-34,Midwest,womens_tops,7,M,M
P03788,45-54,Midwest,mens_bottoms,16,XL,M
P03789,35-44,West,womens_tops,12,XS,XS
P03790,55-64,Southeast,mens_bottoms,21,2X,M
P03791,45-54,Southwest,womens_dresses,8,L,XS
P03792,65+,Southeast,womens_bottoms,10,2X,2X
P03793,45-54,West,womens_bottoms,19,XL,L
P03794,55-64,Midwest,womens_bottoms,23,L,S
P03795,35-44,West,womens_bottoms,14,L,M
P03796,45-54,West,womens_bottoms,23,1X,L
P03797,25-34,Southeast,womens_tops,9,XL,M
P03798,35-44,West,womens_tops,8,XS,XS
P03799,65+,West,mens_bottoms,12,2X,1X
P03800,25-34,Southeast,mens_bottoms,3,XL,L
P03801,65+,Southwest,womens_tops,11,XL,XL
P03802,35-44,West,womens_dresses,10,S,XS
P03803,45-54,Northeast,womens_bottoms,16,XL,XL
P03804,45-54,Southwest,mens_tops,23,1X,XL
P03805,65+,Northeast,womens_tops,22,L,S
P03806,65+,Southeast,womens_dresses,20,3X+,2X
P03807,55-64,Southwest,mens_bottoms,14,XL,M
P03808,25-34,Northeast,womens_dresses,8,1X,XL
P03809,45-54,Northeast,womens_bottoms,16,1X,XL
P03810,55-64,Midwest,mens_tops,21,3X+,1X
P03811,35-44,West,mens_bottoms,21,M,S
P03812,65+,Southwest,womens_bottoms,8,1X,1X
P03813,25-34,Midwest,mens_tops,19,XL,L
P03814,55-64,Northeast,womens_bottoms,18,1X,XL
P03815,25-34,Southwest,mens_tops,5,1X,1X
P03816,65+,West,womens_bottoms,15,M,XS
P03817,45-54,Southwest,womens_tops,6,XS,XS
P03818,35-44,Northeast,mens_tops,5,L,M
P03819,65+,Southwest,mens_bottoms,4,L,M
P03820,65+,Southwest,mens_bottoms,12,1X,XL
P03821,55-64,Southeast,mens_tops,23,1X,L
P03822,65+,Southwest,womens_dresses,23,2X,1X
P03823,55-64,Northeast,mens_bottoms,13,L,M
P03824,25-34,Midwest,mens_bottoms,21,L,M
P03825,55-64,Northeast,womens_dresses,12,S,XS
P03826,25-34,Midwest,mens_bottoms,20,XL,L
P03827,65+,Southwest,womens_tops,23,XL,L
P03828,55-64,Southwest,mens_tops,15,XL,M
P03829,25-34,Southwest,womens_tops,23,L,M
P03830,35-44,West,womens_dresses,8,1X,XL
P03831,55-64,Northeast,mens_bottoms,3,3X+,2X
P03832,25-34,Southwest,mens_bottoms,22,L,L
P03833,25-34,Southeast,mens_bottoms,10,3X+,3X+
P03834,35-44,Midwest,womens_tops,21,XL,M
P03835,55-64,Midwest,womens_bottoms,8,1X,XL
P03836,55-64,Southeast,womens_tops,20,L,XS
P03837,55-64,Midwest,womens_bottoms,24,L,S
P03838,35-44,Midwest,mens_bottoms,21,3X+,2X
P03839,65+,West,womens_tops,11,L,M
P03840,35-44,Southwest,mens_bottoms,13,L,S
P03841,65+,Northeast,womens_bottoms,23,1X,XL
P03842,25-34,Northeast,womens_bottoms,4,1X,L
P03843,45-54,Southeast,womens_tops,24,1X,XL
P03844,65+,Southeast,womens_tops,20,2X,XL
P03845,55-64,Southeast,womens_bottoms,7,L,S
P03846,65+,Southwest,womens_dresses,17,L,S
P03847,65+,Southwest,mens_tops,18,XL,L
P03848,35-44,Southwest,mens_tops,18,XL,L
P03849,25-34,Southwest,womens_tops,5,XL,M
P03850,35-44,Northeast,mens_bottoms,21,XL,M
P03851,45-54,Southwest,womens_tops,6,M,M
P03852,25-34,Southwest,mens_bottoms,15,L,M
P03853,45-54,Midwest,womens_tops,7,L,L
P03854,55-64,West,womens_bottoms,8,L,XS
P03855,45-54,West,womens_dresses,18,2X,1X
P03856,55-64,West,mens_bottoms,16,2X,XL
P03857,45-54,Midwest,womens_tops,5,XL,L
P03858,45-54,Midwest,womens_dresses,19,2X,XL
P03859,25-34,West,womens_tops,3,L,M
P03860,45-54,Southeast,womens_bottoms,21,1X,1X
P03861,65+,West,womens_tops,20,XL,L
P03862,55-64,West,womens_tops,23,XL,L
P03863,45-54,Northeast,mens_tops,22,L,L
P03864,45-54,Northeast,mens_tops,4,S,XS
P03865,65+,Southeast,womens_dresses,23,L,M
P03866,65+,Midwest,womens_tops,13,XL,XL
P03867,45-54,Midwest,womens_dresses,11,1X,1X
P03868,25-34,Northeast,womens_bottoms,4,2X,1X
P03869,35-44,Midwest,mens_bottoms,3,XL,L
P03870,65+,West,womens_dresses,8,L,XS
P03871,55-64,Southwest,mens_bottoms,20,1X,M
P03872,65+,West,mens_tops,11,S,XS
P03873,65+,West,womens_bottoms,3,3X+,3X+
P03874,65+,Southeast,womens_dresses,9,1X,1X
P03875,45-54,Southwest,womens_dresses,20,XL,L
P03876,55-64,Midwest,womens_tops,13,S,XS
P03877,25-34,West,mens_bottoms,9,1X,L
P03878,35-44,Southeast,mens_tops,20,2X,1X
P03879,65+,Southeast,mens_tops,7,2X,1X
P03880,35-44,Southeast,womens_bottoms,13,1X,1X
P03881,35-44,Southwest,womens_dresses,14,L,M
P03882,35-44,Midwest,womens_dresses,14,XL,M
P03883,55-64,Southeast,womens_bottoms,9,1X,1X
P03884,55-64,West,mens_bottoms,12,XL,L
P03885,55-64,Northeast,mens_bottoms,14,2X,XL
P03886,25-34,Northeast,mens_bottoms,10,2X,XL
P03887,45-54,Midwest,mens_tops,10,S,XS
P03888,65+,West,womens_bottoms,4,S,XS
P03889,35-44,Southeast,mens_bottoms,20,XL,M
P03890,65+,Northeast,mens_tops,14,1X,L
P03891,55-64,Midwest,mens_bottoms,22,L,M
P03892,55-64,West,womens_tops,22,M,S
P03893,45-54,Northeast,womens_dresses,8,2X,1X
P03894,45-54,Northeast,mens_bottoms,3,2X,1X
P03895,55-64,Southwest,mens_bottoms,13,2X,1X
P03896,45-54,West,womens_bottoms,19,1X,1X
P03897,35-44,Northeast,mens_bottoms,22,2X,1X
P03898,55-64,Midwest,mens_tops,21,L,S
P03899,45-54,West,womens_tops,7,3X+,3X+
P03900,55-64,West,womens_dresses,15,M,M
P03901,35-44,Midwest,mens_bottoms,9,1X,1X
P03902,55-64,Southeast,womens_bottoms,18,L,S
P03903,65+,Southwest,womens_tops,6,2X,1X
P03904,35-44,Northeast,mens_bottoms,24,XS,XS
P03905,65+,Midwest,mens_tops,20,L,L
P03906,25-34,Northeast,womens_bottoms,5,2X,2X
P03907,55-64,Southwest,mens_tops,5,XL,L
P03908,35-44,Northeast,womens_dresses,22,XL,L
P03909,25-34,Southwest,womens_bottoms,6,M,M
P03910,65+,Midwest,womens_tops,18,1X,L
P03911,35-44,Southwest,womens_tops,9,2X,L
P03912,55-64,Midwest,womens_bottoms,4,3X+,2X
P03913,65+,Midwest,mens_bottoms,15,XL,L
P03914,55-64,West,womens_dresses,13,3X+,XL
P03915,65+,Southwest,womens_tops,21,XL,XL
P03916,55-64,Midwest,mens_tops,9,2X,L
P03917,25-34,Northeast,womens_dresses,23,L,M
P03918,35-44,Northeast,womens_dresses,4,1X,XL
P03919,35-44,Southwest,womens_bottoms,19,XL,S
P03920,45-54,Northeast,womens_tops,17,1X,1X
P03921,65+,Midwest,mens_bottoms,8,1X,L
P03922,25-34,Southwest,mens_bottoms,11,XS,XS
P03923,55-64,Midwest,womens_bottoms,6,XL,M
P03924,55-64,Southwest,womens_dresses,4,1X,1X
P03925,55-64,Midwest,mens_tops,10,1X,XL
P03926,65+,Midwest,mens_tops,22,M,XS
P03927,35-44,West,mens_bottoms,4,XL,L
P03928,45-54,Southeast,womens_bottoms,16,XL,L
P03929,65+,Southeast,womens_dresses,23,M,M
P03930,35-44,West,mens_tops,9,L,S
P03931,25-34,West,mens_bottoms,5,3X+,3X+
P03932,65+,Southeast,mens_bottoms,5,2X,1X
P03933,35-44,Midwest,mens_bottoms,11,L,M
P03934,25-34,Midwest,womens_bottoms,14,3X+,1X
P03935,25-34,Southwest,womens_bottoms,7,1X,XL
P03936,25-34,Southeast,mens_bottoms,16,L,XS
P03937,45-54,Northeast,womens_bottoms,18,L,S
P03938,65+,Midwest,womens_tops,9,2X,2X
P03939,45-54,Southeast,womens_tops,18,L,M
P03940,55-64,Northeast,mens_tops,20,1X,XL
P03941,25-34,Southwest,womens_dresses,11,XL,L
P03942,65+,West,womens_dresses,12,XL,M
P03943,45-54,Southeast,womens_bottoms,23,S,XS
P03944,25-34,Midwest,womens_tops,13,M,M
P03945,45-54,Midwest,womens_bottoms,10,1X,L
P03946,55-64,Midwest,womens_bottoms,12,L,M
P03947,65+,Midwest,mens_tops,19,XL,M
P03948,65+,Midwest,womens_dresses,6,1X,L
P03949,55-64,Northeast,womens_tops,9,2X,1X
P03950,55-64,Southeast,mens_tops,18,XL,M
P03951,55-64,Southwest,mens_tops,3,2X,2X
P03952,35-44,Midwest,womens_tops,9,3X+,2X
P03953,25-34,Southeast,mens_tops,10,XL,XL
P03954,25-34,Southwest,mens_bottoms,11,L,S
P03955,25-34,West,womens_tops,24,3X+,3X+
P03956,35-44,Southwest,womens_dresses,4,S,XS
P03957,65+,Southeast,womens_tops,3,XL,M
P03958,35-44,Southeast,womens_dresses,19,2X,1X
P03959,65+,West,mens_bottoms,19,XL,XL
P03960,25-34,Northeast,mens_tops,24,XS,XS
P03961,65+,Southeast,womens_dresses,11,XL,M
P03962,45-54,West,mens_tops,6,XL,L
P03963,25-34,West,mens_tops,18,L,L
P03964,25-34,West,womens_bottoms,4,1X,1X
P03965,45-54,Northeast,mens_bottoms,9,XL,XL
P03966,65+,Northeast,womens_bottoms,21,XL,M
P03967,25-34,Southeast,mens_bottoms,19,L,S
P03968,55-64,Southwest,womens_dresses,24,L,M
P03969,35-44,Southeast,mens_tops,17,M,S
P03970,35-44,Southwest,womens_dresses,9,M,S
P03971,65+,Southwest,mens_tops,14,1X,L
P03972,35-44,Southwest,womens_tops,13,2X,2X
P03973,25-34,Southeast,mens_bottoms,24,1X,M
P03974,25-34,Southwest,womens_dresses,12,M,M
P03975,55-64,Southeast,womens_dresses,9,L,S
P03976,25-34,Midwest,womens_tops,3,M,M
P03977,55-64,Southwest,womens_tops,16,1X,XL
P03978,45-54,Midwest,womens_tops,11,M,S
P03979,45-54,Southwest,womens_bottoms,7,L,M
P03980,65+,Midwest,mens_bottoms,24,XL,L
P03981,35-44,Midwest,womens_dresses,12,2X,2X
P03982,65+,Southeast,womens_tops,20,L,L
P03983,45-54,Northeast,womens_dresses,5,L,S
P03984,45-54,Northeast,womens_bottoms,19,L,S
P03985,35-44,Northeast,mens_bottoms,12,XS,XS
P03986,35-44,Southwest,womens_dresses,22,M,XS
P03987,55-64,Northeast,womens_tops,4,M,XS
P03988,55-64,Northeast,womens_dresses,12,2X,2X
P03989,55-64,West,mens_bottoms,18,2X,XL
P03990,25-34,Southeast,womens_dresses,11,2X,1X
P03991,35-44,Southwest,mens_bottoms,12,XL,L
P03992,25-34,Northeast,womens_tops,19,XL,M
P03993,55-64,Southeast,womens_bottoms,20,XL,L
P03994,65+,West,mens_bottoms,7,XL,M
P03995,65+,West,mens_bottoms,3,XL,L
P03996,35-44,Northeast,womens_bottoms,21,3X+,1X
P03997,55-64,Southwest,womens_bottoms,4,L,M
P03998,45-54,Southwest,mens_tops,5,2X,2X
P03999,25-34,Southeast,womens_dresses,10,2X,2X
P04000,55-64,Southwest,womens_tops,15,M,S
P04001,35-44,Northeast,womens_dresses,16,L,M
P04002,25-34,Southwest,womens_bottoms,5,M,S
P04003,35-44,West,mens_bottoms,4,1X,1X
P04004,25-34,Northeast,womens_bottoms,16,2X,1X
P04005,65+,Southwest,womens_tops,8,2X,1X
P04006,55-64,Southwest,womens_dresses,9,XS,XS
P04007,35-44,Northeast,womens_bottoms,14,XL,M
P04008,35-44,Midwest,mens_tops,23,XL,M
P04009,35-44,Midwest,mens_bottoms,12,XL,XL
P04010,35-44,Southwest,womens_tops,10,XL,L
P04011,45-54,Midwest,womens_bottoms,16,L,L
P04012,45-54,Southeast,womens_dresses,13,XL,M
P04013,25-34,Northeast,womens_tops,9,L,XS
P04014,55-64,Southwest,mens_bottoms,23,L,M
P04015,65+,Midwest,mens_tops,4,XL,L
P04016,55-64,Midwest,mens_tops,5,2X,1X
P04017,35-44,Southeast,womens_tops,8,S,XS
P04018,35-44,Northeast,mens_bottoms,15,3X+,1X
P04019,45-54,Northeast,mens_tops,15,L,M
P04020,65+,Midwest,mens_bottoms,16,L,M
P04021,25-34,West,womens_tops,20,L,S
P04022,35-44,Midwest,womens_tops,17,M,XS
P04023,65+,West,womens_bottoms,18,L,S
P04024,35-44,Southeast,womens_dresses,24,XL,M
P04025,45-54,Northeast,womens_tops,8,1X,1X
P04026,45-54,Northeast,womens_tops,12,2X,2X
P04027,65+,Southwest,womens_dresses,8,M,M
P04028,55-64,Northeast,womens_bottoms,18,XL,XL
P04029,35-44,Southeast,womens_dresses,20,3X+,3X+
P04030,25-34,Midwest,mens_bottoms,3,XL,XL
P04031,45-54,Southwest,mens_bottoms,12,1X,1X
P04032,45-54,Northeast,mens_tops,20,XL,L
P04033,45-54,Southwest,mens_tops,20,L,XS
P04034,25-34,West,mens_bottoms,23,1X,XL
P04035,45-54,Southwest,womens_dresses,7,L,M
P04036,45-54,Southwest,mens_tops,9,L,M
P04037,35-44,Midwest,womens_tops,13,L,M
P04038,45-54,Southwest,womens_tops,19,1X,XL
P04039,55-64,West,mens_tops,13,2X,XL
P04040,45-54,West,womens_bottoms,10,S,S
P04041,55-64,Southwest,womens_dresses,10,1X,L
P04042,45-54,Midwest,womens_dresses,8,XL,M
P04043,25-34,Midwest,mens_bottoms,3,S,S
P04044,25-34,Midwest,womens_tops,4,M,S
P04045,65+,Northeast,womens_bottoms,16,XL,XL
P04046,35-44,Southeast,mens_tops,18,1X,XL
P04047,55-64,Northeast,mens_tops,22,3X+,3X+
P04048,25-34,Midwest,womens_dresses,8,3X+,1X
P04049,65+,West,womens_dresses,12,L,XS
P04050,65+,Southeast,mens_tops,5,XL,M
P04051,35-44,Northeast,womens_tops,16,1X,L
P04052,25-34,West,mens_tops,23,L,XS
P04053,45-54,Northeast,mens_tops,10,M,M
P04054,25-34,Northeast,mens_bottoms,22,2X,1X
P04055,35-44,Midwest,womens_dresses,11,1X,L
P04056,65+,Midwest,mens_tops,18,L,XS
P04057,25-34,Northeast,mens_bottoms,23,2X,XL
P04058,55-64,Southeast,womens_tops,3,XL,L
P04059,65+,Southwest,mens_tops,4,L,L
P04060,65+,Southeast,womens_bottoms,10,XL,M
P04061,55-64,West,mens_bottoms,18,1X,XL
P04062,45-54,Southwest,mens_bottoms,22,M,XS
P04063,55-64,Southwest,womens_dresses,21,L,M
P04064,35-44,Southwest,womens_dresses,7,XL,L
P04065,35-44,Midwest,womens_bottoms,14,L,L
P04066,65+,Northeast,mens_tops,14,1X,XL
P04067,45-54,Midwest,womens_dresses,4,1X,XL
P04068,35-44,Midwest,mens_tops,20,1X,XL
P04069,55-64,Southwest,mens_tops,18,1X,L
P04070,55-64,Midwest,mens_bottoms,3,1X,XL
P04071,65+,Midwest,mens_bottoms,21,2X,1X
P04072,45-54,Midwest,womens_bottoms,15,S,XS
P04073,35-44,Northeast,womens_bottoms,7,XL,S
P04074,25-34,Midwest,womens_dresses,15,L,S
P04075,65+,West,mens_bottoms,20,L,XS
P04076,25-34,Southwest,womens_bottoms,13,2X,1X
P04077,35-44,Midwest,womens_tops,4,M,S
P04078,45-54,Southeast,womens_bottoms,3,3X+,2X
P04079,55-64,Southeast,mens_bottoms,18,3X+,1X
P04080,55-64,West,mens_tops,15,L,S
P04081,45-54,West,womens_tops,3,3X+,2X
P04082,35-44,West,mens_bottoms,24,XS,XS
P04083,35-44,Southeast,womens_dresses,4,2X,XL
P04084,65+,Midwest,mens_tops,24,1X,L
P04085,45-54,West,mens_tops,18,M,XS
P04086,45-54,West,womens_dresses,18,XL,S
P04087,25-34,West,womens_bottoms,3,1X,1X
P04088,25-34,Midwest,mens_bottoms,12,M,M
P04089,55-64,Northeast,womens_dresses,3,M,M
P04090,65+,Southeast,mens_bottoms,7,L,M
P04091,25-34,Southwest,mens_bottoms,23,L,S
P04092,65+,West,womens_bottoms,8,1X,XL
P04093,55-64,Southeast,womens_bottoms,20,L,M
P04094,65+,Southwest,womens_tops,19,L,M
P04095,55-64,West,mens_tops,6,1X,M
P04096,55-64,Southeast,womens_bottoms,5,XL,M
P04097,55-64,Northeast,womens_tops,19,XL,L
P04098,35-44,Southwest,womens_bottoms,20,1X,M
P04099,35-44,Southeast,mens_tops,20,XL,S
P04100,65+,Southwest,mens_bottoms,13,1X,XL
P04101,35-44,Southwest,womens_tops,24,2X,XL
P04102,65+,Northeast,womens_dresses,24,2X,XL
P04103,35-44,West,womens_dresses,14,2X,2X
P04104,45-54,Southeast,womens_dresses,14,1X,M
P04105,25-34,Southwest,womens_bottoms,15,XL,L
P04106,65+,West,womens_dresses,16,L,L
P04107,45-54,Southwest,mens_tops,9,3X+,2X
P04108,35-44,Southeast,mens_bottoms,22,3X+,1X
P04109,55-64,Southeast,mens_bottoms,18,M,S
P04110,55-64,Northeast,mens_bottoms,6,M,M
P04111,65+,Southwest,womens_dresses,11,XL,L
P04112,45-54,Midwest,mens_tops,20,L,M
P04113,45-54,Midwest,womens_dresses,14,XL,L
P04114,55-64,Southeast,womens_tops,8,1X,L
P04115,25-34,Northeast,womens_bottoms,13,XL,XL
P04116,45-54,Midwest,mens_bottoms,6,XL,XL
P04117,65+,Southeast,womens_bottoms,18,L,L
P04118,25-34,Southeast,mens_tops,6,XL,M
P04119,25-34,West,mens_bottoms,23,XL,M
P04120,55-64,Southeast,mens_bottoms,24,2X,2X
P04121,45-54,Southwest,womens_dresses,17,XL,M
P04122,55-64,Southeast,mens_tops,9,1X,XL
P04123,25-34,West,womens_bottoms,23,XL,M
P04124,55-64,Midwest,mens_tops,5,XL,M
P04125,25-34,Northeast,mens_bottoms,23,L,S
P04126,35-44,Southwest,womens_tops,5,L,XS
P04127,45-54,Southeast,womens_dresses,11,XL,L
P04128,45-54,Southwest,womens_tops,23,L,S
P04129,65+,Midwest,womens_bottoms,4,M,S
P04130,65+,West,womens_bottoms,23,XL,M
P04131,55-64,Midwest,mens_tops,11,3X+,3X+
P04132,55-64,Southeast,mens_bottoms,21,S,XS
P04133,25-34,West,womens_bottoms,18,XL,L
P04134,45-54,Southwest,womens_tops,18,M,XS
P04135,35-44,Southeast,womens_dresses,24,1X,XL
P04136,45-54,Northeast,womens_bottoms,11,XL,L
P04137,55-64,West,mens_tops,11,XL,L
P04138,35-44,Southeast,mens_tops,18,1X,XL
P04139,65+,Northeast,womens_tops,24,L,M
P04140,65+,Southwest,womens_dresses,8,1X,1X
P04141,55-64,Southwest,womens_tops,3,2X,L
P04142,25-34,Northeast,womens_tops,23,3X+,1X
P04143,55-64,Southeast,mens_bottoms,8,XL,L
P04144,55-64,Southwest,womens_bottoms,8,1X,XL
P04145,45-54,Northeast,womens_dresses,10,3X+,2X
P04146,55-64,West,mens_tops,20,XL,M
P04147,25-34,Northeast,womens_dresses,5,L,L
P04148,55-64,Northeast,womens_dresses,11,L,S
P04149,45-54,Northeast,womens_tops,6,XL,M
P04150,25-34,Northeast,womens_tops,5,XL,S
P04151,25-34,West,womens_dresses,19,XL,XL
P04152,35-44,Southeast,womens_bottoms,13,M,S
P04153,55-64,West,womens_tops,16,L,M
P04154,35-44,Southwest,womens_bottoms,20,L,S
P04155,45-54,Southeast,mens_tops,24,S,XS
P04156,25-34,Midwest,womens_bottoms,12,S,XS
P04157,55-64,Southeast,womens_dresses,7,M,XS
P04158,55-64,Southwest,mens_bottoms,16,1X,XL
P04159,25-34,Southeast,mens_bottoms,16,2X,XL
P04160,25-34,Midwest,womens_tops,9,L,S
P04161,65+,Southeast,mens_bottoms,13,1X,XL
P04162,45-54,Northeast,womens_dresses,12,M,S
P04163,45-54,Midwest,womens_bottoms,19,XS,XS
P04164,45-54,Southeast,womens_bottoms,13,M,M
P04165,55-64,West,womens_dresses,15,3X+,1X
P04166,65+,Northeast,womens_tops,16,L,S
P04167,25-34,Southeast,womens_tops,3,XL,M
P04168,45-54,Northeast,womens_bottoms,11,L,XS
P04169,45-54,Southeast,womens_tops,16,1X,1X
P04170,55-64,Midwest,womens_dresses,8,L,L
P04171,65+,West,mens_tops,9,1X,XL
P04172,25-34,Southeast,womens_dresses,16,L,M
P04173,25-34,Midwest,womens_tops,5,XL,XL
P04174,45-54,Midwest,mens_bottoms,4,XL,M
P04175,65+,Southeast,womens_bottoms,19,1X,L
P04176,65+,Southeast,womens_bottoms,22,L,XS
P04177,45-54,West,womens_tops,17,XL,S
P04178,25-34,Southwest,mens_tops,10,L,S
P04179,25-34,Southwest,womens_dresses,5,M,S
P04180,45-54,Northeast,womens_tops,14,S,XS
P04181,25-34,Northeast,womens_tops,16,M,S
P04182,35-44,Southeast,mens_bottoms,6,XL,XL
P04183,35-44,Midwest,womens_tops,24,L,S
P04184,65+,Northeast,womens_bottoms,10,XL,S
P04185,45-54,Southwest,womens_bottoms,21,M,XS
P04186,25-34,Midwest,womens_bottoms,18,S,XS
P04187,55-64,Southeast,mens_tops,5,2X,2X
P04188,35-44,Midwest,womens_bottoms,15,1X,XL
P04189,35-44,Southeast,womens_bottoms,6,2X,2X
P04190,35-44,Midwest,womens_tops,18,XL,L
P04191,55-64,Midwest,mens_bottoms,9,M,XS
P04192,45-54,Southwest,womens_bottoms,6,XL,XL
P04193,35-44,Northeast,womens_bottoms,12,3X+,3X+
P04194,25-34,Southwest,womens_bottoms,19,XL,M
P04195,45-54,Midwest,womens_bottoms,9,M,XS
P04196,35-44,Southeast,womens_tops,13,XL,XL
P04197,65+,Southwest,mens_bottoms,5,L,L
P04198,65+,Southeast,mens_bottoms,16,2X,XL
P04199,55-64,Southeast,mens_bottoms,20,XL,M
P04200,55-64,Midwest,mens_tops,16,1X,L
P04201,65+,Midwest,womens_tops,17,XL,L
P04202,65+,Northeast,womens_dresses,6,XL,XL
P04203,55-64,Northeast,mens_tops,8,XL,L
P04204,55-64,Midwest,womens_dresses,18,XL,L
P04205,35-44,Midwest,womens_dresses,14,1X,L
P04206,55-64,Midwest,mens_bottoms,21,3X+,1X
P04207,55-64,Midwest,womens_tops,18,M,M
P04208,35-44,West,mens_tops,3,L,M
P04209,45-54,Northeast,mens_tops,17,L,M
P04210,25-34,Northeast,womens_tops,20,1X,L
P04211,65+,West,womens_bottoms,9,3X+,3X+
P04212,25-34,West,mens_bottoms,9,M,XS
P04213,65+,West,womens_tops,3,L,S
P04214,25-34,Southeast,mens_tops,20,XS,XS
P04215,65+,Southeast,mens_tops,11,1X,XL
P04216,65+,Northeast,mens_tops,14,L,XS
P04217,45-54,Southwest,womens_dresses,16,M,M
P04218,55-64,Southwest,womens_bottoms,3,XL,XL
P04219,65+,Southwest,womens_dresses,9,XL,L
P04220,65+,Midwest,womens_bottoms,21,1X,XL
P04221,55-64,Southwest,mens_tops,9,2X,1X
P04222,55-64,Northeast,womens_dresses,3,M,M
P04223,45-54,Southwest,womens_tops,6,1X,XL
P04224,55-64,Southwest,mens_bottoms,5,XL,L
P04225,35-44,Northeast,mens_bottoms,19,2X,1X
P04226,45-54,Northeast,womens_tops,14,2X,2X
P04227,55-64,Midwest,mens_tops,22,1X,L
P04228,35-44,Northeast,womens_bottoms,21,1X,M
P04229,55-64,Northeast,mens_tops,24,1X,XL
P04230,35-44,Southeast,mens_bottoms,24,M,S
P04231,35-44,Northeast,womens_bottoms,12,S,S
P04232,35-44,Southeast,womens_tops,13,L,L
P04233,35-44,West,womens_tops,14,1X,L
P04234,25-34,Midwest,womens_bottoms,14,3X+,XL
P04235,45-54,Northeast,womens_bottoms,8,L,S
P04236,25-34,Southwest,mens_tops,15,2X,1X
P04237,55-64,Midwest,womens_bottoms,20,S,XS
P04238,65+,Southeast,mens_bottoms,21,XL,XL
P04239,35-44,West,womens_dresses,6,2X,1X
P04240,25-34,Northeast,womens_dresses,21,2X,2X
P04241,45-54,West,womens_bottoms,15,L,L
P04242,25-34,Midwest,mens_tops,11,1X,1X
P04243,35-44,Northeast,womens_dresses,6,XL,L
P04244,65+,Southeast,womens_bottoms,20,L,S
P04245,35-44,Northeast,womens_tops,12,2X,1X
P04246,45-54,Midwest,mens_tops,5,XL,XL
P04247,35-44,Southeast,womens_tops,15,M,XS
P04248,25-34,Southeast,womens_bottoms,13,S,XS
P04249,35-44,Midwest,womens_tops,7,M,S
P04250,45-54,West,mens_tops,17,L,M
P04251,65+,West,mens_tops,11,3X+,2X
P04252,25-34,West,mens_tops,10,XS,XS
P04253,65+,Southwest,womens_tops,23,L,XS
P04254,35-44,Southeast,mens_bottoms,18,2X,1X
P04255,45-54,Northeast,mens_bottoms,24,1X,L
P04256,65+,Southeast,womens_bottoms,24,L,S
P04257,45-54,Southwest,womens_bottoms,11,3X+,1X
P04258,55-64,Southwest,mens_tops,12,L,S
P04259,65+,West,mens_tops,5,L,L
P04260,45-54,Northeast,womens_tops,10,XL,L
P04261,25-34,Southeast,womens_tops,4,L,M
P04262,65+,Midwest,womens_tops,11,1X,L
P04263,35-44,Midwest,womens_dresses,13,L,M
P04264,35-44,Midwest,mens_tops,24,L,S
P04265,45-54,West,womens_bottoms,14,XL,M
P04266,35-44,West,womens_bottoms,16,1X,L
P04267,55-64,Northeast,womens_bottoms,5,XL,M
P04268,55-64,West,mens_tops,11,XL,S
P04269,25-34,Southwest,womens_tops,10,1X,XL
P04270,65+,Northeast,womens_bottoms,18,XL,M
P04271,35-44,Northeast,womens_bottoms,16,XL,L
P04272,25-34,West,womens_bottoms,13,XL,M
P04273,45-54,Southwest,mens_bottoms,16,XL,XL
P04274,35-44,Southwest,womens_bottoms,24,L,XS
P04275,25-34,West,womens_dresses,8,L,M
P04276,25-34,Southwest,womens_tops,8,1X,XL
P04277,25-34,Southeast,mens_tops,7,1X,L
P04278,45-54,Northeast,womens_dresses,8,2X,1X
P04279,55-64,West,womens_tops,20,XL,L
P04280,45-54,Southeast,womens_dresses,6,M,XS
P04281,45-54,Southeast,womens_dresses,4,L,L
P04282,55-64,Southwest,womens_bottoms,10,L,M
P04283,65+,West,mens_tops,12,L,S
P04284,55-64,Southeast,womens_bottoms,19,3X+,2X
P04285,25-34,Southwest,mens_tops,8,XL,S
P04286,55-64,West,womens_bottoms,18,L,S
P04287,25-34,West,mens_tops,18,3X+,2X
P04288,25-34,Southwest,womens_tops,15,L,M
P04289,25-34,Northeast,mens_tops,3,L,M
P04290,55-64,Southwest,mens_bottoms,7,2X,XL
P04291,55-64,West,mens_tops,20,3X+,2X
P04292,55-64,West,womens_tops,23,S,XS
P04293,45-54,West,mens_tops,13,M,S
P04294,45-54,Midwest,mens_tops,5,1X,1X
P04295,65+,West,mens_tops,14,L,S
P04296,25-34,Southwest,womens_dresses,4,L,M
P04297,45-54,West,mens_tops,13,S,XS
P04298,65+,Southwest,womens_tops,17,L,L
P04299,35-44,West,mens_tops,4,1X,XL
P04300,45-54,Southeast,womens_dresses,12,XL,M
P04301,55-64,West,womens_bottoms,19,L,S
P04302,45-54,Northeast,womens_bottoms,21,XL,M
P04303,65+,West,womens_dresses,7,2X,2X
P04304,25-34,Midwest,mens_bottoms,16,1X,1X
P04305,55-64,Northeast,womens_dresses,23,1X,L
P04306,35-44,West,mens_bottoms,3,XS,XS
P04307,65+,Southeast,mens_tops,14,1X,1X
P04308,55-64,Southeast,womens_dresses,19,XL,M
P04309,25-34,Southeast,womens_bottoms,23,L,S
P04310,65+,Midwest,womens_tops,11,M,S
P04311,25-34,Southeast,womens_dresses,11,1X,XL
P04312,35-44,Southeast,womens_bottoms,6,L,L
P04313,45-54,Southeast,womens_tops,3,1X,XL
P04314,65+,Northeast,womens_tops,15,XL,L
P04315,55-64,Northeast,womens_dresses,9,L,M
P04316,65+,Northeast,womens_dresses,13,XS,XS
P04317,45-54,West,womens_tops,13,S,XS
P04318,45-54,Northeast,mens_tops,22,L,M
P04319,35-44,West,mens_tops,7,2X,1X
P04320,65+,Southwest,mens_bottoms,14,L,S
P04321,55-64,Southeast,womens_dresses,13,M,S
P04322,35-44,West,womens_dresses,10,XL,M
P04323,25-34,West,mens_bottoms,17,M,S
P04324,65+,Midwest,womens_tops,6,1X,1X
P04325,35-44,Southeast,womens_tops,15,M,S
P04326,25-34,Midwest,mens_tops,24,2X,XL
P04327,65+,Southwest,womens_dresses,9,1X,L
P04328,45-54,Northeast,womens_bottoms,10,XL,XL
P04329,55-64,West,mens_tops,12,2X,XL
P04330,35-44,Midwest,womens_bottoms,5,1X,L
P04331,65+,Midwest,mens_bottoms,5,2X,2X
P04332,65+,Midwest,mens_bottoms,21,2X,2X
P04333,55-64,Southwest,womens_dresses,8,XL,M
P04334,25-34,Southeast,womens_bottoms,6,1X,XL
P04335,35-44,Southwest,mens_bottoms,15,1X,L
P04336,55-64,West,womens_tops,16,L,M
P04337,65+,Southwest,womens_dresses,24,M,XS
P04338,35-44,Midwest,mens_bottoms,21,3X+,XL
P04339,65+,West,womens_bottoms,7,2X,1X
P04340,65+,West,womens_bottoms,24,1X,XL
P04341,55-64,Southwest,mens_bottoms,18,L,M
P04342,45-54,Southeast,mens_tops,4,L,L
P04343,65+,West,womens_tops,4,XL,XL
P04344,35-44,Northeast,mens_bottoms,12,M,M
P04345,35-44,Southeast,womens_tops,24,L,S
P04346,45-54,West,womens_bottoms,24,M,XS
P04347,25-34,Midwest,womens_dresses,11,2X,1X
P04348,25-34,Midwest,mens_tops,14,1X,M
P04349,35-44,Southwest,womens_dresses,24,S,XS
P04350,65+,West,womens_bottoms,16,S,S
P04351,45-54,Southwest,womens_dresses,18,M,XS
P04352,55-64,Midwest,mens_tops,13,1X,1X
P04353,35-44,Northeast,womens_bottoms,24,M,XS
P04354,25-34,Midwest,mens_tops,4,XL,L
P04355,55-64,Northeast,womens_bottoms,14,1X,L
P04356,55-64,Southwest,mens_tops,3,2X,1X
P04357,25-34,Southeast,womens_bottoms,24,XL,L
P04358,25-34,Southwest,mens_bottoms,4,XL,XL
P04359,25-34,Southeast,mens_bottoms,13,XL,XL
P04360,65+,Midwest,womens_dresses,19,L,S
P04361,35-44,Southeast,womens_bottoms,13,M,XS
P04362,65+,Southwest,womens_bottoms,6,XS,XS
P04363,65+,Northeast,womens_bottoms,13,1X,L
P04364,65+,Southwest,mens_tops,24,2X,1X
P04365,35-44,West,womens_bottoms,15,XL,L
P04366,65+,West,womens_bottoms,22,XL,XL
P04367,65+,Midwest,mens_tops,24,XL,S
P04368,55-64,Southwest,mens_bottoms,24,1X,M
P04369,65+,Midwest,womens_tops,10,XL,XL
P04370,45-54,Northeast,mens_bottoms,24,L,M
P04371,25-34,Southeast,womens_tops,8,S,XS
P04372,25-34,Midwest,womens_tops,16,XL,L
P04373,45-54,Midwest,mens_tops,8,M,M
P04374,55-64,Southwest,womens_tops,18,1X,XL
P04375,55-64,Southwest,womens_bottoms,10,XS,XS
P04376,65+,Southeast,womens_dresses,5,2X,2X
P04377,25-34,Southwest,womens_bottoms,7,XL,M
P04378,65+,Northeast,womens_bottoms,13,M,XS
P04379,55-64,Northeast,womens_dresses,8,L,M
P04380,35-44,Southeast,womens_bottoms,7,1X,XL
P04381,45-54,Midwest,womens_bottoms,18,2X,2X
P04382,65+,Southeast,womens_dresses,24,L,L
P04383,45-54,Southeast,mens_tops,13,L,M
P04384,45-54,Southwest,womens_bottoms,19,1X,L
P04385,25-34,Southwest,womens_dresses,17,M,M
P04386,55-64,Midwest,mens_tops,24,XL,L
P04387,65+,Midwest,womens_bottoms,12,S,XS
P04388,55-64,Midwest,mens_bottoms,12,XL,L
P04389,25-34,Southwest,mens_tops,9,2X,1X
P04390,45-54,West,mens_tops,16,3X+,1X
P04391,35-44,Southwest,womens_tops,17,XL,S
P04392,65+,Midwest,mens_bottoms,7,1X,1X
P04393,25-34,Southeast,womens_dresses,21,M,M
P04394,25-34,Midwest,womens_bottoms,22,2X,XL
P04395,55-64,Southeast,womens_dresses,11,XL,XL
P04396,65+,Southeast,mens_tops,17,L,S
P04397,55-64,Midwest,womens_tops,11,M,S
P04398,25-34,West,womens_tops,12,1X,XL
P04399,35-44,Midwest,mens_tops,24,XS,XS
P04400,65+,Southwest,mens_tops,17,XL,M
P04401,55-64,Midwest,womens_bottoms,23,XL,L
P04402,35-44,West,mens_tops,13,L,M
P04403,55-64,Midwest,mens_tops,11,L,M
P04404,45-54,West,womens_dresses,22,M,XS
P04405,55-64,Midwest,mens_tops,4,XL,M
P04406,65+,Midwest,mens_bottoms,9,S,XS
P04407,45-54,Midwest,womens_bottoms,11,1X,XL
P04408,45-54,Southeast,womens_tops,18,S,XS
P04409,25-34,West,womens_bottoms,6,M,S
P04410,35-44,Southwest,womens_bottoms,14,XL,XL
P04411,65+,Southeast,mens_tops,7,2X,1X
P04412,45-54,Northeast,womens_tops,19,1X,1X
P04413,25-34,Southwest,womens_tops,5,1X,1X
P04414,35-44,Northeast,womens_dresses,14,1X,L
P04415,55-64,West,womens_dresses,20,2X,L
P04416,35-44,Southeast,mens_tops,23,L,S
P04417,25-34,Southeast,womens_tops,14,L,S
P04418,65+,West,mens_bottoms,20,3X+,3X+
P04419,65+,Southeast,mens_bottoms,11,L,L
P04420,35-44,Southeast,womens_dresses,8,L,L
P04421,45-54,Midwest,womens_bottoms,6,3X+,3X+
P04422,35-44,West,mens_tops,4,XL,L
P04423,25-34,Midwest,womens_tops,19,L,M
P04424,35-44,Northeast,mens_bottoms,11,L,S
P04425,45-54,Southwest,womens_tops,9,1X,XL
P04426,45-54,Southeast,mens_tops,21,L,M
P04427,65+,Southeast,womens_tops,6,S,XS
P04428,35-44,Southeast,womens_bottoms,19,L,L
P04429,55-64,Northeast,womens_dresses,4,XL,L
P04430,45-54,Southeast,womens_bottoms,15,XL,S
P04431,65+,Southeast,mens_bottoms,19,1X,L
P04432,45-54,Northeast,mens_bottoms,13,L,S
P04433,55-64,Northeast,womens_tops,16,1X,L
P04434,35-44,Southwest,womens_bottoms,5,S,XS
P04435,45-54,West,womens_tops,15,2X,XL
P04436,25-34,Southwest,womens_tops,4,XL,XL
P04437,65+,West,mens_tops,13,1X,L
P04438,35-44,Southwest,mens_bottoms,17,3X+,1X
P04439,55-64,Midwest,womens_bottoms,19,2X,1X
P04440,45-54,Northeast,womens_bottoms,13,S,XS
P04441,45-54,Southeast,womens_dresses,14,L,S
P04442,65+,Southeast,mens_tops,16,XL,XL
P04443,55-64,West,womens_tops,14,XL,L
P04444,35-44,Northeast,womens_bottoms,18,1X,L
P04445,35-44,Northeast,mens_bottoms,22,XL,M
P04446,35-44,Southeast,mens_tops,23,2X,XL
P04447,65+,Southeast,womens_tops,12,M,M
P04448,55-64,Midwest,womens_tops,9,3X+,XL
P04449,45-54,Northeast,womens_tops,9,1X,XL
P04450,65+,Southwest,womens_dresses,5,XL,L
P04451,35-44,Midwest,mens_bottoms,5,XL,XL
P04452,65+,Midwest,mens_tops,3,1X,1X
P04453,45-54,Northeast,womens_bottoms,8,2X,1X
P04454,55-64,West,womens_bottoms,12,1X,XL
P04455,55-64,Northeast,mens_tops,3,2X,L
P04456,45-54,Northeast,mens_bottoms,3,M,S
P04457,25-34,Southwest,mens_tops,17,1X,XL
P04458,55-64,Southwest,mens_tops,4,3X+,3X+
P04459,55-64,West,womens_bottoms,3,XS,XS
P04460,35-44,Northeast,womens_tops,3,L,L
P04461,55-64,Northeast,mens_tops,5,1X,XL
P04462,65+,West,womens_dresses,20,L,M
P04463,45-54,Southwest,mens_tops,13,L,S
P04464,55-64,Midwest,mens_bottoms,13,1X,1X
P04465,65+,West,womens_tops,22,S,XS
P04466,25-34,Northeast,womens_bottoms,16,3X+,2X
P04467,65+,Midwest,mens_bottoms,12,1X,1X
P04468,45-54,West,womens_bottoms,18,XL,L
P04469,55-64,West,womens_tops,8,3X+,2X
P04470,45-54,West,womens_dresses,14,S,XS
P04471,55-64,Midwest,womens_dresses,17,1X,1X
P04472,65+,Southwest,womens_dresses,15,3X+,2X
P04473,55-64,Southeast,womens_bottoms,14,1X,XL
P04474,35-44,West,womens_tops,8,2X,L
P04475,25-34,Midwest,womens_dresses,23,XL,M
P04476,45-54,Southeast,womens_bottoms,14,1X,XL
P04477,45-54,Southeast,womens_bottoms,21,XL,XL
P04478,65+,West,womens_tops,19,XL,L
P04479,35-44,Southeast,womens_dresses,8,M,S
P04480,65+,Midwest,womens_bottoms,3,M,M
P04481,55-64,Northeast,mens_bottoms,20,M,M
P04482,25-34,Southeast,womens_dresses,6,L,L
P04483,45-54,Southwest,womens_dresses,5,L,L
P04484,35-44,Midwest,mens_tops,21,S,XS
P04485,45-54,West,mens_bottoms,20,M,M
P04486,35-44,Northeast,womens_dresses,19,2X,1X
P04487,25-34,Northeast,womens_bottoms,4,1X,L
P04488,25-34,West,womens_bottoms,10,1X,L
P04489,25-34,Southwest,womens_bottoms,13,L,M
P04490,35-44,Northeast,mens_bottoms,11,L,L
P04491,35-44,Northeast,womens_bottoms,3,1X,1X
P04492,25-34,Midwest,mens_tops,3,L,L
P04493,45-54,West,womens_bottoms,17,1X,L
P04494,35-44,West,womens_dresses,4,L,L
P04495,45-54,Midwest,womens_tops,24,XL,L
P04496,25-34,Northeast,womens_dresses,16,1X,XL
P04497,25-34,Southeast,mens_tops,5,L,M
P04498,25-34,West,womens_tops,18,1X,L
P04499,35-44,Southwest,mens_bottoms,9,XS,XS
P04500,55-64,Southwest,mens_bottoms,13,M,XS
P04501,45-54,Southwest,mens_bottoms,8,2X,XL
P04502,65+,Northeast,mens_bottoms,16,XS,XS
P04503,25-34,Northeast,womens_dresses,6,M,XS
P04504,55-64,Southwest,mens_tops,11,3X+,3X+
P04505,55-64,Southwest,womens_dresses,3,XL,XL
P04506,35-44,West,mens_bottoms,6,XL,L
P04507,35-44,Midwest,mens_tops,7,1X,XL
P04508,25-34,Southwest,womens_dresses,12,1X,XL
P04509,65+,Northeast,womens_dresses,11,S,XS
P04510,45-54,Northeast,womens_tops,24,L,M
P04511,35-44,Southwest,mens_bottoms,23,1X,L
P04512,65+,Southeast,mens_bottoms,17,3X+,2X
P04513,65+,Northeast,mens_bottoms,22,2X,1X
P04514,45-54,West,mens_tops,24,3X+,1X
P04515,25-34,Southeast,womens_tops,4,XL,L
P04516,25-34,Midwest,mens_bottoms,23,L,S
P04517,35-44,Northeast,womens_bottoms,23,M,S
P04518,45-54,Northeast,womens_dresses,22,XS,XS
P04519,35-44,West,womens_dresses,22,2X,XL
P04520,45-54,Northeast,womens_tops,20,L,S
P04521,25-34,Southeast,womens_tops,21,3X+,3X+
P04522,55-64,West,mens_tops,18,M,M
P04523,65+,Northeast,womens_tops,7,XL,L
P04524,35-44,Northeast,womens_bottoms,11,1X,XL
P04525,35-44,Southwest,womens_dresses,24,XL,M
P04526,35-44,Midwest,womens_tops,11,M,M
P04527,55-64,Southwest,womens_tops,9,XL,XL
P04528,25-34,Northeast,mens_tops,24,S,XS
P04529,55-64,West,mens_tops,10,3X+,3X+
P04530,35-44,West,womens_bottoms,15,1X,L
P04531,45-54,West,womens_dresses,3,M,S
P04532,65+,Midwest,womens_dresses,9,3X+,3X+
P04533,25-34,Southeast,womens_dresses,16,M,M
P04534,35-44,Midwest,mens_tops,4,1X,XL
P04535,25-34,West,womens_bottoms,21,L,S
P04536,55-64,Northeast,mens_tops,23,XL,S
P04537,55-64,Southwest,womens_bottoms,4,XL,M
P04538,65+,West,womens_tops,6,L,S
P04539,65+,Midwest,womens_bottoms,7,XL,XL
P04540,45-54,Midwest,womens_dresses,20,L,M
P04541,55-64,Northeast,mens_bottoms,6,XL,M
P04542,65+,Southeast,mens_tops,19,1X,L
P04543,55-64,Southwest,mens_bottoms,3,XL,L
P04544,65+,Southwest,mens_bottoms,7,L,L
P04545,25-34,Northeast,mens_bottoms,6,2X,1X
P04546,65+,Southwest,mens_tops,3,1X,L
P04547,45-54,Northeast,womens_tops,15,2X,1X
P04548,55-64,Southeast,womens_dresses,20,XL,M
P04549,45-54,Northeast,mens_tops,10,1X,XL
P04550,55-64,Northeast,mens_tops,20,1X,L
P04551,65+,Southwest,womens_bottoms,24,XL,XL
P04552,35-44,Southwest,womens_tops,6,XL,L
P04553,45-54,Northeast,womens_bottoms,21,XL,L
P04554,35-44,Southeast,mens_tops,15,M,XS
P04555,45-54,Southeast,womens_bottoms,22,M,S
P04556,45-54,Southeast,mens_bottoms,16,XL,L
P04557,35-44,West,mens_bottoms,15,XL,M
P04558,35-44,Southeast,mens_bottoms,20,M,M
P04559,65+,West,womens_dresses,15,1X,L
P04560,65+,Northeast,womens_bottoms,7,XL,L
P04561,45-54,Southwest,womens_bottoms,12,2X,1X
P04562,25-34,Southwest,womens_dresses,15,S,XS
P04563,45-54,Northeast,womens_bottoms,8,M,M
P04564,25-34,Southeast,womens_tops,9,1X,L
P04565,35-44,Northeast,mens_bottoms,4,M,M
P04566,55-64,Northeast,mens_bottoms,4,S,XS
P04567,35-44,Southeast,womens_bottoms,9,2X,2X
P04568,35-44,Southeast,mens_tops,23,S,XS
P04569,65+,Southwest,mens_tops,8,3X+,2X
P04570,25-34,West,womens_bottoms,23,3X+,1X
P04571,55-64,Northeast,womens_bottoms,12,XS,XS
P04572,65+,Southeast,womens_bottoms,12,XL,XL
P04573,25-34,Southwest,womens_dresses,8,M,XS
P04574,65+,West,womens_tops,3,L,L
P04575,65+,Midwest,womens_dresses,13,XL,M
P04576,45-54,West,mens_bottoms,24,M,XS
P04577,25-34,Northeast,womens_bottoms,12,XS,XS
P04578,55-64,Southeast,mens_tops,5,XL,XL
P04579,55-64,Northeast,mens_bottoms,6,S,XS
P04580,45-54,Midwest,mens_bottoms,16,2X,XL
P04581,55-64,Southeast,mens_bottoms,17,1X,XL
P04582,25-34,Southwest,womens_bottoms,22,S,XS
P04583,65+,Southeast,womens_dresses,5,XL,L
P04584,65+,Southeast,womens_bottoms,15,XS,XS
P04585,55-64,Northeast,womens_dresses,21,2X,XL
P04586,45-54,Southwest,womens_tops,13,2X,L
P04587,25-34,Northeast,womens_bottoms,13,2X,XL
P04588,35-44,Midwest,mens_tops,9,2X,1X
P04589,35-44,Midwest,mens_bottoms,18,L,S
P04590,55-64,Southwest,mens_tops,14,2X,2X
P04591,55-64,West,womens_dresses,20,XL,L
P04592,65+,West,womens_dresses,22,1X,XL
P04593,35-44,Southeast,mens_bottoms,21,L,S
P04594,35-44,Southeast,mens_bottoms,6,L,M
P04595,45-54,West,womens_tops,12,2X,1X
P04596,35-44,Southwest,womens_dresses,20,1X,1X
P04597,35-44,West,womens_tops,9,S,XS
P04598,65+,Southwest,mens_tops,9,L,M
P04599,25-34,Southwest,womens_tops,22,L,S
P04600,45-54,West,mens_bottoms,18,1X,L
P04601,25-34,Southwest,womens_dresses,6,XL,L
P04602,35-44,Southeast,womens_dresses,3,2X,1X
P04603,45-54,Midwest,mens_bottoms,11,XL,M
P04604,65+,Southwest,mens_tops,17,XL,L
P04605,45-54,West,mens_bottoms,21,M,XS
P04606,45-54,Southeast,mens_bottoms,19,XL,M
P04607,45-54,Southeast,womens_dresses,24,XL,S
P04608,55-64,Northeast,womens_bottoms,13,XL,L
P04609,25-34,West,mens_tops,4,1X,1X
P04610,25-34,Southeast,womens_bottoms,11,M,XS
P04611,55-64,Midwest,womens_dresses,24,XS,XS
P04612,55-64,Midwest,womens_dresses,24,L,M
P04613,65+,Northeast,womens_tops,18,XL,L
P04614,55-64,Southwest,mens_tops,7,2X,1X
P04615,65+,Midwest,womens_dresses,14,S,XS
P04616,45-54,Southwest,womens_bottoms,6,L,L
P04617,25-34,Northeast,mens_bottoms,17,2X,2X
P04618,25-34,Midwest,mens_bottoms,24,2X,XL
P04619,65+,Southeast,mens_bottoms,11,2X,XL
P04620,35-44,West,womens_bottoms,21,XL,L
P04621,45-54,Southwest,mens_tops,6,1X,XL
P04622,45-54,Southeast,womens_tops,16,1X,M
P04623,65+,West,womens_dresses,14,L,S
P04624,65+,West,mens_tops,6,2X,1X
P04625,25-34,West,mens_bottoms,23,1X,XL
P04626,35-44,Southwest,womens_dresses,21,1X,1X
P04627,55-64,Southeast,womens_tops,6,XL,M
P04628,25-34,Southwest,womens_tops,10,1X,L
P04629,65+,West,mens_bottoms,11,3X+,3X+
P04630,55-64,Northeast,mens_tops,21,1X,XL
P04631,35-44,Southeast,mens_tops,6,XS,XS
P04632,55-64,West,womens_tops,16,XL,XL
P04633,65+,Northeast,mens_tops,18,1X,XL
P04634,45-54,Northeast,womens_dresses,14,3X+,2X
P04635,25-34,Southeast,mens_bottoms,24,2X,1X
P04636,25-34,West,mens_bottoms,22,M,S
P04637,25-34,Northeast,mens_bottoms,16,XL,XL
P04638,35-44,Northeast,mens_bottoms,18,1X,1X
P04639,35-44,Southwest,mens_bottoms,20,M,S
P04640,55-64,Midwest,mens_bottoms,15,S,XS
P04641,35-44,Southwest,mens_tops,5,1X,1X
P04642,35-44,Northeast,mens_tops,12,3X+,2X
P04643,45-54,Northeast,mens_tops,10,XL,XL
P04644,45-54,Southwest,womens_dresses,11,L,M
P04645,25-34,Midwest,mens_tops,5,XS,XS
P04646,45-54,West,mens_tops,20,3X+,1X
P04647,25-34,Southwest,womens_dresses,11,L,L
P04648,55-64,Midwest,mens_bottoms,9,M,S
P04649,55-64,Southwest,mens_bottoms,17,XL,M
P04650,25-34,Midwest,womens_dresses,24,3X+,1X
P04651,35-44,Southwest,womens_dresses,13,L,XS
P04652,65+,Midwest,mens_tops,6,3X+,XL
P04653,45-54,Midwest,womens_tops,11,3X+,1X
P04654,25-34,Southwest,womens_tops,9,M,M
P04655,55-64,Midwest,mens_tops,5,M,XS
P04656,55-64,Southeast,mens_tops,18,2X,1X
P04657,35-44,Southwest,mens_bottoms,5,XS,XS
P04658,35-44,Southwest,mens_bottoms,15,M,M
P04659,35-44,Southwest,mens_bottoms,7,1X,L
P04660,45-54,Southwest,womens_bottoms,9,2X,1X
P04661,65+,Northeast,womens_tops,6,XL,XL
P04662,35-44,West,womens_tops,24,3X+,2X
P04663,55-64,Southwest,mens_tops,17,L,M
P04664,35-44,Southwest,mens_bottoms,21,1X,L
P04665,55-64,West,womens_tops,17,XL,M
P04666,25-34,Midwest,mens_bottoms,3,1X,XL
P04667,45-54,Midwest,mens_bottoms,6,2X,2X
P04668,55-64,West,womens_dresses,5,XL,XL
P04669,55-64,West,mens_bottoms,24,M,S
P04670,25-34,Southwest,womens_dresses,17,L,S
P04671,65+,Southeast,mens_tops,21,XL,S
P04672,45-54,Northeast,mens_bottoms,7,S,S
P04673,55-64,Midwest,womens_dresses,3,3X+,1X
P04674,45-54,Northeast,womens_tops,18,L,M
P04675,25-34,Southeast,womens_tops,11,S,XS
P04676,45-54,Midwest,womens_bottoms,23,L,M
P04677,25-34,Midwest,womens_tops,24,1X,XL
P04678,55-64,Northeast,mens_tops,12,3X+,3X+
P04679,25-34,Southeast,womens_bottoms,17,L,S
P04680,55-64,Southeast,womens_dresses,3,L,M
P04681,65+,Midwest,mens_bottoms,15,2X,XL
P04682,25-34,Midwest,womens_bottoms,21,XL,M
P04683,35-44,Southwest,mens_bottoms,20,S,XS
P04684,25-34,Southeast,womens_bottoms,4,XL,L
P04685,65+,Southeast,mens_bottoms,19,XL,M
P04686,65+,Southwest,mens_bottoms,3,1X,M
P04687,55-64,Northeast,womens_dresses,18,XS,XS
P04688,25-34,West,womens_bottoms,4,XL,L
P04689,55-64,Southeast,mens_tops,24,M,XS
P04690,55-64,West,womens_dresses,6,XL,L
P04691,55-64,Southeast,womens_tops,23,XL,M
P04692,55-64,Midwest,womens_bottoms,17,XL,S
P04693,65+,Southwest,womens_bottoms,5,M,S
P04694,45-54,Southeast,womens_tops,20,XL,M
P04695,35-44,Southwest,womens_dresses,5,1X,L
P04696,35-44,Northeast,womens_tops,16,XL,M
P04697,45-54,Northeast,mens_bottoms,9,XL,L
P04698,35-44,Southwest,womens_dresses,18,1X,XL
P04699,35-44,Northeast,womens_bottoms,21,S,XS
P04700,55-64,Midwest,womens_bottoms,24,XL,L
P04701,65+,Midwest,womens_dresses,18,S,XS
P04702,55-64,Southeast,mens_bottoms,7,XL,L
P04703,25-34,Southeast,womens_bottoms,8,M,S
P04704,45-54,Southeast,womens_bottoms,13,1X,L
P04705,35-44,Midwest,womens_bottoms,19,M,XS
P04706,55-64,Southeast,mens_tops,8,L,M
P04707,65+,Midwest,womens_dresses,3,L,S
P04708,45-54,West,womens_dresses,8,XS,XS
P04709,35-44,Northeast,mens_bottoms,4,L,S
P04710,55-64,Northeast,womens_tops,14,M,XS
P04711,25-34,Southeast,womens_dresses,24,2X,1X
P04712,45-54,Midwest,womens_tops,4,XL,L
P04713,55-64,West,womens_tops,16,1X,1X
P04714,25-34,Midwest,womens_tops,14,S,XS
P04715,55-64,Southwest,mens_bottoms,11,XL,L
P04716,55-64,Southeast,womens_dresses,18,XS,XS
P04717,45-54,Midwest,womens_dresses,18,XL,L
P04718,65+,West,womens_bottoms,24,XL,S
P04719,35-44,Southeast,womens_dresses,15,2X,1X
P04720,35-44,West,womens_bottoms,13,S,XS
P04721,65+,Southwest,womens_tops,17,1X,XL
P04722,35-44,West,womens_tops,12,XL,M
P04723,25-34,Southwest,mens_tops,12,XL,L
P04724,25-34,Northeast,womens_dresses,10,XL,M
P04725,55-64,Southeast,womens_dresses,22,XL,L
P04726,55-64,West,womens_dresses,19,XL,L
P04727,65+,West,womens_bottoms,4,1X,XL
P04728,45-54,Northeast,womens_tops,21,XL,XL
P04729,25-34,Southwest,mens_tops,8,XL,L
P04730,55-64,Southwest,womens_bottoms,15,1X,L
P04731,65+,Southwest,mens_bottoms,21,XL,M
P04732,45-54,West,mens_bottoms,23,L,S
P04733,25-34,Northeast,womens_tops,17,L,L
P04734,65+,Southeast,womens_tops,13,L,M
P04735,55-64,Southeast,womens_tops,8,2X,1X
P04736,35-44,Northeast,womens_dresses,15,2X,1X
P04737,25-34,Southwest,mens_bottoms,13,XL,L
P04738,45-54,Northeast,mens_tops,18,XL,M
P04739,65+,Southwest,womens_tops,22,2X,XL
P04740,65+,Midwest,mens_bottoms,22,M,XS
P04741,35-44,West,womens_bottoms,8,M,XS
P04742,55-64,West,womens_bottoms,18,1X,XL
P04743,45-54,Midwest,mens_tops,15,M,XS
P04744,55-64,Southeast,mens_bottoms,8,1X,M
P04745,65+,West,mens_bottoms,17,1X,XL
P04746,25-34,Southeast,womens_tops,3,1X,XL
P04747,35-44,Southeast,mens_tops,15,XL,XL
P04748,25-34,West,womens_dresses,4,L,L
P04749,65+,West,womens_bottoms,16,L,L
P04750,35-44,Midwest,womens_bottoms,6,1X,XL
P04751,45-54,West,womens_dresses,20,L,M
P04752,65+,West,womens_dresses,16,1X,M
P04753,65+,Midwest,mens_tops,7,XL,L
P04754,65+,Southwest,mens_tops,5,2X,XL
P04755,65+,Southwest,womens_tops,6,M,M
P04756,55-64,Southwest,mens_bottoms,7,1X,1X
P04757,55-64,Southeast,womens_tops,4,M,S
P04758,55-64,Northeast,mens_tops,11,L,L
P04759,25-34,Midwest,mens_tops,5,XL,L
P04760,55-64,Southeast,womens_tops,15,L,M
P04761,35-44,Southwest,mens_bottoms,17,XL,L
P04762,55-64,Southeast,mens_tops,18,M,M
P04763,65+,Northeast,womens_dresses,10,L,M
P04764,25-34,Northeast,womens_dresses,10,XL,L
P04765,25-34,Midwest,womens_bottoms,19,M,S
P04766,35-44,Southwest,womens_bottoms,11,3X+,3X+
P04767,45-54,West,womens_tops,7,L,L
P04768,45-54,West,womens_bottoms,9,L,L
P04769,65+,Southeast,womens_dresses,10,1X,1X
P04770,25-34,Southeast,womens_tops,5,L,M
P04771,35-44,West,mens_tops,4,M,S
P04772,65+,Northeast,womens_bottoms,24,XL,L
P04773,65+,Southwest,womens_tops,22,2X,2X
P04774,25-34,Midwest,womens_tops,7,2X,2X
P04775,55-64,Southwest,womens_dresses,19,2X,2X
P04776,45-54,Southwest,mens_bottoms,17,3X+,1X
P04777,45-54,Southeast,womens_bottoms,17,L,S
P04778,25-34,Northeast,womens_bottoms,24,M,S
P04779,45-54,Midwest,mens_tops,7,1X,XL
P04780,25-34,Midwest,mens_bottoms,9,1X,XL
P04781,65+,Northeast,womens_tops,20,L,L
P04782,25-34,Midwest,mens_tops,9,M,S
P04783,65+,West,womens_bottoms,10,3X+,1X
P04784,35-44,Southeast,mens_bottoms,14,1X,1X
P04785,45-54,West,womens_dresses,19,XL,L
P04786,25-34,West,mens_bottoms,20,L,S
P04787,65+,West,mens_tops,8,1X,L
P04788,25-34,Midwest,womens_bottoms,22,2X,XL
P04789,45-54,Northeast,mens_tops,22,XL,L
P04790,55-64,Southwest,mens_bottoms,14,L,S
P04791,55-64,West,womens_dresses,7,L,S
P04792,45-54,West,mens_bottoms,3,1X,1X
P04793,55-64,Northeast,mens_tops,3,L,M
P04794,45-54,West,womens_bottoms,12,1X,L
P04795,65+,Southeast,womens_tops,10,M,M
P04796,45-54,Southeast,womens_dresses,12,2X,1X
P04797,25-34,Southeast,womens_dresses,17,XL,L
P04798,65+,Northeast,womens_tops,13,M,XS
P04799,55-64,Midwest,mens_bottoms,4,M,S
P04800,45-54,Southwest,mens_bottoms,7,1X,1X
P04801,55-64,West,womens_bottoms,20,1X,XL
P04802,65+,Southeast,womens_bottoms,4,M,XS
P04803,55-64,Midwest,womens_dresses,18,L,S
P04804,55-64,West,womens_bottoms,19,2X,XL
P04805,55-64,Northeast,mens_tops,15,M,S
P04806,45-54,Southwest,womens_dresses,8,M,S
P04807,25-34,Southeast,womens_dresses,12,L,S
P04808,25-34,West,mens_tops,23,L,L
P04809,55-64,Midwest,womens_bottoms,7,XL,L
P04810,35-44,Southeast,womens_tops,21,XL,L
P04811,35-44,Northeast,womens_bottoms,8,M,S
P04812,65+,West,womens_tops,3,XL,XL
P04813,45-54,Southeast,womens_dresses,4,3X+,1X
P04814,25-34,West,mens_tops,4,2X,2X
P04815,35-44,Southeast,mens_bottoms,14,L,L
P04816,65+,West,womens_tops,6,XL,M
P04817,35-44,Southwest,mens_tops,7,L,M
P04818,55-64,Southwest,mens_bottoms,3,S,XS
P04819,55-64,Midwest,womens_dresses,24,2X,XL
P04820,35-44,Northeast,womens_bottoms,7,1X,M
P04821,55-64,Southwest,mens_bottoms,6,2X,1X
P04822,25-34,Southeast,mens_tops,21,S,S
P04823,45-54,Southeast,womens_tops,11,1X,L
P04824,35-44,Southeast,mens_bottoms,12,XL,M
P04825,55-64,Midwest,womens_bottoms,14,L,M
P04826,55-64,Southwest,womens_bottoms,16,1X,M
P04827,55-64,Southwest,womens_bottoms,15,3X+,1X
P04828,55-64,Midwest,mens_bottoms,5,S,XS
P04829,45-54,Northeast,mens_bottoms,24,2X,XL
P04830,65+,Southwest,mens_tops,13,M,XS
P04831,35-44,Southwest,womens_dresses,11,L,M
P04832,55-64,Southeast,womens_tops,12,L,M
P04833,35-44,Southwest,mens_tops,24,1X,XL
P04834,45-54,West,womens_bottoms,21,L,S
P04835,35-44,West,womens_dresses,3,S,S
P04836,35-44,Southwest,womens_tops,22,3X+,L
P04837,65+,Southwest,womens_tops,23,M,XS
P04838,55-64,Southeast,womens_tops,9,XL,L
P04839,25-34,West,womens_bottoms,12,L,M
P04840,45-54,Southeast,mens_tops,5,1X,XL
P04841,25-34,Southwest,womens_bottoms,21,2X,XL
P04842,55-64,Southeast,womens_tops,4,L,L
P04843,25-34,Northeast,mens_bottoms,11,1X,M
P04844,25-34,Southeast,womens_dresses,19,1X,XL
P04845,55-64,Midwest,womens_dresses,6,XL,XL
P04846,55-64,West,womens_tops,22,XL,L
P04847,45-54,West,mens_tops,9,L,M
P04848,45-54,Southeast,womens_tops,16,1X,M
P04849,45-54,Southeast,womens_bottoms,4,2X,XL
P04850,35-44,Southwest,mens_tops,10,M,S
P04851,35-44,West,womens_bottoms,5,M,M
P04852,25-34,Northeast,mens_bottoms,4,2X,2X
P04853,35-44,Midwest,mens_tops,5,XL,L
P04854,25-34,Southeast,womens_dresses,4,L,M
P04855,35-44,Southeast,mens_tops,15,1X,L
P04856,65+,Southwest,womens_bottoms,14,L,L
P04857,55-64,Midwest,womens_dresses,23,3X+,1X
P04858,35-44,Southwest,womens_tops,5,XL,XL
P04859,65+,Southwest,womens_dresses,15,XL,L
P04860,55-64,West,womens_tops,20,M,S
P04861,45-54,Midwest,womens_dresses,12,L,S
P04862,35-44,West,womens_bottoms,16,M,S
P04863,45-54,Southwest,womens_dresses,5,XL,M
P04864,35-44,Southeast,mens_tops,22,XL,M
P04865,65+,Southeast,womens_dresses,21,L,M
P04866,55-64,Southeast,mens_tops,18,L,S
P04867,55-64,Northeast,mens_tops,4,XL,L
P04868,45-54,Southwest,womens_tops,4,L,M
P04869,55-64,Midwest,womens_bottoms,4,M,M
P04870,65+,Southeast,womens_bottoms,22,1X,L
P04871,65+,West,womens_dresses,24,L,S
P04872,45-54,Southwest,womens_tops,17,1X,XL
P04873,45-54,West,womens_tops,18,L,S
P04874,55-64,Northeast,womens_dresses,14,L,L
P04875,55-64,Northeast,mens_tops,20,XL,M
P04876,35-44,Northeast,womens_tops,12,3X+,1X
P04877,35-44,Southeast,womens_bottoms,3,XL,XL
P04878,45-54,Northeast,womens_tops,14,XL,XL
P04879,65+,Southeast,mens_bottoms,18,XL,M
P04880,55-64,Southeast,mens_tops,7,L,M
P04881,45-54,Southwest,mens_bottoms,11,L,M
P04882,25-34,Midwest,mens_bottoms,18,1X,L
P04883,65+,Northeast,womens_bottoms,17,3X+,2X
P04884,35-44,Southwest,mens_tops,18,2X,1X
P04885,65+,Southwest,womens_bottoms,11,L,M
P04886,65+,Southwest,womens_dresses,20,L,M
P04887,35-44,Southeast,mens_tops,23,L,XS
P04888,55-64,West,mens_tops,5,XL,XL
P04889,45-54,Northeast,womens_bottoms,13,L,L
P04890,65+,Midwest,mens_bottoms,16,1X,XL
P04891,35-44,Southeast,womens_bottoms,23,3X+,3X+
P04892,45-54,Midwest,womens_tops,9,XS,XS
P04893,35-44,West,womens_dresses,10,1X,1X
P04894,25-34,Northeast,mens_bottoms,19,XL,S
P04895,45-54,West,womens_dresses,8,3X+,3X+
P04896,35-44,Southeast,mens_bottoms,16,XL,S
P04897,45-54,Northeast,womens_dresses,24,2X,1X
P04898,35-44,Southeast,womens_tops,9,M,XS
P04899,65+,Northeast,womens_dresses,13,XL,L
P04900,35-44,Southeast,mens_bottoms,16,1X,L
P04901,55-64,Midwest,womens_bottoms,13,XL,XL
P04902,55-64,Midwest,womens_bottoms,5,L,L
P04903,65+,Southwest,womens_bottoms,10,L,M
P04904,25-34,Southwest,mens_tops,19,XL,L
P04905,25-34,Midwest,womens_tops,14,1X,XL
P04906,45-54,West,womens_bottoms,7,L,L
P04907,65+,Northeast,mens_bottoms,17,M,S
P04908,25-34,Southeast,mens_bottoms,11,XL,M
P04909,55-64,West,womens_bottoms,13,L,L
P04910,25-34,Midwest,womens_dresses,23,2X,2X
P04911,35-44,West,womens_dresses,11,L,M
P04912,45-54,Southeast,mens_tops,18,M,S
P04913,45-54,Northeast,mens_bottoms,4,XL,XL
P04914,65+,West,mens_tops,17,L,L
P04915,45-54,Southwest,womens_dresses,22,1X,L
P04916,45-54,West,mens_bottoms,5,1X,XL
P04917,65+,West,womens_dresses,24,L,S
P04918,25-34,Northeast,womens_tops,17,2X,L
P04919,25-34,Northeast,womens_tops,11,L,S
P04920,35-44,Southwest,mens_tops,22,3X+,1X
P04921,35-44,Southeast,womens_bottoms,14,2X,XL
P04922,45-54,Southwest,mens_bottoms,23,1X,XL
P04923,35-44,Southeast,mens_bottoms,14,1X,L
P04924,55-64,Midwest,womens_bottoms,10,XL,L
P04925,45-54,Midwest,womens_dresses,24,L,M
P04926,25-34,West,mens_tops,12,1X,L
P04927,25-34,Southwest,womens_dresses,10,M,M
P04928,25-34,Southeast,mens_bottoms,19,1X,1X
P04929,55-64,Midwest,womens_tops,22,M,S
P04930,65+,Northeast,womens_dresses,3,1X,XL
P04931,45-54,Midwest,womens_bottoms,21,M,S
P04932,45-54,Northeast,mens_bottoms,7,L,L
P04933,25-34,West,mens_bottoms,16,3X+,XL
P04934,65+,Midwest,mens_tops,22,L,M
P04935,35-44,West,womens_tops,20,L,L
P04936,35-44,West,womens_dresses,18,M,M
P04937,35-44,Southeast,mens_tops,11,S,XS
P04938,35-44,Southwest,womens_dresses,4,M,S
P04939,65+,Southwest,womens_dresses,3,L,L
P04940,45-54,Midwest,womens_dresses,24,2X,1X
P04941,45-54,Southeast,womens_dresses,12,L,M
P04942,55-64,Southwest,mens_bottoms,11,M,S
P04943,55-64,Southwest,womens_dresses,17,XL,M
P04944,45-54,West,mens_tops,13,XL,L
P04945,25-34,Northeast,womens_dresses,24,XL,L
P04946,55-64,Northeast,mens_tops,24,2X,XL
P04947,65+,Southeast,mens_tops,10,L,L
P04948,55-64,Midwest,mens_bottoms,14,XL,L
P04949,45-54,Southeast,mens_bottoms,23,2X,XL
P04950,55-64,Northeast,mens_bottoms,23,1X,M
P04951,65+,Northeast,womens_tops,22,S,XS
P04952,55-64,Midwest,mens_bottoms,17,L,L
P04953,25-34,Southwest,mens_tops,12,XL,L
P04954,45-54,West,mens_bottoms,9,M,S
P04955,65+,Southwest,mens_tops,10,L,L
P04956,25-34,Southwest,womens_dresses,24,2X,XL
P04957,55-64,Southeast,mens_tops,23,XS,XS
P04958,55-64,Northeast,mens_tops,23,XL,L
P04959,25-34,West,mens_tops,12,XL,M
P04960,25-34,Midwest,mens_bottoms,19,L,L
P04961,45-54,West,mens_bottoms,14,XL,L
P04962,25-34,Northeast,womens_dresses,22,M,S
P04963,65+,Southeast,womens_dresses,5,2X,2X
P04964,25-34,Northeast,womens_tops,24,XL,L
P04965,55-64,West,womens_bottoms,18,L,M
P04966,25-34,Southwest,mens_tops,9,L,M
P04967,45-54,West,womens_bottoms,21,1X,L
P04968,25-34,Southwest,mens_tops,21,2X,1X
P04969,35-44,Midwest,womens_dresses,6,3X+,3X+
P04970,35-44,Southwest,mens_bottoms,11,XL,L
P04971,25-34,Southeast,womens_bottoms,7,L,L
P04972,55-64,West,womens_tops,3,3X+,3X+
P04973,45-54,Northeast,womens_dresses,21,3X+,2X
P04974,55-64,Midwest,mens_tops,8,L,M
P04975,35-44,Southeast,womens_dresses,4,M,S
P04976,55-64,West,mens_bottoms,7,M,M
P04977,35-44,Southwest,womens_tops,12,L,XS
P04978,45-54,Southeast,womens_bottoms,3,XL,M
P04979,65+,Southwest,womens_bottoms,6,XL,L
P04980,45-54,West,mens_bottoms,15,1X,1X
P04981,35-44,Midwest,womens_bottoms,14,L,M
P04982,45-54,Northeast,mens_tops,16,XL,M
P04983,65+,West,womens_dresses,5,2X,1X
P04984,25-34,Southeast,womens_dresses,19,XL,L
P04985,35-44,Midwest,mens_bottoms,22,XS,XS
P04986,35-44,Southwest,womens_dresses,7,XL,M
P04987,35-44,Southeast,mens_bottoms,11,L,L
P04988,65+,Midwest,womens_bottoms,4,XL,L
P04989,65+,Northeast,mens_bottoms,12,L,M
P04990,25-34,West,womens_tops,5,XL,M
P04991,25-34,Northeast,mens_tops,4,S,S
P04992,45-54,Northeast,womens_bottoms,8,2X,2X
P04993,45-54,Southwest,womens_tops,14,XL,M
P04994,65+,Southwest,womens_tops,7,M,S
P04995,55-64,West,womens_tops,19,S,XS
P04996,65+,Northeast,womens_dresses,8,L,S
P04997,25-34,Midwest,womens_bottoms,6,1X,L
P04998,35-44,Southwest,womens_bottoms,10,S,XS
P04999,55-64,West,mens_bottoms,23,XL,L
