zip,city,state,lat,lon,dma_code,adoption_rate,population
29840,New York,NY,40.67049,-74.15645,501,0.0948,58523
19298,New York,NY,40.75581,-74.23632,501,0.066,75359
12940,New York,NY,40.55016,-74.12453,501,0.0972,28995
03633,New York,NY,40.93749,-74.0845,501,0.0778,71203
28526,New York,NY,40.60198,-74.15162,501,0.0605,38874
76273,New York,NY,41.13372,-74.34271,501,0.0822,30806
13138,New York,NY,40.50672,-74.23239,501,0.0771,60939
57602,New York,NY,41.12135,-73.69218,501,0.1003,5358
17679,New York,NY,40.29182,-73.81744,501,0.1015,64532
77963,New York,NY,40.70364,-74.39018,501,0.1032,71687
62362,New York,NY,41.13782,-74.23238,501,0.0628,22734
20932,New York,NY,40.73293,-73.84213,501,0.1037,62442
12142,New York,NY,40.75915,-74.42041,501,0.0959,32984
75631,New York,NY,41.09073,-73.87504,501,0.0723,19272
83114,New York,NY,40.48941,-73.88334,501,0.0918,17197
14035,New York,NY,40.32612,-73.98401,501,0.0861,53366
35195,New York,NY,40.46402,-73.91505,501,0.0579,42020
61384,New York,NY,40.51354,-74.17128,501,0.0987,34266
63300,New York,NY,40.73645,-73.9637,501,0.0588,56476
93361,New York,NY,40.84748,-74.40622,501,0.067,57552
11629,New York,NY,40.49433,-73.85538,501,0.1029,32225
65612,New York,NY,40.29349,-74.15175,501,0.0781,54451
26963,New York,NY,40.26888,-74.1931,501,0.099,11338
27899,New York,NY,40.70893,-74.27563,501,0.0951,27919
31253,New York,NY,40.6814,-74.21748,501,0.1012,16787
82737,New York,NY,40.70899,-74.28742,501,0.0684,57160
88202,New York,NY,40.31358,-73.92068,501,0.1028,9624
28912,New York,NY,40.28407,-73.91949,501,0.0778,10382
25131,New York,NY,40.61679,-73.64765,501,0.1009,17338
11403,New York,NY,41.10124,-74.15968,501,0.0665,71286
98821,New York,NY,40.68365,-74.17536,501,0.0931,51505
44477,New York,NY,40.66099,-74.35794,501,0.0612,13085
47068,New York,NY,40.64096,-73.65934,501,0.085,29684
50825,New York,NY,40.58377,-73.71658,501,0.0978,59181
12503,New York,NY,40.30713,-74.02988,501,0.0757,61003
26301,New York,NY,40.55378,-73.79241,501,0.0807,56344
33508,New York,NY,40.99344,-73.766,501,0.0594,7068
61825,New York,NY,40.31912,-73.62793,501,0.07,10738
80380,New York,NY,40.56796,-74.21092,501,0.1045,8212
35364,New York,NY,40.93459,-73.83538,501,0.1029,41481
01495,New York,NY,40.91221,-73.91999,501,0.097,11063
04180,New York,NY,41.00622,-74.35946,501,0.0926,63545
51662,New York,NY,40.97362,-73.63381,501,0.0975,19894
66083,New York,NY,40.42745,-73.73369,501,0.0937,22333
80595,New York,NY,40.47533,-73.68088,501,0.0801,12856
68094,New York,NY,40.44038,-73.7784,501,0.0696,10984
86138,New York,NY,40.29328,-73.95866,501,0.0734,58409
14792,New York,NY,41.15184,-74.2176,501,0.0615,15138
56190,New York,NY,40.71143,-73.81721,501,0.0794,33196
18424,New York,NY,40.63796,-73.89772,501,0.0906,73090
88088,New York,NY,40.94641,-73.75422,501,0.0719,39121
75303,New York,NY,40.5037,-74.22735,501,0.0702,60092
33432,New York,NY,40.42996,-74.24405,501,0.0712,27174
43774,New York,NY,40.32112,-74.22951,501,0.0695,71484
31328,New York,NY,40.84748,-74.36551,501,0.0802,7352
14413,New York,NY,40.26684,-73.66146,501,0.0688,61259
50005,New York,NY,40.29913,-74.19169,501,0.0633,27347
79708,New York,NY,41.13847,-73.93113,501,0.1032,51289
68197,New York,NY,41.04231,-74.0518,501,0.0702,3330
14865,New York,NY,40.83651,-73.81726,501,0.0746,7409
49328,New York,NY,40.56881,-74.41625,501,0.1066,7511
79568,New York,NY,40.92181,-73.63344,501,0.0975,45393
54608,New York,NY,40.87329,-74.28937,501,0.0728,29161
05125,New York,NY,40.97855,-73.96276,501,0.0605,15789
52813,New York,NY,40.86042,-74.3169,501,0.0837,23955
53137,New York,NY,40.88867,-74.08719,501,0.0713,42817
55768,New York,NY,41.12067,-74.17487,501,0.0853,49316
55585,Los Angeles,CA,33.61859,-118.0037,803,0.0839,28347
52214,Los Angeles,CA,34.25743,-118.5104,803,0.05,23021
56543,Los Angeles,CA,33.70439,-118.61226,803,0.0743,50305
61412,Los Angeles,CA,34.29795,-118.57672,803,0.0519,21177
84974,Los Angeles,CA,34.32802,-118.33665,803,0.0741,51107
97633,Los Angeles,CA,34.05622,-118.5624,803,0.0618,70809
23517,Los Angeles,CA,34.43515,-118.59579,803,0.0706,28365
40534,Los Angeles,CA,33.71619,-117.84493,803,0.0913,65773
42226,Los Angeles,CA,33.65024,-117.86015,803,0.0662,23507
84929,Los Angeles,CA,34.30944,-118.49383,803,0.0669,28204
62992,Los Angeles,CA,33.76687,-118.49738,803,0.0667,70381
21511,Los Angeles,CA,33.94742,-118.58295,803,0.0602,27743
06387,Los Angeles,CA,34.39768,-117.93546,803,0.0783,44993
16432,Los Angeles,CA,33.95305,-118.28354,803,0.0859,42636
86070,Los Angeles,CA,33.98026,-118.16934,803,0.0678,50662
59562,Los Angeles,CA,34.05542,-118.53281,803,0.0498,66659
61985,Los Angeles,CA,33.81393,-118.00649,803,0.0829,62568
24537,Los Angeles,CA,34.33168,-118.33339,803,0.0526,49499
57440,Los Angeles,CA,33.931,-117.97165,803,0.0712,7843
06329,Los Angeles,CA,34.17499,-118.61968,803,0.0809,69540
11482,Los Angeles,CA,33.65104,-118.24017,803,0.0658,20350
04390,Los Angeles,CA,34.37356,-117.79719,803,0.0809,16863
26390,Los Angeles,CA,33.72066,-117.89657,803,0.062,24141
90933,Los Angeles,CA,34.31174,-117.85617,803,0.0525,48492
81013,Los Angeles,CA,34.28276,-118.55081,803,0.0879,38543
60822,Los Angeles,CA,33.73142,-118.2417,803,0.0889,29805
78580,Los Angeles,CA,33.83878,-118.23829,803,0.0633,7327
27076,Los Angeles,CA,33.76609,-118.54859,803,0.0896,45468
50394,Los Angeles,CA,33.75407,-117.98732,803,0.0546,72062
07367,Los Angeles,CA,34.17489,-118.3699,803,0.0869,75268
69348,Los Angeles,CA,34.12424,-117.89942,803,0.0542,72715
83547,Los Angeles,CA,34.37314,-118.02957,803,0.0655,51748
49359,Los Angeles,CA,34.12182,-118.36947,803,0.0823,60470
31153,Los Angeles,CA,33.76128,-118.02446,803,0.0518,70147
34247,Los Angeles,CA,33.88127,-117.82434,803,0.0868,43479
97081,Los Angeles,CA,33.60381,-118.66329,803,0.0561,59153
55748,Los Angeles,CA,34.06361,-117.88771,803,0.0553,32287
81285,Los Angeles,CA,34.19,-118.67364,803,0.0498,49025
40812,Los Angeles,CA,33.69793,-118.37226,803,0.0593,41972
78214,Los Angeles,CA,33.72255,-118.36409,803,0.085,23291
18662,Los Angeles,CA,33.6149,-117.97235,803,0.0798,61594
13558,Los Angeles,CA,33.6595,-118.56348,803,0.078,37858
53685,Los Angeles,CA,34.33261,-117.82328,803,0.0521,76205
46919,Los Angeles,CA,34.13745,-118.17307,803,0.0753,70340
97145,Los Angeles,CA,34.04577,-118.54511,803,0.0497,10564
70669,Los Angeles,CA,33.6249,-118.52661,803,0.0565,16251
02619,Los Angeles,CA,34.15358,-118.10258,803,0.0581,56656
27152,Los Angeles,CA,34.06863,-118.11528,803,0.0773,56926
81372,Los Angeles,CA,33.75938,-118.41526,803,0.0625,8855
95937,Los Angeles,CA,34.30688,-118.04984,803,0.05,59732
98674,Los Angeles,CA,34.42323,-118.62127,803,0.0776,25488
30616,Los Angeles,CA,34.49915,-118.45842,803,0.0771,18656
44977,Los Angeles,CA,34.40435,-117.86104,803,0.0899,37011
94282,Los Angeles,CA,33.64948,-118.12142,803,0.0786,71082
35773,Los Angeles,CA,33.86826,-117.85799,803,0.0878,13696
67510,Los Angeles,CA,33.6159,-118.45937,803,0.0598,29078
21865,Los Angeles,CA,34.27374,-118.39952,803,0.0872,45564
79805,Los Angeles,CA,33.81745,-117.87689,803,0.0766,72801
62538,Los Angeles,CA,34.02713,-118.21614,803,0.05,5975
58307,Los Angeles,CA,34.46233,-118.48325,803,0.0874,30282
52323,Los Angeles,CA,34.16256,-118.62368,803,0.0885,21452
05315,Los Angeles,CA,33.62641,-118.59769,803,0.0893,47701
19592,Los Angeles,CA,34.23287,-118.66592,803,0.0556,8089
09891,Chicago,IL,42.09121,-88.02061,602,0.0717,50132
27125,Chicago,IL,42.16391,-87.34219,602,0.084,11143
94225,Chicago,IL,42.27799,-87.9834,602,0.056,17176
05439,Chicago,IL,41.45908,-87.31685,602,0.0807,13964
99491,Chicago,IL,41.99648,-87.82117,602,0.0517,15326
85715,Chicago,IL,41.61259,-87.79258,602,0.0649,5241
46994,Chicago,IL,41.65913,-87.82547,602,0.0768,50737
43052,Chicago,IL,42.12041,-87.53799,602,0.067,40202
82039,Chicago,IL,42.09919,-87.36965,602,0.0489,70476
13885,Chicago,IL,41.7402,-87.44561,602,0.0695,30886
94637,Chicago,IL,42.20412,-87.998,602,0.081,24830
58155,Chicago,IL,41.42927,-87.89797,602,0.0787,9573
01572,Chicago,IL,41.74112,-87.99368,602,0.076,26685
65826,Chicago,IL,41.9614,-87.21831,602,0.0686,23326
38190,Chicago,IL,42.16182,-87.23534,602,0.057,24230
15408,Chicago,IL,42.27294,-87.38967,602,0.0676,76064
14705,Chicago,IL,41.99324,-87.75974,602,0.064,54220
98678,Chicago,IL,41.50566,-87.2802,602,0.0486,29516
40734,Chicago,IL,41.66498,-87.26871,602,0.068,52216
83673,Chicago,IL,41.63832,-87.66498,602,0.0693,6941
46677,Chicago,IL,41.95152,-87.61024,602,0.083,61522
87783,Chicago,IL,41.92646,-87.7888,602,0.0665,36213
76913,Chicago,IL,41.63602,-87.77915,602,0.0738,33687
67546,Chicago,IL,41.60052,-87.80844,602,0.0763,22762
95810,Chicago,IL,41.56849,-87.85698,602,0.0609,70943
46696,Chicago,IL,41.57293,-87.78453,602,0.0553,15843
22575,Chicago,IL,42.29425,-87.98833,602,0.0633,21940
40598,Chicago,IL,42.08806,-87.68837,602,0.0556,16507
37806,Chicago,IL,41.6139,-87.73029,602,0.049,54800
58217,Chicago,IL,42.0522,-87.62936,602,0.0734,63222
03899,Chicago,IL,41.55573,-87.53646,602,0.0641,34256
57365,Chicago,IL,42.05915,-87.55112,602,0.074,32458
88543,Chicago,IL,42.0781,-87.28773,602,0.0792,32463
90077,Chicago,IL,41.59145,-87.96801,602,0.0652,36553
83350,Chicago,IL,42.05869,-87.27453,602,0.0575,54946
94475,Chicago,IL,42.06947,-87.93899,602,0.0823,65774
60664,Chicago,IL,41.44579,-87.30712,602,0.0687,26494
86786,Chicago,IL,41.72335,-88.07023,602,0.0815,16443
06000,Chicago,IL,41.6542,-87.88371,602,0.0768,28689
69056,Chicago,IL,41.74149,-87.31736,602,0.0662,29367
95018,Chicago,IL,41.85626,-88.0653,602,0.0799,50985
69379,Chicago,IL,41.73667,-87.4119,602,0.0662,26591
52445,Chicago,IL,41.89051,-87.24038,602,0.0773,49092
84568,Chicago,IL,41.47906,-87.83288,602,0.0639,4244
10855,Chicago,IL,41.80482,-87.70131,602,0.0761,48653
77045,Chicago,IL,41.66674,-87.87782,602,0.0779,71584
29694,Chicago,IL,42.32291,-87.21503,602,0.0665,24065
17948,Chicago,IL,42.26458,-88.01779,602,0.0802,27819
62494,Chicago,IL,42.00608,-87.43117,602,0.0808,21671
47286,Chicago,IL,42.02753,-87.33217,602,0.08,56670
62355,Chicago,IL,42.32462,-87.3959,602,0.0741,64025
47498,Chicago,IL,42.13333,-87.87239,602,0.0763,35733
56851,Chicago,IL,42.03904,-87.64639,602,0.0805,39358
47921,Chicago,IL,41.64857,-87.80816,602,0.0672,58663
82706,Chicago,IL,42.00167,-87.48646,602,0.0624,42236
51478,Chicago,IL,41.47946,-87.33469,602,0.0846,20902
70554,Chicago,IL,42.1763,-87.50995,602,0.0482,4004
28493,Chicago,IL,42.28469,-87.48944,602,0.0578,15805
76824,Chicago,IL,41.55656,-87.86952,602,0.0793,47909
21012,Chicago,IL,41.61579,-87.71756,602,0.0694,14349
88617,Chicago,IL,42.23958,-87.58615,602,0.0736,41434
26870,Chicago,IL,41.87312,-87.88801,602,0.0508,59986
88980,Chicago,IL,42.22251,-87.58024,602,0.0584,33193
19264,Chicago,IL,41.85402,-87.57832,602,0.0674,21429
92806,Chicago,IL,41.87034,-87.63144,602,0.0696,3365
22019,Chicago,IL,42.18479,-87.65864,602,0.0706,41404
62049,Chicago,IL,41.76556,-87.70286,602,0.0868,12382
24661,Chicago,IL,42.00144,-87.50729,602,0.0488,8512
90469,Chicago,IL,42.09099,-87.18071,602,0.0806,14817
67929,Chicago,IL,41.86385,-87.39835,602,0.0535,30465
95134,Chicago,IL,41.80213,-87.96559,602,0.0515,50493
45737,Chicago,IL,41.85518,-87.60682,602,0.079,30120
58042,Philadelphia,PA,39.81036,-75.38879,504,0.0541,40399
39389,Philadelphia,PA,39.82226,-75.17084,504,0.0666,38111
67379,Philadelphia,PA,39.81293,-75.43202,504,0.0737,17957
44372,Philadelphia,PA,39.67568,-74.97334,504,0.0575,13978
06250,Philadelphia,PA,39.86159,-75.11634,504,0.0698,77741
07515,Philadelphia,PA,39.86123,-75.51755,504,0.0539,64766
80782,Philadelphia,PA,40.19199,-75.56107,504,0.074,73757
81182,Philadelphia,PA,39.84104,-75.48285,504,0.0817,13379
28853,Philadelphia,PA,39.53813,-75.04497,504,0.0796,25293
14286,Philadelphia,PA,40.09986,-74.83291,504,0.0705,15686
86947,Philadelphia,PA,39.51468,-74.83047,504,0.058,43046
74676,Philadelphia,PA,40.14172,-74.83899,504,0.06,6988
42744,Philadelphia,PA,39.52095,-75.1055,504,0.0775,9658
66244,Philadelphia,PA,40.01336,-75.57976,504,0.0571,57690
76409,Philadelphia,PA,40.12874,-75.25102,504,0.0548,53243
78839,Philadelphia,PA,40.03537,-74.77125,504,0.0953,64817
55057,Philadelphia,PA,39.99652,-75.54057,504,0.0728,22392
83169,Philadelphia,PA,39.51658,-75.6109,504,0.0822,18447
12553,Philadelphia,PA,39.69902,-75.50599,504,0.0728,38603
95287,Philadelphia,PA,40.01469,-75.2095,504,0.0848,9071
48956,Philadelphia,PA,40.19922,-74.973,504,0.0898,13548
39423,Philadelphia,PA,40.06836,-74.97689,504,0.0722,35798
07903,Philadelphia,PA,40.14809,-75.60494,504,0.0525,12943
51981,Philadelphia,PA,39.78256,-74.9587,504,0.0592,66244
80817,Philadelphia,PA,39.5564,-75.28439,504,0.0773,60004
62578,Philadelphia,PA,40.11179,-75.48478,504,0.0872,50113
85527,Philadelphia,PA,39.65022,-74.89354,504,0.073,61843
36650,Philadelphia,PA,40.20876,-75.10507,504,0.0648,10447
82507,Philadelphia,PA,40.37916,-74.98226,504,0.0885,46021
80407,Philadelphia,PA,40.15574,-75.60125,504,0.0585,42948
77634,Philadelphia,PA,39.88831,-74.81589,504,0.0685,51809
79877,Philadelphia,PA,40.1969,-75.40428,504,0.0718,2720
43144,Philadelphia,PA,39.73934,-75.23495,504,0.0778,8043
38818,Philadelphia,PA,40.25251,-74.88462,504,0.0903,77461
20268,Philadelphia,PA,39.74906,-74.84914,504,0.0876,68032
46463,Philadelphia,PA,39.9837,-75.12922,504,0.0733,52535
27271,Philadelphia,PA,40.21152,-74.96523,504,0.0954,43062
80548,Philadelphia,PA,39.5544,-75.25925,504,0.0833,35888
77860,Philadelphia,PA,40.17862,-74.9027,504,0.0722,13995
71275,Philadelphia,PA,40.22852,-74.92025,504,0.0621,70793
35019,Philadelphia,PA,40.29918,-75.14553,504,0.073,28959
25793,Philadelphia,PA,39.69402,-75.53223,504,0.0876,40484
48557,Philadelphia,PA,40.02268,-75.2922,504,0.0864,22030
33284,Philadelphia,PA,39.54274,-74.71777,504,0.0684,16409
49716,Philadelphia,PA,40.07207,-74.90659,504,0.0587,6479
46210,Philadelphia,PA,39.75509,-75.06878,504,0.056,29323
75118,Philadelphia,PA,39.94028,-75.10473,504,0.0634,39177
56831,Philadelphia,PA,39.59,-75.21302,504,0.0781,19657
34292,Philadelphia,PA,40.26197,-75.31024,504,0.096,52071
11966,Philadelphia,PA,39.52737,-75.58387,504,0.0682,62567
64811,Philadelphia,PA,40.35508,-74.79627,504,0.0546,54587
16718,Philadelphia,PA,40.13834,-75.53424,504,0.066,33067
84970,Philadelphia,PA,39.5834,-74.7864,504,0.0743,26442
59766,Philadelphia,PA,40.26732,-75.28138,504,0.0622,31561
23561,Philadelphia,PA,39.53737,-75.38492,504,0.0674,74961
04642,Philadelphia,PA,40.2561,-75.57286,504,0.0867,65863
08310,Philadelphia,PA,39.59355,-75.32929,504,0.0521,28576
89722,Philadelphia,PA,40.176,-75.08439,504,0.0714,16317
62699,Philadelphia,PA,39.79413,-75.38389,504,0.0573,65586
23096,Dallas-Ft. Worth,TX,32.72395,-96.5202,623,0.1136,4153
62329,Dallas-Ft. Worth,TX,32.9722,-97.07141,623,0.0657,31408
11196,Dallas-Ft. Worth,TX,33.16728,-96.46692,623,0.1122,20818
59622,Dallas-Ft. Worth,TX,33.18886,-96.41365,623,0.0847,5348
83362,Dallas-Ft. Worth,TX,32.39434,-96.37192,623,0.0813,33155
63592,Dallas-Ft. Worth,TX,32.43075,-96.91757,623,0.0818,9935
24625,Dallas-Ft. Worth,TX,32.96905,-96.74896,623,0.0716,22081
35918,Dallas-Ft. Worth,TX,32.70314,-97.02492,623,0.0651,77340
39870,Dallas-Ft. Worth,TX,32.62776,-97.09598,623,0.0905,44189
60794,Dallas-Ft. Worth,TX,33.13955,-97.14425,623,0.1171,9951
83707,Dallas-Ft. Worth,TX,33.13223,-96.64555,623,0.0752,65081
38518,Dallas-Ft. Worth,TX,32.43397,-96.56763,623,0.1167,59130
35279,Dallas-Ft. Worth,TX,33.22498,-96.41443,623,0.069,40435
55479,Dallas-Ft. Worth,TX,33.13328,-97.19527,623,0.1034,40972
19921,Dallas-Ft. Worth,TX,33.20747,-97.23257,623,0.1078,47183
67950,Dallas-Ft. Worth,TX,32.45283,-97.24527,623,0.1091,71520
38539,Dallas-Ft. Worth,TX,32.49394,-96.85528,623,0.1135,31108
37287,Dallas-Ft. Worth,TX,32.84091,-97.12273,623,0.0735,32701
94274,Dallas-Ft. Worth,TX,32.48476,-96.70641,623,0.109,67443
36900,Dallas-Ft. Worth,TX,32.48449,-97.12366,623,0.1003,27689
77407,Dallas-Ft. Worth,TX,32.60394,-97.23797,623,0.1015,70600
54494,Dallas-Ft. Worth,TX,33.08366,-96.42238,623,0.092,48066
44938,Dallas-Ft. Worth,TX,32.58028,-96.67174,623,0.1153,14339
03025,Dallas-Ft. Worth,TX,32.69527,-96.56032,623,0.071,37399
33551,Dallas-Ft. Worth,TX,32.49415,-96.49854,623,0.0837,23928
93047,Dallas-Ft. Worth,TX,32.66075,-96.71159,623,0.064,70634
59428,Dallas-Ft. Worth,TX,33.19856,-97.18279,623,0.0832,34576
43072,Dallas-Ft. Worth,TX,33.02791,-96.46572,623,0.0952,10522
39213,Dallas-Ft. Worth,TX,33.11222,-96.38835,623,0.0907,69781
04361,Dallas-Ft. Worth,TX,32.80416,-96.7634,623,0.0648,14111
30321,Dallas-Ft. Worth,TX,32.88387,-97.09591,623,0.0807,75292
04942,Dallas-Ft. Worth,TX,32.34421,-96.41332,623,0.104,36764
03319,Dallas-Ft. Worth,TX,33.0803,-96.67385,623,0.089,33743
93098,Dallas-Ft. Worth,TX,32.72649,-96.93137,623,0.0688,25958
06921,Dallas-Ft. Worth,TX,32.57241,-96.82864,623,0.0957,39150
15424,Dallas-Ft. Worth,TX,32.43653,-96.88191,623,0.0712,32310
30758,Dallas-Ft. Worth,TX,32.4592,-96.73144,623,0.1045,24038
03426,Dallas-Ft. Worth,TX,33.17052,-96.89713,623,0.0867,71393
05746,Dallas-Ft. Worth,TX,32.68277,-96.39984,623,0.1061,46874
53522,Dallas-Ft. Worth,TX,32.54304,-96.94543,623,0.0875,76480
43026,Dallas-Ft. Worth,TX,33.06024,-96.48413,623,0.0666,70313
20219,Dallas-Ft. Worth,TX,33.18877,-96.4061,623,0.0773,57830
87917,Dallas-Ft. Worth,TX,32.89612,-96.91901,623,0.0927,11578
43514,Dallas-Ft. Worth,TX,32.71644,-96.7927,623,0.0648,20772
56146,Dallas-Ft. Worth,TX,33.19943,-96.54808,623,0.1149,8629
06278,Dallas-Ft. Worth,TX,32.35764,-96.66958,623,0.0782,38339
83346,Dallas-Ft. Worth,TX,32.81473,-96.41505,623,0.0976,35344
16952,Dallas-Ft. Worth,TX,32.79497,-96.85668,623,0.1156,40186
15817,Dallas-Ft. Worth,TX,32.60157,-96.66423,623,0.0703,69842
36182,Dallas-Ft. Worth,TX,32.40273,-96.71578,623,0.1146,60168
17243,Dallas-Ft. Worth,TX,32.78717,-96.45033,623,0.1137,40288
36929,Dallas-Ft. Worth,TX,32.54576,-97.16794,623,0.0935,62025
80948,Dallas-Ft. Worth,TX,32.95205,-97.04755,623,0.0848,74402
94109,Dallas-Ft. Worth,TX,32.65683,-96.44437,623,0.0803,65133
62469,Dallas-Ft. Worth,TX,33.06364,-97.21913,623,0.0819,27246
68168,Dallas-Ft. Worth,TX,32.81802,-96.37435,623,0.0853,48722
22273,Dallas-Ft. Worth,TX,33.10238,-97.03231,623,0.0941,66909
36380,Dallas-Ft. Worth,TX,32.58304,-96.35824,623,0.0798,5355
21784,Dallas-Ft. Worth,TX,32.82272,-96.70167,623,0.0827,10628
68764,Dallas-Ft. Worth,TX,32.6758,-96.85109,623,0.1039,16818
69280,Dallas-Ft. Worth,TX,32.52935,-96.38363,623,0.104,22753
55625,Dallas-Ft. Worth,TX,32.63001,-96.92979,623,0.1006,38773
68865,San Francisco,CA,37.41045,-122.09876,807,0.0978,64790
36217,San Francisco,CA,38.03135,-122.2317,807,0.0974,19181
55138,San Francisco,CA,38.10864,-122.86551,807,0.0904,17894
66259,San Francisco,CA,37.68264,-121.97577,807,0.0616,39109
82449,San Francisco,CA,37.8715,-122.52779,807,0.0758,62518
38757,San Francisco,CA,37.97565,-122.60577,807,0.0729,75291
79043,San Francisco,CA,37.67095,-122.57961,807,0.0914,67976
50896,San Francisco,CA,37.72453,-122.70361,807,0.0688,21504
58101,San Francisco,CA,37.84279,-122.34598,807,0.0587,45764
43450,San Francisco,CA,38.19695,-122.32212,807,0.066,45205
27780,San Francisco,CA,38.19981,-122.06727,807,0.0993,5852
07219,San Francisco,CA,37.55579,-122.0631,807,0.0686,72812
41950,San Francisco,CA,37.80955,-121.97091,807,0.0788,70299
96305,San Francisco,CA,37.94161,-122.51883,807,0.0713,48520
60385,San Francisco,CA,38.17801,-122.26057,807,0.0792,15471
54677,San Francisco,CA,37.66187,-122.5086,807,0.0809,77742
21214,San Francisco,CA,38.11675,-122.00138,807,0.0774,60193
82869,San Francisco,CA,38.13414,-122.34074,807,0.087,14590
23377,San Francisco,CA,37.65135,-122.53941,807,0.0581,43214
68187,San Francisco,CA,37.48293,-122.27907,807,0.0684,47504
67700,San Francisco,CA,38.12423,-122.4906,807,0.0619,40501
68058,San Francisco,CA,37.51191,-122.06557,807,0.0739,10386
83589,San Francisco,CA,37.83336,-122.77344,807,0.0813,8046
91668,San Francisco,CA,37.69518,-122.16053,807,0.069,74973
01513,San Francisco,CA,38.15023,-122.51159,807,0.0592,4523
88571,San Francisco,CA,37.35148,-122.71173,807,0.0906,76821
35868,San Francisco,CA,38.10892,-122.06339,807,0.0787,21337
76297,San Francisco,CA,37.50359,-122.32783,807,0.0614,70450
67780,San Francisco,CA,37.42088,-122.77931,807,0.0626,70984
65282,San Francisco,CA,38.06573,-122.3177,807,0.0923,10641
86210,San Francisco,CA,37.33614,-122.17588,807,0.0697,33729
47380,San Francisco,CA,37.5728,-122.8398,807,0.084,10760
46731,San Francisco,CA,37.49739,-122.3078,807,0.0555,31342
52904,San Francisco,CA,37.8493,-122.00575,807,0.0752,33733
33681,San Francisco,CA,37.52551,-122.72594,807,0.0821,25245
42261,San Francisco,CA,37.33045,-122.08911,807,0.0759,57337
79978,San Francisco,CA,37.55167,-122.07125,807,0.1004,11350
32842,San Francisco,CA,37.93445,-122.26198,807,0.082,56697
41522,San Francisco,CA,37.68364,-122.2288,807,0.0556,34401
12465,San Francisco,CA,37.48102,-122.54684,807,0.0633,40602
52909,San Francisco,CA,37.83028,-122.766,807,0.0796,53041
45025,San Francisco,CA,37.68778,-122.8105,807,0.0604,48538
73594,San Francisco,CA,37.54534,-122.69732,807,0.0679,33586
58092,San Francisco,CA,37.35632,-122.27155,807,0.0706,22933
32694,San Francisco,CA,37.96018,-122.78603,807,0.0672,19250
73742,San Francisco,CA,37.72388,-122.11672,807,0.0923,23369
49224,San Francisco,CA,37.64253,-122.21918,807,0.0722,29770
39962,San Francisco,CA,38.18075,-122.41505,807,0.0652,61835
89514,San Francisco,CA,37.44275,-122.23357,807,0.0668,60217
78014,San Francisco,CA,38.21588,-122.38821,807,0.0735,69372
28859,San Francisco,CA,37.43787,-122.19379,807,0.0863,14489
72119,San Francisco,CA,38.09157,-122.20706,807,0.0904,6263
87183,San Francisco,CA,37.9713,-122.73884,807,0.0553,13777
92051,San Francisco,CA,37.48424,-122.1035,807,0.0696,16781
09924,San Francisco,CA,37.83069,-122.54407,807,0.078,41422
26274,San Francisco,CA,37.38422,-122.58925,807,0.0652,19032
94939,San Francisco,CA,37.68398,-122.54909,807,0.0941,63378
83318,San Francisco,CA,38.11938,-122.09425,807,0.0608,38744
24121,San Francisco,CA,37.35152,-122.25774,807,0.0857,48562
55077,San Francisco,CA,37.34764,-122.23599,807,0.0762,54997
47153,San Francisco,CA,38.14034,-122.78147,807,0.0682,38005
80812,San Francisco,CA,37.98555,-122.22807,807,0.0565,7742
80762,San Francisco,CA,37.47071,-122.69112,807,0.0688,52404
97774,San Francisco,CA,37.36021,-122.58957,807,0.0845,26049
74997,San Francisco,CA,38.08042,-122.35625,807,0.0881,35885
58008,San Francisco,CA,37.92802,-122.35165,807,0.0984,17163
86908,San Francisco,CA,37.5826,-122.83074,807,0.0946,8705
33042,San Francisco,CA,37.93786,-122.83598,807,0.0695,47806
99242,San Francisco,CA,38.14718,-122.49389,807,0.0894,31440
37853,San Francisco,CA,37.79949,-122.55527,807,0.099,60506
45604,San Francisco,CA,37.94736,-122.20465,807,0.0934,61846
67671,San Francisco,CA,37.37377,-122.24097,807,0.0746,69593
17731,San Francisco,CA,37.76546,-122.69903,807,0.0992,75785
35236,San Francisco,CA,37.48198,-122.72207,807,0.0911,33433
72295,San Francisco,CA,37.55915,-122.00215,807,0.0625,48012
54955,San Francisco,CA,37.40819,-122.29655,807,0.061,66259
64279,Boston,MA,42.12419,-71.29136,506,0.0696,60831
18446,Boston,MA,42.75236,-71.19259,506,0.0607,21097
78012,Boston,MA,42.41704,-71.20869,506,0.0821,74361
56658,Boston,MA,42.59457,-71.35661,506,0.0759,62947
54229,Boston,MA,42.65815,-71.40587,506,0.0603,49748
64781,Boston,MA,42.09589,-71.4546,506,0.0599,28336
15496,Boston,MA,42.54156,-71.10568,506,0.053,45029
59337,Boston,MA,42.33189,-71.18222,506,0.0553,11913
06975,Boston,MA,41.91983,-70.61598,506,0.0794,13506
98949,Boston,MA,42.55553,-70.6267,506,0.0716,16760
85556,Boston,MA,42.35009,-71.11808,506,0.0562,73681
43181,Boston,MA,41.91757,-70.6813,506,0.075,35453
86600,Boston,MA,42.13149,-71.38411,506,0.0494,54309
20024,Boston,MA,42.17678,-71.34174,506,0.0747,24580
14393,Boston,MA,42.61626,-70.76155,506,0.079,45317
50726,Boston,MA,42.07619,-70.76611,506,0.0616,50803
18871,Boston,MA,42.40612,-71.17655,506,0.0827,33875
08566,Boston,MA,41.94723,-70.99872,506,0.0743,55351
07626,Boston,MA,42.76054,-71.06396,506,0.069,23141
40266,Boston,MA,42.45246,-70.94506,506,0.0542,32318
22449,Boston,MA,42.03457,-70.93582,506,0.0649,7735
58607,Boston,MA,42.34156,-71.31245,506,0.0637,6697
81051,Boston,MA,42.6799,-70.80067,506,0.0659,39627
10437,Boston,MA,42.50556,-71.04574,506,0.0657,46889
09221,Boston,MA,42.30492,-70.90941,506,0.0825,24056
50654,Boston,MA,42.17627,-71.11006,506,0.0716,48126
75386,Boston,MA,42.08597,-71.43236,506,0.0617,62855
57148,Boston,MA,42.78427,-70.69106,506,0.0841,55107
80833,Boston,MA,42.46798,-70.77887,506,0.0508,45955
80843,Boston,MA,42.50269,-71.00038,506,0.0657,50818
64011,Boston,MA,42.50095,-71.38573,506,0.0841,72021
84067,Boston,MA,41.93516,-71.33894,506,0.0764,61134
91618,Boston,MA,41.98679,-70.91447,506,0.0637,57075
48187,Boston,MA,42.38708,-71.00057,506,0.0647,17475
30786,Boston,MA,42.07255,-70.70791,506,0.071,17215
30001,Boston,MA,42.68606,-71.28076,506,0.0522,72069
88850,Boston,MA,42.13649,-71.06855,506,0.0712,32194
71940,Boston,MA,42.42554,-71.40718,506,0.0695,76799
11516,Boston,MA,42.67648,-70.89736,506,0.0814,20100
66947,Boston,MA,42.40561,-70.86576,506,0.0796,17522
83130,Boston,MA,42.80169,-70.85946,506,0.0525,53875
72343,Boston,MA,42.06423,-70.64487,506,0.0716,14704
18931,Boston,MA,42.24613,-70.95199,506,0.065,8689
49805,Boston,MA,41.94766,-70.87716,506,0.0879,62754
40313,Boston,MA,42.01858,-71.38686,506,0.0859,13995
82419,Boston,MA,42.79986,-71.32746,506,0.053,48986
23021,Boston,MA,42.24038,-70.75157,506,0.0816,4026
34505,Boston,MA,42.02055,-71.17319,506,0.0788,49287
95606,Boston,MA,42.35019,-70.77401,506,0.0629,49127
72937,Boston,MA,42.20473,-70.96615,506,0.0497,34278
34372,Boston,MA,42.22902,-70.88436,506,0.0492,60155
15887,Boston,MA,42.62216,-71.06966,506,0.0514,36371
25284,Boston,MA,42.04532,-70.67091,506,0.0845,52414
19907,Boston,MA,42.43958,-71.28366,506,0.0896,37720
59208,Boston,MA,41.92252,-71.20077,506,0.0545,68268
64435,Boston,MA,42.69585,-70.78849,506,0.0498,26392
82320,Boston,MA,42.64657,-70.89734,506,0.0646,64858
21747,Boston,MA,42.53373,-71.10517,506,0.0578,70263
10947,Boston,MA,42.23494,-71.03347,506,0.0612,19660
78231,Boston,MA,42.47226,-71.31866,506,0.0822,63810
44434,Boston,MA,42.42944,-71.15981,506,0.0629,3284
44976,Boston,MA,42.43135,-71.2085,506,0.0491,62715
80779,Boston,MA,41.95094,-71.37765,506,0.0761,38238
51389,Boston,MA,42.1561,-71.0589,506,0.0591,77074
76174,Boston,MA,42.38543,-70.64764,506,0.0894,6971
74483,Boston,MA,42.72248,-71.42317,506,0.0565,58369
83982,Boston,MA,42.42469,-71.41981,506,0.0811,33700
19500,Boston,MA,42.5233,-71.2353,506,0.0799,50033
67704,Boston,MA,42.67798,-71.28822,506,0.0844,55710
44835,Boston,MA,41.9645,-71.20541,506,0.0617,65606
67026,Boston,MA,42.24066,-71.28982,506,0.058,48275
18776,Atlanta,GA,33.48383,-84.03811,524,0.1037,55581
59395,Atlanta,GA,33.65547,-84.14289,524,0.1182,11193
19851,Atlanta,GA,33.57034,-84.56035,524,0.1068,74756
87359,Atlanta,GA,34.14269,-84.53158,524,0.1178,12989
77668,Atlanta,GA,33.45987,-84.31557,524,0.1215,49289
91477,Atlanta,GA,33.68444,-84.05652,524,0.0696,66006
42846,Atlanta,GA,34.1082,-84.58972,524,0.0803,5524
22570,Atlanta,GA,33.8628,-84.62479,524,0.0669,8751
53373,Atlanta,GA,33.70213,-84.03444,524,0.0817,68287
85947,Atlanta,GA,33.38861,-84.62044,524,0.069,19410
79778,Atlanta,GA,33.34274,-84.7719,524,0.1118,77929
45717,Atlanta,GA,33.94611,-84.83345,524,0.0811,4466
84872,Atlanta,GA,33.58961,-84.81318,524,0.0839,6050
86057,Atlanta,GA,33.73669,-84.28919,524,0.1109,25372
08530,Atlanta,GA,34.07597,-84.12136,524,0.0707,46346
65797,Atlanta,GA,34.18804,-84.4784,524,0.1188,4282
04374,Atlanta,GA,34.13176,-84.33027,524,0.1215,9842
55413,Atlanta,GA,33.85157,-84.18628,524,0.0844,14748
03439,Atlanta,GA,33.43957,-84.70961,524,0.1091,14279
47904,Atlanta,GA,34.03162,-84.45709,524,0.0962,75244
21108,Atlanta,GA,33.89062,-84.29659,524,0.0845,36294
94249,Atlanta,GA,33.7288,-84.80953,524,0.1023,74523
93585,Atlanta,GA,33.70684,-84.58756,524,0.0953,38404
18284,Atlanta,GA,33.52662,-84.33568,524,0.0714,50013
20739,Atlanta,GA,34.18957,-84.63265,524,0.1085,14284
04664,Atlanta,GA,33.86117,-84.728,524,0.0964,29361
73778,Atlanta,GA,33.99863,-84.6048,524,0.1,22071
24257,Atlanta,GA,34.08275,-84.06788,524,0.1097,71771
04807,Atlanta,GA,33.61475,-84.19933,524,0.0907,67896
28937,Atlanta,GA,33.87151,-84.52819,524,0.111,62806
28800,Atlanta,GA,33.59045,-84.02485,524,0.0719,4523
09578,Atlanta,GA,34.02508,-84.01571,524,0.1038,48464
08863,Atlanta,GA,33.50431,-84.49961,524,0.117,51726
87121,Atlanta,GA,33.86341,-84.63633,524,0.08,36882
93965,Atlanta,GA,33.68942,-84.62976,524,0.0773,58285
85242,Atlanta,GA,33.54981,-84.04652,524,0.0939,77148
21543,Atlanta,GA,33.72863,-83.9975,524,0.1092,20394
40333,Atlanta,GA,33.55331,-84.53962,524,0.0932,35232
22181,Atlanta,GA,33.58679,-84.28877,524,0.1198,30296
76921,Atlanta,GA,33.34592,-84.13404,524,0.1138,49733
07055,Atlanta,GA,34.00083,-84.06099,524,0.0761,20823
40008,Atlanta,GA,33.91564,-84.11348,524,0.0744,3735
18483,Atlanta,GA,34.11945,-84.70228,524,0.1073,15285
99475,Atlanta,GA,33.45087,-84.22351,524,0.0709,47004
85170,Atlanta,GA,34.12565,-84.19328,524,0.1155,6814
77714,Atlanta,GA,33.51015,-84.1251,524,0.1047,7464
18673,Atlanta,GA,33.7533,-84.62953,524,0.0901,16245
96487,Atlanta,GA,33.31694,-83.9463,524,0.0837,16963
16790,Atlanta,GA,34.16045,-83.96447,524,0.0954,2836
24460,Atlanta,GA,33.50052,-84.35161,524,0.1015,74002
66632,Atlanta,GA,34.19305,-84.36106,524,0.1132,12635
46803,Atlanta,GA,34.17244,-84.07014,524,0.1206,31854
96866,Atlanta,GA,33.36415,-84.20478,524,0.0667,37758
10034,Atlanta,GA,34.16869,-84.6612,524,0.0685,75457
48529,Houston,TX,29.55089,-95.52666,618,0.0638,61972
72300,Houston,TX,29.56432,-95.52212,618,0.0833,37704
53335,Houston,TX,29.69017,-95.3338,618,0.0818,22322
51736,Houston,TX,29.99526,-95.02629,618,0.104,3188
32339,Houston,TX,29.85745,-94.98614,618,0.075,51909
32558,Houston,TX,30.0534,-95.22272,618,0.0662,6910
94902,Houston,TX,29.35496,-95.19503,618,0.0787,60489
72952,Houston,TX,29.91161,-95.40986,618,0.0921,64558
98807,Houston,TX,29.893,-95.39625,618,0.0797,74088
50794,Houston,TX,29.52139,-95.25324,618,0.1008,52154
47558,Houston,TX,29.95136,-95.46563,618,0.0894,44723
83432,Houston,TX,30.02799,-95.22198,618,0.1104,37224
35378,Houston,TX,30.12827,-95.39385,618,0.0997,70925
78266,Houston,TX,29.73936,-95.6207,618,0.0691,71804
48723,Houston,TX,29.78194,-95.34507,618,0.1045,33779
89301,Houston,TX,29.46552,-95.0801,618,0.0859,8170
43201,Houston,TX,29.65354,-95.07089,618,0.1048,18626
54743,Houston,TX,29.44886,-95.59347,618,0.067,49246
87902,Houston,TX,30.03329,-95.35058,618,0.0855,14034
37047,Houston,TX,29.66639,-94.92253,618,0.0983,61392
84183,Houston,TX,29.74091,-95.10135,618,0.1017,22145
01776,Houston,TX,29.92256,-95.48957,618,0.0891,33646
82625,Houston,TX,29.6441,-95.51371,618,0.0817,4828
73903,Houston,TX,29.49117,-95.30631,618,0.0646,25887
41179,Houston,TX,29.95676,-95.57266,618,0.0787,34197
35788,Houston,TX,30.06113,-95.7376,618,0.0952,14143
27435,Houston,TX,29.42587,-94.95727,618,0.0769,51208
06755,Houston,TX,29.95606,-95.48165,618,0.0638,41198
54468,Houston,TX,29.69827,-95.2731,618,0.0752,33777
51510,Houston,TX,30.07513,-95.70327,618,0.0943,51305
09305,Houston,TX,29.90944,-95.52329,618,0.0653,60894
50730,Houston,TX,29.66433,-95.44656,618,0.111,5854
15131,Houston,TX,29.8439,-95.40351,618,0.086,59663
55381,Houston,TX,30.20584,-95.66119,618,0.065,54616
65392,Houston,TX,29.43215,-95.14228,618,0.0621,32963
98053,Houston,TX,29.49062,-95.3323,618,0.1105,41032
73595,Houston,TX,29.60754,-95.47106,618,0.0859,14303
29929,Houston,TX,30.0735,-95.30588,618,0.0624,67635
12568,Houston,TX,30.07374,-95.62573,618,0.0856,28692
94201,Houston,TX,29.61243,-95.0431,618,0.0907,57278
77539,Houston,TX,29.4366,-95.45355,618,0.0642,21574
43008,Houston,TX,29.6113,-95.3534,618,0.0619,73132
37002,Houston,TX,29.77841,-95.74185,618,0.0819,41661
73836,Houston,TX,29.6657,-95.02258,618,0.0976,42719
40911,Houston,TX,29.53407,-95.4776,618,0.0846,73226
34697,Houston,TX,29.58487,-95.70122,618,0.0726,51495
61847,Houston,TX,29.90109,-95.18091,618,0.0691,47294
27250,Houston,TX,29.72119,-95.18357,618,0.0967,43691
02116,Houston,TX,29.79017,-95.45176,618,0.0914,44908
05629,Houston,TX,29.5566,-95.10332,618,0.077,29941
78607,Houston,TX,29.86005,-95.4544,618,0.1,29220
27636,Houston,TX,29.36234,-95.42945,618,0.0954,8917
18957,Houston,TX,30.08677,-95.75506,618,0.0931,26114
02861,Houston,TX,30.14056,-95.31485,618,0.1039,67802
29942,Houston,TX,29.91687,-95.21234,618,0.0772,30159
71052,Houston,TX,30.06487,-95.6886,618,0.1101,29619
68664,Houston,TX,29.40118,-95.73409,618,0.103,9094
55355,Houston,TX,29.51179,-95.06959,618,0.0989,60487
90904,Houston,TX,29.69252,-95.03844,618,0.1104,19984
06474,Houston,TX,29.45453,-95.41812,618,0.1016,44276
93661,Houston,TX,29.81492,-95.68121,618,0.1097,45018
72924,Houston,TX,30.06757,-95.68309,618,0.1038,32753
52315,Houston,TX,30.18716,-95.52495,618,0.0698,40649
30277,Houston,TX,29.89975,-95.19503,618,0.0721,22019
96452,Houston,TX,29.47595,-95.51994,618,0.0828,7587
47114,Houston,TX,29.42031,-94.98881,618,0.1142,71220
69988,Houston,TX,29.37604,-95.37888,618,0.0625,67583
13189,Houston,TX,29.49086,-95.5678,618,0.0776,73372
12592,Houston,TX,29.49159,-95.39639,618,0.1021,32276
76863,Houston,TX,30.14255,-95.79064,618,0.0932,2672
46128,Houston,TX,29.48534,-95.68281,618,0.0774,25041
44665,Houston,TX,29.62561,-95.38686,618,0.079,50216
24444,Houston,TX,29.40908,-95.07098,618,0.1043,75792
60636,Houston,TX,29.3965,-95.32339,618,0.1032,54045
61477,Houston,TX,29.34271,-95.78415,618,0.0922,56633
85779,Houston,TX,29.93726,-95.44601,618,0.1058,12492
50115,Houston,TX,29.96526,-95.15898,618,0.0806,14301
44468,Houston,TX,29.31486,-95.23951,618,0.1058,42265
20535,Houston,TX,29.54555,-95.72392,618,0.0742,22563
66029,Houston,TX,29.55382,-95.33286,618,0.0787,34739
75498,Washington DC,DC,38.93912,-77.0308,511,0.0764,28414
38157,Washington DC,DC,38.82055,-77.30379,511,0.0644,33942
96235,Washington DC,DC,39.24157,-77.03528,511,0.1025,4480
14862,Washington DC,DC,39.30618,-77.04734,511,0.0975,77264
28648,Washington DC,DC,39.07726,-77.28056,511,0.0955,22640
35626,Washington DC,DC,39.35554,-77.1053,511,0.0892,16867
39268,Washington DC,DC,38.97003,-77.37822,511,0.0912,31024
31661,Washington DC,DC,38.6764,-76.78944,511,0.0836,10644
33211,Washington DC,DC,38.52295,-77.18333,511,0.063,30667
82036,Washington DC,DC,39.15277,-77.32967,511,0.0732,13510
61528,Washington DC,DC,38.98988,-77.32238,511,0.0739,56497
54361,Washington DC,DC,38.48622,-76.77715,511,0.0655,69530
89973,Washington DC,DC,38.60762,-76.76901,511,0.0965,29204
26979,Washington DC,DC,39.28961,-76.86947,511,0.0934,11267
01374,Washington DC,DC,39.16963,-77.05515,511,0.0829,45753
10049,Washington DC,DC,39.13352,-76.91415,511,0.068,9096
48922,Washington DC,DC,39.16516,-77.40375,511,0.0938,48270
77386,Washington DC,DC,38.6032,-76.61773,511,0.0916,67541
18688,Washington DC,DC,38.69058,-76.86259,511,0.0732,9417
98644,Washington DC,DC,38.87674,-76.77725,511,0.092,24090
58059,Washington DC,DC,38.80444,-76.91111,511,0.1048,69733
40187,Washington DC,DC,39.13042,-76.95266,511,0.0907,17683
09918,Washington DC,DC,39.32881,-76.77817,511,0.0706,32920
32472,Washington DC,DC,38.63541,-77.07479,511,0.0699,67068
76367,Washington DC,DC,39.27451,-76.87011,511,0.0935,53881
87982,Washington DC,DC,39.16266,-76.77262,511,0.0921,47411
50679,Washington DC,DC,38.82282,-77.40851,511,0.0906,47010
87938,Washington DC,DC,38.99258,-76.73423,511,0.0976,3089
40384,Washington DC,DC,38.89735,-77.47218,511,0.0636,64809
55875,Washington DC,DC,38.82693,-77.21739,511,0.0654,73987
29005,Washington DC,DC,38.53199,-77.13242,511,0.0813,6768
39291,Washington DC,DC,38.75944,-76.59369,511,0.0674,60437
54405,Washington DC,DC,39.0521,-76.76048,511,0.0641,7942
50237,Washington DC,DC,39.19784,-77.3212,511,0.0716,22279
48498,Washington DC,DC,38.60787,-77.17051,511,0.0987,54188
41445,Washington DC,DC,38.90691,-76.62669,511,0.0833,27331
22262,Washington DC,DC,38.80904,-77.47875,511,0.1006,16097
33228,Washington DC,DC,38.86631,-76.75844,511,0.0706,48677
89637,Washington DC,DC,38.54802,-76.98949,511,0.101,69853
88309,Washington DC,DC,38.79622,-76.65115,511,0.1026,57029
10949,Washington DC,DC,38.92005,-77.18888,511,0.0714,41275
48425,Washington DC,DC,38.732,-76.84854,511,0.0923,70943
89677,Washington DC,DC,38.51092,-76.89776,511,0.0827,4858
08469,Washington DC,DC,39.2449,-76.68764,511,0.064,51936
59686,Washington DC,DC,38.73723,-77.02566,511,0.0657,62645
05602,Washington DC,DC,39.3106,-77.05268,511,0.0585,38080
19944,Washington DC,DC,38.62609,-76.6607,511,0.0834,53908
23752,Washington DC,DC,39.12984,-76.90955,511,0.0721,34185
39165,Washington DC,DC,39.15279,-77.46368,511,0.0854,55920
86040,Washington DC,DC,38.53309,-76.63188,511,0.0899,67117
94022,Washington DC,DC,38.78142,-76.67434,511,0.0742,77887
65981,Washington DC,DC,39.20049,-76.77261,511,0.0754,20834
27318,Washington DC,DC,38.92159,-76.69725,511,0.0662,70724
23372,Washington DC,DC,39.07047,-76.67007,511,0.0873,52696
48201,Washington DC,DC,39.32311,-77.31847,511,0.0735,64724
82359,Phoenix,AZ,33.28721,-112.12953,753,0.0681,36606
48421,Phoenix,AZ,33.35297,-112.17703,753,0.1138,37476
15742,Phoenix,AZ,33.18198,-111.7061,753,0.0863,56010
84508,Phoenix,AZ,33.14226,-111.72081,753,0.0646,39056
71213,Phoenix,AZ,33.4216,-112.02113,753,0.0981,12522
37096,Phoenix,AZ,33.35088,-111.87843,753,0.0834,40297
83601,Phoenix,AZ,33.10739,-112.11931,753,0.0629,72256
92501,Phoenix,AZ,33.50823,-112.20571,753,0.1125,37302
32900,Phoenix,AZ,33.7957,-111.73596,753,0.0674,56597
94296,Phoenix,AZ,33.09855,-112.24775,753,0.0967,17944
53932,Phoenix,AZ,33.35345,-111.67768,753,0.1019,47293
53426,Phoenix,AZ,33.35171,-111.79884,753,0.081,26844
94345,Phoenix,AZ,33.78286,-112.04539,753,0.0901,40346
18507,Phoenix,AZ,33.19015,-111.91028,753,0.1117,11254
66816,Phoenix,AZ,33.0012,-112.00755,753,0.0749,59195
53912,Phoenix,AZ,33.19094,-111.86812,753,0.1042,19861
20813,Phoenix,AZ,33.19836,-111.75929,753,0.075,18876
38042,Phoenix,AZ,33.80733,-111.85529,753,0.1061,52431
38682,Phoenix,AZ,33.11655,-111.8903,753,0.0999,38554
94327,Phoenix,AZ,33.05898,-111.98098,753,0.1063,38286
80650,Phoenix,AZ,33.19017,-112.32252,753,0.0673,77078
11312,Phoenix,AZ,33.32214,-111.89451,753,0.0662,45117
29626,Phoenix,AZ,33.00149,-111.95768,753,0.0697,38552
66978,Phoenix,AZ,33.05159,-112.12287,753,0.0919,6729
06192,Phoenix,AZ,33.48248,-112.10317,753,0.0881,41054
83504,Phoenix,AZ,33.84104,-111.65575,753,0.0906,32684
29556,Phoenix,AZ,33.49934,-111.78557,753,0.0773,72894
94468,Phoenix,AZ,33.02584,-111.82372,753,0.0638,68648
36135,Phoenix,AZ,33.37992,-112.46725,753,0.0959,14233
77667,Phoenix,AZ,33.09954,-112.17272,753,0.1133,56112
30660,Phoenix,AZ,33.59844,-111.73039,753,0.0652,51173
70670,Phoenix,AZ,33.29488,-111.63637,753,0.0661,65136
76446,Phoenix,AZ,33.11877,-112.11543,753,0.0988,62092
26001,Phoenix,AZ,33.30591,-112.35308,753,0.0838,39538
26456,Phoenix,AZ,33.06721,-111.71633,753,0.0632,28413
93241,Phoenix,AZ,33.66716,-111.82802,753,0.073,41327
98997,Phoenix,AZ,33.70593,-112.50338,753,0.1018,4567
09223,Phoenix,AZ,33.31692,-112.14788,753,0.1069,72982
35576,Phoenix,AZ,33.50038,-111.95918,753,0.0925,43876
47474,Phoenix,AZ,33.27357,-112.48418,753,0.0717,49064
56184,Phoenix,AZ,33.80749,-111.79996,753,0.0866,15889
45950,Phoenix,AZ,33.09443,-112.38551,753,0.1038,64269
64704,Phoenix,AZ,33.88991,-111.70345,753,0.1047,64922
17819,Phoenix,AZ,33.76337,-112.04853,753,0.0757,53474
28432,Phoenix,AZ,33.31683,-111.9333,753,0.1124,27808
94090,Phoenix,AZ,33.24888,-111.79053,753,0.09,52851
22097,Phoenix,AZ,33.72908,-111.76676,753,0.0694,4187
15566,Phoenix,AZ,33.19103,-111.99719,753,0.0825,3695
12279,Phoenix,AZ,33.41574,-112.48507,753,0.1098,72516
10304,Phoenix,AZ,33.77107,-112.21939,753,0.0922,63024
64509,Phoenix,AZ,33.69044,-111.71035,753,0.0627,29296
47477,Phoenix,AZ,33.34275,-112.43038,753,0.0939,19046
27202,Phoenix,AZ,33.39443,-112.00915,753,0.1115,60123
09855,Phoenix,AZ,33.51154,-111.87673,753,0.1083,24647
53458,Phoenix,AZ,33.58511,-111.7483,753,0.1152,64046
91707,Phoenix,AZ,33.79096,-111.97869,753,0.0686,67770
51030,Tampa,FL,27.55707,-82.69246,539,0.1253,32478
01643,Tampa,FL,27.85367,-82.19795,539,0.1158,7518
32801,Tampa,FL,27.58502,-82.02866,539,0.1146,7489
62150,Tampa,FL,27.54441,-82.69079,539,0.1221,31282
89065,Tampa,FL,27.5404,-82.40663,539,0.1015,56729
35467,Tampa,FL,27.53779,-82.48608,539,0.0958,16107
94059,Tampa,FL,27.58752,-82.77827,539,0.0987,69625
43373,Tampa,FL,27.59582,-82.19894,539,0.1197,2796
10456,Tampa,FL,28.26687,-82.40689,539,0.1157,68360
74614,Tampa,FL,28.05846,-82.3721,539,0.1144,12674
93528,Tampa,FL,27.54941,-82.41628,539,0.0848,54530
88911,Tampa,FL,27.50747,-82.2367,539,0.0693,68954
61030,Tampa,FL,27.68848,-82.26988,539,0.1107,58736
15471,Tampa,FL,28.05201,-82.82948,539,0.0981,14824
12514,Tampa,FL,28.15776,-82.14244,539,0.1173,15792
12769,Tampa,FL,27.83143,-82.63475,539,0.1123,21875
65768,Tampa,FL,28.04638,-82.02649,539,0.1126,3410
11336,Tampa,FL,27.5681,-82.8049,539,0.1082,30533
69174,Tampa,FL,27.84744,-82.02184,539,0.1217,77802
86011,Tampa,FL,27.69034,-82.22446,539,0.1117,12960
03827,Tampa,FL,28.25407,-82.2622,539,0.0697,20199
57463,Tampa,FL,28.22161,-82.85787,539,0.1039,40952
58900,Tampa,FL,27.73052,-82.78647,539,0.1137,48176
04717,Tampa,FL,27.79257,-82.82195,539,0.0937,64538
82665,Tampa,FL,28.25374,-82.01236,539,0.1117,38439
33735,Tampa,FL,27.51244,-82.42314,539,0.0877,73799
47766,Tampa,FL,28.32941,-82.61136,539,0.1127,33797
45909,Tampa,FL,28.21574,-82.42839,539,0.074,43613
56706,Tampa,FL,28.06488,-82.57679,539,0.0992,62535
22118,Tampa,FL,27.69096,-82.85914,539,0.1065,34606
54413,Tampa,FL,28.33886,-82.44025,539,0.1131,14249
85908,Tampa,FL,27.69173,-82.64855,539,0.1207,4286
94625,Tampa,FL,27.73477,-82.26297,539,0.1255,25605
81033,Tampa,FL,27.89479,-82.28901,539,0.1081,39764
99715,Tampa,FL,27.85243,-82.59964,539,0.1238,14527
91591,Tampa,FL,28.28022,-82.33018,539,0.1039,21115
86999,Tampa,FL,27.56307,-82.84606,539,0.0907,12715
09381,Tampa,FL,28.15724,-82.42509,539,0.0722,12262
19643,Tampa,FL,28.00217,-82.257,539,0.1056,69382
91118,Tampa,FL,28.29061,-82.07856,539,0.0941,15618
34416,Tampa,FL,27.77345,-82.53915,539,0.108,60817
96462,Tampa,FL,28.29086,-82.13202,539,0.0947,44795
28008,Tampa,FL,27.52823,-82.16131,539,0.0811,29877
46974,Tampa,FL,28.10425,-82.65732,539,0.0685,27396
10523,Tampa,FL,28.315,-82.76497,539,0.1063,43390
87668,Tampa,FL,27.73734,-82.86611,539,0.0959,10002
51203,Tampa,FL,27.72915,-82.82715,539,0.1019,10633
09494,Tampa,FL,27.7669,-82.66571,539,0.1221,49079
48663,Tampa,FL,27.98856,-82.7485,539,0.0894,35483
49560,Tampa,FL,27.83021,-82.43646,539,0.0744,35044
22735,Tampa,FL,27.75735,-82.5645,539,0.1124,31857
86015,Tampa,FL,27.67514,-82.71008,539,0.0903,50387
32572,Tampa,FL,28.07788,-82.48259,539,0.1185,9128
14056,Tampa,FL,28.09787,-82.15442,539,0.0816,6352
62944,Tampa,FL,27.89511,-82.80294,539,0.0947,67007
13286,Tampa,FL,27.86482,-82.47073,539,0.1216,32744
56815,Tampa,FL,27.89684,-82.80072,539,0.0719,49835
59186,Tampa,FL,27.92285,-82.06427,539,0.1002,11873
67757,Tampa,FL,27.70076,-82.2374,539,0.1007,51811
15425,Tampa,FL,27.55451,-82.51853,539,0.0712,70859
23368,Tampa,FL,27.96004,-82.62256,539,0.0738,65067
35774,Tampa,FL,27.92223,-82.05563,539,0.1136,19766
10757,Tampa,FL,28.22666,-82.3393,539,0.0736,39282
87893,Tampa,FL,28.21077,-82.84587,539,0.1088,64755
64122,Tampa,FL,27.73219,-82.44862,539,0.1044,69957
04208,Tampa,FL,28.07981,-82.28898,539,0.0698,33182
66405,Tampa,FL,28.09861,-82.78183,539,0.0891,53271
43207,Tampa,FL,28.16694,-82.13561,539,0.0893,26319
92720,Tampa,FL,27.7048,-82.36904,539,0.1204,13243
29439,Seattle,WA,47.92128,-122.52545,819,0.0823,27604
40905,Seattle,WA,47.83024,-122.25713,819,0.0809,55189
04281,Seattle,WA,47.76741,-122.77075,819,0.0812,33052
09628,Seattle,WA,47.58555,-122.32161,819,0.0812,67000
89158,Seattle,WA,48.04887,-122.223,819,0.0531,64161
27465,Seattle,WA,47.4351,-122.07619,819,0.0552,44676
05164,Seattle,WA,47.52248,-122.47325,819,0.0705,5508
75526,Seattle,WA,47.49275,-122.63623,819,0.0766,2520
21292,Seattle,WA,47.70298,-122.55004,819,0.0622,76145
72810,Seattle,WA,47.79676,-122.65818,819,0.054,18298
55530,Seattle,WA,47.29043,-122.65873,819,0.0649,44602
99735,Seattle,WA,47.20743,-122.57122,819,0.0512,61799
54600,Seattle,WA,47.38406,-122.26895,819,0.0534,22260
98580,Seattle,WA,47.39824,-121.93429,819,0.0605,9262
58093,Seattle,WA,47.9795,-122.68841,819,0.0455,40463
10246,Seattle,WA,47.41627,-121.9119,819,0.0782,57561
10614,Seattle,WA,47.63264,-122.01817,819,0.0758,69714
77426,Seattle,WA,47.26114,-122.56273,819,0.0701,50939
69407,Seattle,WA,48.02234,-122.60868,819,0.0477,35706
75753,Seattle,WA,47.49999,-122.0086,819,0.0815,33505
55008,Seattle,WA,47.48584,-122.31062,819,0.0708,12123
92887,Seattle,WA,47.82335,-122.22027,819,0.0629,45506
02260,Seattle,WA,47.55661,-122.47607,819,0.074,26125
62015,Seattle,WA,48.01884,-122.07498,819,0.0537,58944
12659,Seattle,WA,48.01831,-122.59566,819,0.0605,20054
98944,Seattle,WA,47.36545,-122.12036,819,0.0586,67294
48830,Seattle,WA,47.27101,-122.58179,819,0.0531,37368
15824,Seattle,WA,47.1883,-122.6597,819,0.0604,57653
85721,Seattle,WA,47.22621,-122.25798,819,0.081,73662
47620,Seattle,WA,47.46679,-122.09952,819,0.0569,65637
91849,Seattle,WA,47.17205,-122.17373,819,0.051,50958
16355,Seattle,WA,48.02243,-122.092,819,0.0769,29241
84177,Seattle,WA,47.37991,-122.24914,819,0.0743,50893
40433,Seattle,WA,47.74005,-122.63503,819,0.0473,62127
88279,Seattle,WA,47.94382,-122.25217,819,0.0524,4466
79056,Seattle,WA,47.63757,-122.12904,819,0.0553,11681
01623,Seattle,WA,47.90958,-122.7049,819,0.0544,25252
31143,Seattle,WA,47.31328,-121.97155,819,0.075,33480
03532,Seattle,WA,47.17775,-122.70787,819,0.0482,28496
20480,Seattle,WA,47.57908,-122.71609,819,0.0582,40742
55708,Seattle,WA,47.82897,-121.99482,819,0.0576,13500
35602,Seattle,WA,47.30241,-122.69984,819,0.0688,36965
18271,Seattle,WA,47.86877,-122.12621,819,0.0579,66960
19490,Seattle,WA,47.32575,-121.94603,819,0.0663,9217
99471,Seattle,WA,47.29473,-122.15873,819,0.0596,4679
31070,Seattle,WA,47.43644,-122.71716,819,0.0629,11103
77837,Seattle,WA,47.29322,-122.06759,819,0.0622,63898
31310,Seattle,WA,47.7164,-122.03973,819,0.0629,59578
19116,Seattle,WA,47.16803,-121.94187,819,0.0531,62441
32579,Seattle,WA,47.83196,-122.33093,819,0.0648,45995
95953,Seattle,WA,47.20757,-122.57619,819,0.0457,69712
39117,Seattle,WA,47.34652,-122.13601,819,0.0622,27709
25110,Seattle,WA,47.34037,-122.50208,819,0.0702,36681
18201,Seattle,WA,47.29781,-122.57842,819,0.0744,43090
52973,Seattle,WA,47.44011,-122.13303,819,0.0469,43853
12684,Seattle,WA,47.42032,-122.48957,819,0.0539,25474
83502,Seattle,WA,47.94575,-122.36652,819,0.0524,18174
67428,Seattle,WA,47.80273,-121.99918,819,0.0711,64950
70372,Seattle,WA,47.43589,-122.71465,819,0.0701,53228
58318,Seattle,WA,47.59137,-122.55476,819,0.0705,31582
59934,Seattle,WA,47.44262,-122.35289,819,0.0722,51215
71122,Seattle,WA,47.55836,-121.94729,819,0.0807,9191
14756,Seattle,WA,47.84843,-122.70303,819,0.0802,19939
05900,Seattle,WA,47.92858,-121.93303,819,0.0662,10783
90662,Detroit,MI,42.43881,-83.22582,505,0.0541,47169
58325,Detroit,MI,42.34923,-83.36545,505,0.0816,9214
05180,Detroit,MI,42.14063,-82.80467,505,0.057,16465
92772,Detroit,MI,41.94498,-83.34822,505,0.0744,55760
23166,Detroit,MI,42.09709,-83.14761,505,0.0864,46806
48505,Detroit,MI,41.99234,-83.27726,505,0.0937,17832
13018,Detroit,MI,42.11501,-82.82921,505,0.0902,53187
62967,Detroit,MI,42.08523,-83.32934,505,0.0866,63478
52538,Detroit,MI,42.52583,-82.83521,505,0.0568,27883
65363,Detroit,MI,41.9777,-82.76373,505,0.0659,34995
04626,Detroit,MI,42.11104,-83.07351,505,0.0945,21967
81657,Detroit,MI,42.17051,-83.34027,505,0.0837,47274
90473,Detroit,MI,42.05017,-83.11922,505,0.0871,32871
76353,Detroit,MI,42.19083,-82.78709,505,0.0622,7658
05919,Detroit,MI,42.73822,-83.20145,505,0.0883,37362
48952,Detroit,MI,42.15281,-82.93975,505,0.0684,39719
15450,Detroit,MI,42.72988,-83.48447,505,0.0807,76814
33031,Detroit,MI,42.61666,-82.91601,505,0.0534,24968
99939,Detroit,MI,42.01688,-83.21969,505,0.0732,45217
58278,Detroit,MI,42.63713,-83.37557,505,0.0747,46593
88933,Detroit,MI,42.61995,-83.18505,505,0.0881,44404
19231,Detroit,MI,42.65286,-82.6366,505,0.0893,73619
86519,Detroit,MI,42.70137,-82.78157,505,0.088,62229
45475,Detroit,MI,42.3046,-83.08019,505,0.0839,30565
96610,Detroit,MI,42.1878,-83.27139,505,0.0555,45378
04407,Detroit,MI,42.69414,-83.47278,505,0.0673,11368
66257,Detroit,MI,42.5484,-83.3172,505,0.0713,55170
41782,Detroit,MI,42.60356,-82.63714,505,0.0647,64165
42750,Detroit,MI,42.6911,-82.83544,505,0.0647,48672
76140,Detroit,MI,42.70448,-82.9559,505,0.0948,70465
09971,Detroit,MI,42.31702,-83.12103,505,0.0897,32265
28255,Detroit,MI,42.06898,-83.00731,505,0.0917,18865
86825,Detroit,MI,42.70429,-83.4644,505,0.077,59170
04098,Detroit,MI,42.52713,-83.10941,505,0.0551,71139
39142,Detroit,MI,42.61977,-82.78582,505,0.0667,31640
98625,Detroit,MI,42.42481,-83.4438,505,0.0672,59315
21676,Detroit,MI,42.22393,-82.85693,505,0.0918,28940
43895,Detroit,MI,42.15299,-83.19967,505,0.0832,26986
65393,Detroit,MI,42.37358,-83.04552,505,0.0804,21276
80281,Detroit,MI,42.7424,-82.59584,505,0.0757,24004
25032,Detroit,MI,41.89719,-82.91146,505,0.0896,17285
75594,Detroit,MI,42.20694,-82.66422,505,0.0602,5570
66851,Detroit,MI,42.64745,-82.85288,505,0.0823,30694
67952,Detroit,MI,42.29756,-83.3568,505,0.0604,22581
83716,Detroit,MI,42.27584,-83.46842,505,0.0571,36466
80188,Detroit,MI,42.12981,-83.11756,505,0.0736,63879
08099,Detroit,MI,41.96452,-83.4907,505,0.066,24183
99089,Detroit,MI,42.58591,-83.01109,505,0.0613,25497
31430,Detroit,MI,42.42403,-82.68207,505,0.0599,16892
99202,Detroit,MI,42.29752,-82.96104,505,0.0606,58128
67962,Detroit,MI,41.9287,-82.64609,505,0.0705,13816
10128,Detroit,MI,42.68932,-82.99241,505,0.0693,44434
61290,Detroit,MI,42.03584,-83.301,505,0.0749,56010
95592,Detroit,MI,42.10201,-83.31682,505,0.0582,56256
47734,Detroit,MI,42.43779,-83.22293,505,0.0582,31140
59398,Detroit,MI,41.95789,-83.32199,505,0.0649,68633
39815,Detroit,MI,42.04664,-83.06406,505,0.0704,66233
63006,Detroit,MI,42.73174,-83.07152,505,0.0598,69214
19960,Detroit,MI,42.33156,-83.28618,505,0.0665,52758
10126,Detroit,MI,42.24446,-83.17712,505,0.0697,48636
93401,Detroit,MI,42.50303,-83.14308,505,0.0578,77548
72816,Detroit,MI,41.88717,-82.73125,505,0.083,48961
83570,Detroit,MI,42.52243,-82.88525,505,0.0928,41588
21509,Detroit,MI,42.3802,-82.89934,505,0.0833,21546
48953,Minneapolis,MN,45.13787,-93.35609,613,0.0556,77398
89769,Minneapolis,MN,44.72551,-92.99405,613,0.0492,74839
53760,Minneapolis,MN,45.11361,-93.45791,613,0.0485,6006
81791,Minneapolis,MN,44.81869,-93.28334,613,0.0618,50137
69350,Minneapolis,MN,45.33343,-93.40014,613,0.0632,45111
84778,Minneapolis,MN,45.37196,-93.61037,613,0.0529,76595
35158,Minneapolis,MN,44.54288,-92.99499,613,0.0459,73140
02573,Minneapolis,MN,44.77604,-93.41587,613,0.074,23500
91435,Minneapolis,MN,44.86733,-93.64685,613,0.0512,20926
20254,Minneapolis,MN,44.80781,-93.51765,613,0.0596,18490
97131,Minneapolis,MN,45.40188,-92.89874,613,0.0474,21363
73207,Minneapolis,MN,45.02355,-92.83881,613,0.0722,21972
57890,Minneapolis,MN,45.28157,-93.67912,613,0.0619,53062
56342,Minneapolis,MN,44.61165,-92.92937,613,0.0714,19056
40544,Minneapolis,MN,44.56209,-93.66465,613,0.048,5356
43967,Minneapolis,MN,45.16526,-93.14791,613,0.0476,23737
15040,Minneapolis,MN,44.69063,-93.16667,613,0.0684,28456
48270,Minneapolis,MN,44.6366,-92.9437,613,0.0555,56110
34203,Minneapolis,MN,44.92934,-93.28023,613,0.0443,25450
22701,Minneapolis,MN,44.68971,-93.57798,613,0.0565,10224
59397,Minneapolis,MN,45.00499,-93.10236,613,0.0446,60116
72740,Minneapolis,MN,45.23962,-93.19688,613,0.0602,5516
79776,Minneapolis,MN,45.0978,-93.12083,613,0.0624,21828
07307,Minneapolis,MN,45.35115,-93.21026,613,0.0487,25443
91225,Minneapolis,MN,44.87278,-93.09339,613,0.0436,69980
01736,Minneapolis,MN,45.28782,-93.38924,613,0.0696,27279
75696,Minneapolis,MN,44.87027,-93.11858,613,0.0558,65356
77031,Minneapolis,MN,45.36385,-93.16132,613,0.0552,51861
26017,Minneapolis,MN,44.76985,-92.9016,613,0.0729,3061
77008,Minneapolis,MN,45.14701,-93.42855,613,0.0716,36878
81070,Minneapolis,MN,44.83094,-93.19875,613,0.0637,38559
11876,Minneapolis,MN,44.97064,-92.96922,613,0.0451,58610
11829,Minneapolis,MN,45.04379,-92.89851,613,0.0652,58504
93408,Minneapolis,MN,45.36782,-93.63646,613,0.0723,15987
50342,Minneapolis,MN,44.77677,-93.61268,613,0.0758,60407
96208,Minneapolis,MN,45.25637,-93.64178,613,0.0601,50780
13790,Minneapolis,MN,44.55992,-92.96411,613,0.0545,11024
86763,Minneapolis,MN,44.76013,-93.01114,613,0.0511,69073
66644,Minneapolis,MN,45.42591,-93.33092,613,0.0647,38889
60798,Minneapolis,MN,45.10656,-93.42907,613,0.0688,64467
16546,Minneapolis,MN,44.5695,-92.96244,613,0.0736,41188
08016,Minneapolis,MN,45.06953,-92.93653,613,0.0708,19690
47088,Minneapolis,MN,45.10097,-93.37614,613,0.0527,68872
05360,Minneapolis,MN,44.92814,-93.69199,613,0.0464,7010
29235,Minneapolis,MN,44.9459,-93.29287,613,0.0701,40641
45988,Minneapolis,MN,45.2837,-93.16712,613,0.079,18240
85552,Minneapolis,MN,44.69514,-93.26487,613,0.0559,23968
30246,Minneapolis,MN,44.9543,-93.00773,613,0.0527,10486
29988,Minneapolis,MN,44.67277,-92.818,613,0.0546,10768
83683,Minneapolis,MN,44.87262,-93.15283,613,0.0794,30318
13889,Minneapolis,MN,44.90249,-93.29231,613,0.055,10423
98613,Minneapolis,MN,44.87298,-93.12768,613,0.0613,71971
26682,Minneapolis,MN,45.35871,-93.57055,613,0.0688,75129
42715,Minneapolis,MN,44.89243,-93.56403,613,0.0485,64140
62548,Minneapolis,MN,44.97164,-93.47394,613,0.0571,75118
66207,Minneapolis,MN,45.21349,-93.18456,613,0.0494,14997
49193,Minneapolis,MN,44.86953,-93.61399,613,0.0795,67861
77322,Minneapolis,MN,44.78215,-93.41777,613,0.0649,25858
42138,Minneapolis,MN,45.22121,-93.42895,613,0.0604,39755
60671,Minneapolis,MN,45.09433,-93.20828,613,0.0787,49990
64008,Minneapolis,MN,45.38226,-93.14438,613,0.0636,25422
48232,Minneapolis,MN,44.6973,-93.54362,613,0.0543,34509
93969,Minneapolis,MN,45.4034,-93.65706,613,0.0438,75003
10295,Minneapolis,MN,44.71299,-93.25828,613,0.0478,33597
88696,Minneapolis,MN,44.62713,-93.45697,613,0.0471,27818
89895,Minneapolis,MN,45.05036,-93.11418,613,0.0533,58408
12476,Minneapolis,MN,45.39996,-93.4333,613,0.0645,3658
68525,Minneapolis,MN,44.90197,-92.90272,613,0.0653,26189
02713,Minneapolis,MN,45.04358,-92.82564,613,0.0771,31880
14325,Minneapolis,MN,44.71731,-93.60554,613,0.0652,70075
43401,Miami,FL,25.91904,-80.29606,528,0.1309,6024
09819,Miami,FL,25.84861,-80.01389,528,0.0964,37942
68424,Miami,FL,25.44483,-80.314,528,0.1108,6071
08137,Miami,FL,26.20592,-80.08084,528,0.1103,23618
49733,Miami,FL,25.96516,-80.14566,528,0.0925,51005
34433,Miami,FL,25.80087,-80.49549,528,0.0799,16969
78141,Miami,FL,26.02887,-80.52949,528,0.0894,76832
76293,Miami,FL,25.39816,-80.19488,528,0.0988,4481
96349,Miami,FL,25.36398,-80.2614,528,0.085,3253
32708,Miami,FL,26.11752,-80.32013,528,0.1176,65080
78199,Miami,FL,25.66047,-80.33983,528,0.1171,31639
88820,Miami,FL,26.20501,-80.59774,528,0.1306,33805
05931,Miami,FL,25.85533,-80.47898,528,0.0749,13269
44469,Miami,FL,25.99074,-80.33686,528,0.0755,42938
10725,Miami,FL,25.77265,-79.79883,528,0.0855,22776
23555,Miami,FL,25.58651,-80.34994,528,0.1258,69811
57210,Miami,FL,26.14724,-80.11345,528,0.1009,23023
82945,Miami,FL,26.02286,-80.38538,528,0.0731,8761
14430,Miami,FL,25.78052,-79.96851,528,0.0823,55509
23033,Miami,FL,25.51773,-80.45327,528,0.0864,61989
12988,Miami,FL,25.52785,-80.22143,528,0.1132,54715
14235,Miami,FL,25.49025,-80.56277,528,0.1124,50253
44906,Miami,FL,25.53505,-80.04651,528,0.0907,7467
53528,Miami,FL,25.68662,-79.88168,528,0.0749,13619
10235,Miami,FL,25.36287,-80.46909,528,0.0866,15591
51127,Miami,FL,25.76377,-80.2022,528,0.0825,67460
74757,Miami,FL,26.0396,-80.37905,528,0.1273,64564
17636,Miami,FL,25.43887,-80.20649,528,0.0784,5796
92419,Miami,FL,25.47806,-79.7553,528,0.1143,12317
15797,Miami,FL,26.03329,-80.42578,528,0.0841,37660
46610,Miami,FL,25.46519,-79.89491,528,0.0953,38797
22208,Miami,FL,26.19204,-80.24765,528,0.0709,14488
72290,Miami,FL,25.9652,-79.86355,528,0.1093,22865
87381,Miami,FL,26.09655,-79.99664,528,0.0777,52384
13054,Miami,FL,25.91605,-80.63854,528,0.0733,48851
12038,Miami,FL,26.09889,-79.74508,528,0.09,75774
78101,Miami,FL,25.70949,-79.78312,528,0.1183,76667
70886,Miami,FL,25.48858,-80.17494,528,0.1,46722
17564,Miami,FL,25.64803,-80.18235,528,0.1063,31669
82203,Miami,FL,25.56138,-80.1892,528,0.1012,57390
57327,Miami,FL,25.90944,-80.47491,528,0.1029,38648
16585,Miami,FL,26.00474,-80.00849,528,0.118,70315
63437,Miami,FL,25.53577,-79.80875,528,0.1017,51674
72309,Miami,FL,25.57306,-80.27998,528,0.1136,36158
64253,Miami,FL,25.60031,-80.02831,528,0.1149,49416
93963,Miami,FL,25.58746,-80.31828,528,0.1164,29681
31646,Miami,FL,26.19669,-80.25284,528,0.1152,36029
84262,Miami,FL,25.6415,-80.62672,528,0.1039,47295
48267,Miami,FL,25.68037,-80.24808,528,0.1076,42546
31056,Miami,FL,25.61806,-80.21679,528,0.1143,26882
64919,Miami,FL,25.40359,-80.46447,528,0.125,8165
94332,Miami,FL,25.42973,-80.3368,528,0.0962,60073
38824,Miami,FL,25.69081,-80.35916,528,0.1297,26534
94427,Miami,FL,25.45372,-80.38896,528,0.1266,34662
44451,Miami,FL,25.34473,-80.48604,528,0.074,58078
26206,Miami,FL,25.4488,-79.93602,528,0.1016,17096
36601,Miami,FL,25.70728,-80.28407,528,0.1068,35959
03654,Miami,FL,25.66446,-80.47454,528,0.1181,51228
15952,Miami,FL,25.99682,-80.34214,528,0.1119,27196
28113,Miami,FL,25.33004,-80.03489,528,0.1077,41008
13888,Miami,FL,25.49187,-79.872,528,0.1258,33084
62773,Miami,FL,25.8391,-80.12462,528,0.0902,7270
75925,Miami,FL,25.6045,-80.06184,528,0.1072,69350
61322,Miami,FL,25.42181,-80.45027,528,0.0896,57084
48607,Miami,FL,25.32555,-80.43638,528,0.0908,54855
32507,Miami,FL,25.90019,-80.26166,528,0.0909,34031
50442,Miami,FL,25.88201,-80.17408,528,0.104,42315
36283,Miami,FL,25.73415,-79.99918,528,0.099,4284
08128,Miami,FL,25.90875,-80.22605,528,0.107,25462
79538,Miami,FL,26.06965,-80.14828,528,0.0942,16210
35078,Miami,FL,25.99458,-79.96865,528,0.1276,14420
41720,Miami,FL,25.72737,-80.45054,528,0.0708,14755
12925,Miami,FL,25.47714,-80.63747,528,0.0956,62211
38918,Miami,FL,26.13891,-80.32874,528,0.093,24680
14135,Miami,FL,25.77124,-80.19746,528,0.0932,73418
28462,Miami,FL,25.51013,-80.29302,528,0.1221,75803
74840,Miami,FL,25.55827,-79.95648,528,0.1082,50915
15994,Miami,FL,25.64113,-79.75598,528,0.1096,20529
44049,Miami,FL,25.9183,-80.53926,528,0.0805,5470
48298,Miami,FL,25.51173,-80.6385,528,0.1312,28413
59502,Denver,CO,39.61384,-105.20777,751,0.0538,62433
22574,Denver,CO,40.03792,-105.10285,751,0.0764,6269
50368,Denver,CO,39.48694,-104.57576,751,0.0743,8028
66146,Denver,CO,39.7804,-104.71953,751,0.0687,11343
85573,Denver,CO,39.44625,-105.27269,751,0.0795,68267
18847,Denver,CO,39.92112,-104.74693,751,0.0734,43654
39065,Denver,CO,39.78478,-105.31969,751,0.0663,17084
18663,Denver,CO,39.53556,-105.16939,751,0.055,77404
30123,Denver,CO,39.89388,-104.77161,751,0.0598,19051
99714,Denver,CO,40.05667,-104.99607,751,0.069,24014
08785,Denver,CO,39.87674,-105.34445,751,0.0715,6850
78587,Denver,CO,40.12972,-104.56545,751,0.0762,37571
10203,Denver,CO,39.44868,-104.69521,751,0.0678,4565
82081,Denver,CO,40.09044,-105.04428,751,0.0803,61996
70827,Denver,CO,39.50399,-105.27607,751,0.0595,46910
80073,Denver,CO,39.31263,-105.13738,751,0.0496,11956
03945,Denver,CO,39.85094,-105.33157,751,0.0533,40849
89026,Denver,CO,39.54007,-104.6122,751,0.0833,29356
58697,Denver,CO,39.83182,-104.56664,751,0.0691,3221
08722,Denver,CO,39.94815,-105.23541,751,0.0506,74873
64441,Denver,CO,39.8403,-104.66452,751,0.0527,73646
61818,Denver,CO,39.62822,-104.71457,751,0.0802,31395
36488,Denver,CO,39.95957,-104.69219,751,0.0569,42557
52917,Denver,CO,39.33024,-105.35482,751,0.0646,50762
61490,Denver,CO,39.74806,-104.98916,751,0.048,49284
53587,Denver,CO,39.47796,-105.12761,751,0.0763,55721
21488,Denver,CO,39.76138,-105.30162,751,0.0838,64344
67429,Denver,CO,39.47786,-104.58781,751,0.0732,35102
47307,Denver,CO,39.80318,-104.62956,751,0.0575,48191
84311,Denver,CO,39.39827,-105.18659,751,0.0707,31040
42382,Denver,CO,39.68284,-105.43859,751,0.079,35782
19068,Denver,CO,39.78613,-104.89894,751,0.0721,18942
92841,Denver,CO,39.98871,-105.17745,751,0.0816,59563
62220,Denver,CO,39.68221,-104.83429,751,0.0852,27285
14202,Denver,CO,39.42972,-105.28523,751,0.083,44149
29992,Denver,CO,39.86915,-105.04969,751,0.0581,15575
24981,Denver,CO,39.93892,-104.68359,751,0.0534,72979
26314,Denver,CO,39.6849,-104.98697,751,0.0805,4691
27115,Denver,CO,39.68908,-104.63972,751,0.0729,15858
71505,Denver,CO,39.68101,-104.67529,751,0.0865,32418
76083,Denver,CO,39.44396,-105.12822,751,0.0511,11050
85325,Denver,CO,39.43106,-105.16399,751,0.057,15751
08853,Denver,CO,40.04423,-104.65693,751,0.0489,35059
27979,Denver,CO,39.36486,-105.21289,751,0.0504,66640
24907,Denver,CO,39.51453,-105.17019,751,0.0655,51199
32805,Denver,CO,39.99884,-104.78985,751,0.0515,31789
02083,Denver,CO,39.3922,-104.76558,751,0.0651,66765
04025,Denver,CO,40.18542,-105.25219,751,0.0484,53384
54969,Denver,CO,39.87544,-104.96015,751,0.0559,57277
10528,Denver,CO,39.84605,-104.71308,751,0.077,59789
77661,Denver,CO,39.98093,-104.69256,751,0.066,25852
54257,Denver,CO,40.1043,-104.70154,751,0.0554,8936
74363,Denver,CO,39.48334,-104.58278,751,0.0832,75561
67665,Denver,CO,40.06746,-105.36843,751,0.0617,58979
02167,Denver,CO,39.30116,-104.87596,751,0.0723,27748
62603,Denver,CO,40.02526,-104.65303,751,0.0643,29314
19707,Denver,CO,39.86755,-104.84923,751,0.0733,5370
51063,Denver,CO,39.68666,-105.14781,751,0.0709,46634
09899,Denver,CO,39.40455,-104.83699,751,0.0584,41206
41072,Denver,CO,40.00515,-104.82071,751,0.0534,14519
96832,Denver,CO,39.86735,-104.54429,751,0.0589,50826
93381,Denver,CO,39.45092,-105.08484,751,0.0671,56886
17038,Denver,CO,39.39521,-105.02272,751,0.0665,60686
51213,Denver,CO,39.38525,-104.60731,751,0.0622,28697
43176,Denver,CO,39.7214,-104.79948,751,0.0621,70537
73899,Denver,CO,39.5401,-105.34172,751,0.0486,61346
35413,Denver,CO,40.07574,-105.25757,751,0.0646,38698
48370,Denver,CO,39.42658,-104.97298,751,0.064,38256
32203,Denver,CO,39.39972,-105.42531,751,0.0502,60740
87962,Denver,CO,40.11326,-105.1678,751,0.0705,10766
14414,Denver,CO,40.12092,-105.34203,751,0.059,5034
50213,Orlando,FL,28.41599,-81.11059,534,0.0693,6051
20807,Orlando,FL,28.54169,-81.25472,534,0.1094,74951
26491,Orlando,FL,28.63223,-81.76577,534,0.0804,57139
58816,Orlando,FL,28.31499,-81.61232,534,0.1107,8648
74831,Orlando,FL,28.75627,-81.74137,534,0.1165,56006
41018,Orlando,FL,28.62618,-81.05225,534,0.0699,10889
75992,Orlando,FL,28.7125,-81.30035,534,0.1042,38913
89819,Orlando,FL,28.5355,-81.66122,534,0.0885,39414
60819,Orlando,FL,28.61541,-81.56003,534,0.0796,69234
12214,Orlando,FL,28.17301,-81.36447,534,0.0832,50832
16065,Orlando,FL,28.37325,-81.07994,534,0.0805,42878
50004,Orlando,FL,28.31099,-81.00682,534,0.0927,34092
57914,Orlando,FL,28.93724,-81.59773,534,0.1094,29238
18684,Orlando,FL,28.98606,-81.24629,534,0.1091,75642
02996,Orlando,FL,28.15987,-81.05222,534,0.0741,36462
91420,Orlando,FL,28.64289,-81.65462,534,0.0899,15080
40369,Orlando,FL,28.6829,-81.73516,534,0.0907,71795
91090,Orlando,FL,28.46595,-81.02279,534,0.1173,53889
52255,Orlando,FL,28.70494,-81.65308,534,0.1012,76131
98051,Orlando,FL,28.96685,-81.57201,534,0.1007,54905
68557,Orlando,FL,28.44445,-81.47773,534,0.0722,69644
45256,Orlando,FL,28.98161,-81.41018,534,0.1107,34043
90525,Orlando,FL,28.75675,-81.18573,534,0.1162,49608
36084,Orlando,FL,28.8912,-81.41591,534,0.0828,50793
25111,Orlando,FL,28.84848,-81.22668,534,0.0738,22904
75448,Orlando,FL,28.56538,-81.39863,534,0.1121,71262
21288,Orlando,FL,28.21747,-81.33339,534,0.1185,45634
38828,Orlando,FL,28.36066,-81.58845,534,0.0862,4084
58088,Orlando,FL,28.28623,-81.40949,534,0.0887,51673
01056,Orlando,FL,28.17283,-80.97834,534,0.0867,34022
04184,Orlando,FL,28.6225,-81.41339,534,0.0876,68565
12832,Orlando,FL,28.30986,-81.57114,534,0.1179,51289
76223,Orlando,FL,28.9788,-81.03118,534,0.0713,5256
83401,Orlando,FL,28.72821,-81.10057,534,0.1028,74561
20199,Orlando,FL,28.81987,-81.69026,534,0.0942,37345
46315,Orlando,FL,28.44755,-81.65704,534,0.1035,77619
87985,Orlando,FL,28.65371,-81.28993,534,0.1153,40466
75286,Orlando,FL,28.7029,-81.78653,534,0.0921,68932
14385,Orlando,FL,28.12263,-81.60042,534,0.1054,36605
87837,Orlando,FL,28.33498,-81.44215,534,0.0933,61413
62223,Orlando,FL,28.77198,-81.54326,534,0.0705,25471
15859,Orlando,FL,28.31171,-81.21388,534,0.1137,19232
18792,Orlando,FL,28.27648,-81.22849,534,0.0748,46187
96375,Orlando,FL,28.48936,-81.1154,534,0.0993,25232
08585,Orlando,FL,28.24534,-81.76079,534,0.0894,4837
64013,Orlando,FL,28.75723,-81.37543,534,0.0692,32906
19123,Orlando,FL,28.79009,-81.30154,534,0.0775,42455
83628,Orlando,FL,28.53063,-81.47363,534,0.1,68738
02224,Orlando,FL,28.37901,-81.28307,534,0.1194,29050
30035,Orlando,FL,28.39039,-81.81836,534,0.0696,9769
56428,Orlando,FL,28.86112,-81.38831,534,0.0916,51471
13935,Orlando,FL,28.61558,-81.30683,534,0.0651,52769
83323,Orlando,FL,28.32379,-81.27056,534,0.068,73580
70075,Orlando,FL,28.42631,-81.38642,534,0.0867,15892
66279,Orlando,FL,28.74665,-81.10888,534,0.0974,17677
96911,Orlando,FL,28.62753,-81.0453,534,0.1189,42366
06999,Orlando,FL,28.63338,-81.45006,534,0.0973,2866
63201,Orlando,FL,28.89392,-81.60644,534,0.0962,52161
14566,Orlando,FL,28.35467,-81.14408,534,0.0984,45991
41229,Orlando,FL,28.57702,-80.99369,534,0.0957,76691
87490,Orlando,FL,28.11452,-81.41522,534,0.0949,21670
82697,Orlando,FL,28.7486,-81.55564,534,0.1142,8415
93400,Orlando,FL,28.34887,-81.22958,534,0.0726,10318
33027,Orlando,FL,28.1161,-81.24583,534,0.1086,33707
97043,Orlando,FL,28.4314,-81.62543,534,0.1033,71809
80379,Orlando,FL,28.78103,-81.27611,534,0.0722,15736
33402,Orlando,FL,28.48371,-81.03152,534,0.1169,22625
59761,Orlando,FL,28.24578,-81.32652,534,0.1071,51087
03440,Orlando,FL,28.56339,-81.11272,534,0.0673,18514
22388,Orlando,FL,28.84279,-81.82835,534,0.1105,10921
43784,Orlando,FL,28.38486,-81.68899,534,0.0718,42293
72014,Orlando,FL,28.71898,-81.30683,534,0.0711,62735
67493,Orlando,FL,28.76412,-81.39072,534,0.1106,18325
29413,Orlando,FL,28.88687,-81.69075,534,0.0814,2631
08110,Orlando,FL,28.8689,-81.08575,534,0.0698,26346
58414,Cleveland,OH,41.61966,-81.39514,510,0.0929,45462
17960,Cleveland,OH,41.87818,-81.86222,510,0.0799,21540
89668,Cleveland,OH,41.55949,-81.89633,510,0.0613,73644
25047,Cleveland,OH,41.17111,-81.37081,510,0.0888,34256
92054,Cleveland,OH,41.67681,-81.53852,510,0.0557,42642
01828,Cleveland,OH,41.325,-82.05605,510,0.0626,63671
71830,Cleveland,OH,41.19294,-82.04854,510,0.0655,26074
22216,Cleveland,OH,41.23593,-81.30496,510,0.0507,55090
11940,Cleveland,OH,41.16243,-81.73605,510,0.0527,56133
83035,Cleveland,OH,41.45393,-82.11643,510,0.0651,34226
78034,Cleveland,OH,41.75912,-81.50159,510,0.0843,72194
48466,Cleveland,OH,41.67875,-82.0299,510,0.067,40896
55866,Cleveland,OH,41.30327,-81.47913,510,0.0597,45144
59241,Cleveland,OH,41.30347,-81.36678,510,0.078,65496
40805,Cleveland,OH,41.39116,-81.31495,510,0.091,61436
09212,Cleveland,OH,41.55945,-81.36814,510,0.0615,36399
52782,Cleveland,OH,41.14211,-81.69262,510,0.0836,23018
67998,Cleveland,OH,41.4385,-81.25282,510,0.0712,52619
45953,Cleveland,OH,41.38779,-82.03324,510,0.0779,13547
52432,Cleveland,OH,41.64337,-81.86746,510,0.0726,40218
43532,Cleveland,OH,41.4507,-81.72307,510,0.0898,65155
81226,Cleveland,OH,41.91724,-82.01936,510,0.0902,68072
03079,Cleveland,OH,41.42131,-81.2526,510,0.0515,72787
66141,Cleveland,OH,41.3861,-81.39857,510,0.0596,5145
62401,Cleveland,OH,41.94533,-81.4888,510,0.0806,14655
12666,Cleveland,OH,41.62255,-81.25133,510,0.0638,29080
55354,Cleveland,OH,41.38374,-81.5486,510,0.08,62056
83998,Cleveland,OH,41.4393,-81.79417,510,0.0602,42936
69007,Cleveland,OH,41.15268,-81.47004,510,0.0832,56714
87660,Cleveland,OH,41.36521,-81.76811,510,0.0578,68985
72140,Cleveland,OH,41.94072,-81.84785,510,0.0671,67194
96857,Cleveland,OH,41.45095,-81.26303,510,0.0747,29631
87711,Cleveland,OH,41.09762,-82.00115,510,0.0653,12813
29248,Cleveland,OH,41.26205,-81.44214,510,0.0695,72952
54653,Cleveland,OH,41.52892,-82.1061,510,0.0533,29648
91323,Cleveland,OH,41.13246,-82.00687,510,0.0732,42075
48379,Cleveland,OH,41.10954,-81.64641,510,0.0787,31910
17296,Cleveland,OH,41.08876,-81.70602,510,0.0519,55324
82989,Cleveland,OH,41.70348,-81.81019,510,0.0929,37495
25371,Cleveland,OH,41.47026,-82.00101,510,0.0833,48056
18588,Cleveland,OH,41.58556,-81.55576,510,0.0674,76136
09539,Cleveland,OH,41.22088,-81.26801,510,0.0794,72292
31956,Cleveland,OH,41.62416,-82.05426,510,0.0648,32732
82193,Cleveland,OH,41.8081,-82.1328,510,0.0696,58989
83897,Cleveland,OH,41.69624,-81.87304,510,0.0604,31391
40146,Cleveland,OH,41.2369,-81.57416,510,0.0746,65108
76108,Cleveland,OH,41.36979,-81.51735,510,0.0902,13375
02306,Cleveland,OH,41.56709,-81.46734,510,0.0759,53391
83625,Cleveland,OH,41.74218,-81.86087,510,0.0594,74632
79389,Cleveland,OH,41.72938,-81.704,510,0.052,31088
43754,Cleveland,OH,41.47394,-82.14391,510,0.0616,20448
84421,Cleveland,OH,41.73156,-81.4229,510,0.0774,29500
38364,Cleveland,OH,41.53092,-81.60632,510,0.0819,28417
41730,Cleveland,OH,41.40764,-82.12421,510,0.0632,27816
76707,Cleveland,OH,41.18138,-81.77186,510,0.0627,51451
99464,Cleveland,OH,41.57935,-81.2773,510,0.0635,70001
55196,Cleveland,OH,41.29234,-81.34873,510,0.0909,39642
99291,Cleveland,OH,41.66008,-81.3158,510,0.0652,4221
30132,Cleveland,OH,41.3464,-81.85548,510,0.059,58895
45854,Cleveland,OH,41.0708,-81.3922,510,0.0637,4276
68225,Cleveland,OH,41.85902,-81.89932,510,0.0596,17795
84616,Cleveland,OH,41.3798,-82.0368,510,0.0582,35278
12366,Cleveland,OH,41.5698,-81.74284,510,0.0636,71435
68806,Cleveland,OH,41.74602,-81.49276,510,0.0652,36864
74632,Cleveland,OH,41.21273,-81.69545,510,0.0898,34513
34819,Cleveland,OH,41.5968,-82.05563,510,0.0904,34861
05405,Cleveland,OH,41.22664,-81.6733,510,0.056,67275
46947,Cleveland,OH,41.8241,-81.80828,510,0.0529,32728
56736,Cleveland,OH,41.51523,-81.71584,510,0.0523,47544
06398,Cleveland,OH,41.12626,-81.83006,510,0.0714,69756
70239,Cleveland,OH,41.84845,-81.2861,510,0.0777,70250
82658,Cleveland,OH,41.18305,-81.80598,510,0.0635,46326
62635,Cleveland,OH,41.1204,-81.71362,510,0.0843,29657
46072,Cleveland,OH,41.06728,-81.70213,510,0.0715,28585
66880,Sacramento,CA,38.9787,-121.83876,862,0.0798,31887
79746,Sacramento,CA,38.81972,-121.64109,862,0.0521,27462
74232,Sacramento,CA,38.78251,-121.65874,862,0.0733,56316
14666,Sacramento,CA,38.80727,-121.90538,862,0.0832,52890
61672,Sacramento,CA,38.55602,-121.21328,862,0.0581,73950
04306,Sacramento,CA,38.3004,-121.78456,862,0.0543,47623
89776,Sacramento,CA,38.65505,-121.77501,862,0.075,10825
88726,Sacramento,CA,38.2058,-121.3107,862,0.075,19069
03071,Sacramento,CA,38.60567,-121.505,862,0.0835,35677
37073,Sacramento,CA,38.95606,-121.57496,862,0.0686,71732
06391,Sacramento,CA,38.37537,-121.52922,862,0.0544,30011
32866,Sacramento,CA,38.26345,-121.13646,862,0.0725,37842
18193,Sacramento,CA,38.56965,-121.61873,862,0.0818,59482
55938,Sacramento,CA,38.75925,-121.48896,862,0.0853,67826
77611,Sacramento,CA,38.88869,-121.28586,862,0.0479,20330
65616,Sacramento,CA,38.82561,-121.78695,862,0.077,55448
18231,Sacramento,CA,38.58481,-121.10636,862,0.0572,13641
32353,Sacramento,CA,38.23533,-121.10972,862,0.0606,15339
68039,Sacramento,CA,38.61298,-121.77958,862,0.0667,20521
03175,Sacramento,CA,38.21465,-121.7362,862,0.0552,8670
55809,Sacramento,CA,38.29476,-121.86108,862,0.0651,30149
54473,Sacramento,CA,38.40306,-121.2882,862,0.0544,75224
90304,Sacramento,CA,38.6674,-121.2464,862,0.0528,47599
73822,Sacramento,CA,38.87344,-121.2203,862,0.0849,18007
96918,Sacramento,CA,38.32075,-121.84843,862,0.0749,46315
85949,Sacramento,CA,38.59968,-121.09493,862,0.0691,21941
90660,Sacramento,CA,38.71505,-121.354,862,0.0695,67237
76700,Sacramento,CA,38.81277,-121.42908,862,0.0513,58318
56225,Sacramento,CA,38.19185,-121.72826,862,0.0668,70305
52267,Sacramento,CA,38.26427,-121.70929,862,0.058,14340
58751,Sacramento,CA,38.14684,-121.29506,862,0.0619,61338
23938,Sacramento,CA,38.66423,-121.6141,862,0.0557,4512
20836,Sacramento,CA,38.91802,-121.0993,862,0.0575,63477
89287,Sacramento,CA,38.42305,-121.89189,862,0.0815,34096
59762,Sacramento,CA,38.36094,-121.31603,862,0.0778,64058
59240,Sacramento,CA,38.48031,-121.73422,862,0.0778,50397
15991,Sacramento,CA,38.44617,-121.2087,862,0.0741,62692
20021,Sacramento,CA,39.0029,-121.56224,862,0.0547,60837
88249,Sacramento,CA,38.65357,-121.23503,862,0.0833,19586
14066,Sacramento,CA,38.75793,-121.93733,862,0.0624,68477
95124,Sacramento,CA,38.78884,-121.83483,862,0.0553,47407
29491,Sacramento,CA,38.64723,-121.65213,862,0.0636,26326
96425,Sacramento,CA,38.77971,-121.64682,862,0.0836,11056
43921,Sacramento,CA,38.91645,-121.92737,862,0.0561,25462
84646,Sacramento,CA,38.58181,-121.18569,862,0.0639,44710
74464,Sacramento,CA,38.31635,-121.1671,862,0.0674,22008
68538,Sacramento,CA,38.37231,-121.12345,862,0.0733,61044
96128,Sacramento,CA,38.27202,-121.7086,862,0.0636,24181
77998,Sacramento,CA,38.30473,-121.82587,862,0.0547,46048
23732,Sacramento,CA,38.48719,-121.26072,862,0.0622,64770
52962,Sacramento,CA,38.27089,-121.6158,862,0.0481,35352
24109,Sacramento,CA,39.01164,-121.47158,862,0.0732,52481
36593,Sacramento,CA,38.87493,-121.82872,862,0.0824,62889
68220,Sacramento,CA,38.6056,-121.75822,862,0.0532,46573
90327,Sacramento,CA,38.82448,-121.70574,862,0.0729,59271
25439,Sacramento,CA,38.19365,-121.7105,862,0.0546,41405
73093,Sacramento,CA,38.58103,-121.40599,862,0.0852,39215
46395,Sacramento,CA,38.74104,-121.31718,862,0.0484,76666
86711,Sacramento,CA,38.72398,-121.42901,862,0.0471,76729
34828,Sacramento,CA,38.91077,-121.87408,862,0.0711,58821
26258,Sacramento,CA,38.34953,-121.06085,862,0.076,47226
60558,Sacramento,CA,38.17298,-121.06068,862,0.0563,17871
53119,Sacramento,CA,38.71936,-121.62362,862,0.0814,41438
93962,Sacramento,CA,38.2223,-121.76542,862,0.0781,44961
37976,Sacramento,CA,38.37831,-121.39532,862,0.0555,8187
12125,Sacramento,CA,38.68275,-121.62947,862,0.0536,59648
45527,Sacramento,CA,38.96928,-121.72143,862,0.0527,70153
39699,St. Louis,MO,38.33866,-89.86264,609,0.0575,25319
05022,St. Louis,MO,38.39459,-90.18697,609,0.0739,75063
96289,St. Louis,MO,38.55447,-90.1272,609,0.0599,51308
12290,St. Louis,MO,38.19362,-90.36321,609,0.0589,10365
25069,St. Louis,MO,38.29294,-90.38448,609,0.0908,16715
67388,St. Louis,MO,38.79478,-89.93476,609,0.0709,22854
72110,St. Louis,MO,38.7701,-90.36212,609,0.0585,24088
59371,St. Louis,MO,38.53924,-90.53519,609,0.0698,74775
43476,St. Louis,MO,38.6739,-90.28603,609,0.0885,14013
70375,St. Louis,MO,38.47382,-89.80939,609,0.0914,14908
99472,St. Louis,MO,38.65917,-89.9406,609,0.0783,17908
75372,St. Louis,MO,38.40684,-90.56171,609,0.0919,44709
54411,St. Louis,MO,38.19401,-90.56129,609,0.0606,57746
35080,St. Louis,MO,38.46259,-90.51849,609,0.0868,18880
49702,St. Louis,MO,38.48969,-90.0631,609,0.0941,62380
61377,St. Louis,MO,38.76432,-90.61006,609,0.0662,69772
14275,St. Louis,MO,38.84803,-89.85495,609,0.0684,72051
53913,St. Louis,MO,38.79236,-90.32892,609,0.0774,50014
59905,St. Louis,MO,38.42338,-89.85293,609,0.0885,42498
83368,St. Louis,MO,38.25323,-90.47382,609,0.0959,7639
06275,St. Louis,MO,38.90599,-90.17337,609,0.0774,73215
24671,St. Louis,MO,38.54623,-90.14783,609,0.0565,35161
14489,St. Louis,MO,38.78898,-89.79108,609,0.0724,2655
32219,St. Louis,MO,38.22353,-90.63982,609,0.0632,22509
50469,St. Louis,MO,38.65513,-89.95608,609,0.0595,71637
98971,St. Louis,MO,38.69555,-89.77782,609,0.0889,3112
31417,St. Louis,MO,38.78937,-90.37562,609,0.0854,66300
05566,St. Louis,MO,38.50447,-89.85599,609,0.0833,61566
17937,St. Louis,MO,38.68346,-89.92501,609,0.0763,3445
94304,St. Louis,MO,38.98453,-90.00669,609,0.0745,74624
20506,St. Louis,MO,38.18506,-90.21912,609,0.0898,54646
49878,St. Louis,MO,38.68719,-90.62464,609,0.0747,18641
62475,St. Louis,MO,38.24571,-90.13644,609,0.067,36723
86839,St. Louis,MO,38.57985,-90.57905,609,0.0934,75723
59254,St. Louis,MO,38.69905,-90.17212,609,0.0768,66256
96252,St. Louis,MO,38.37261,-90.26161,609,0.0711,69307
46296,St. Louis,MO,38.81804,-90.16137,609,0.0939,29839
32271,St. Louis,MO,38.37647,-90.44976,609,0.0536,38370
38542,St. Louis,MO,38.22785,-90.17407,609,0.066,76038
52069,St. Louis,MO,38.71462,-90.37953,609,0.0856,24766
62749,St. Louis,MO,38.58589,-89.87816,609,0.0706,15283
62081,St. Louis,MO,39.02956,-90.35897,609,0.0811,68941
04619,St. Louis,MO,38.94522,-89.91491,609,0.0745,25534
31276,St. Louis,MO,38.42101,-89.98554,609,0.0968,17081
44090,St. Louis,MO,38.18263,-90.33144,609,0.0682,17222
45310,St. Louis,MO,38.47424,-90.00358,609,0.0892,21135
24048,St. Louis,MO,38.88865,-90.62858,609,0.0906,10763
61519,St. Louis,MO,38.66562,-89.98966,609,0.0968,68281
14617,St. Louis,MO,38.17894,-90.45529,609,0.0709,36313
44422,St. Louis,MO,38.40513,-90.62641,609,0.0951,37075
92256,St. Louis,MO,38.68158,-90.32486,609,0.0785,52632
76455,St. Louis,MO,38.40806,-89.91052,609,0.0533,57076
04214,St. Louis,MO,39.02672,-90.42028,609,0.069,10197
32015,St. Louis,MO,38.67361,-90.1732,609,0.0731,46841
10373,St. Louis,MO,38.65614,-90.4201,609,0.0569,12722
98273,St. Louis,MO,39.07497,-89.92969,609,0.0731,33447
24414,St. Louis,MO,39.01075,-90.17013,609,0.0649,70464
45582,St. Louis,MO,39.06021,-89.99218,609,0.0826,35380
54597,St. Louis,MO,38.73436,-90.13279,609,0.0894,13629
04226,St. Louis,MO,38.66532,-89.87804,609,0.0551,60088
46036,St. Louis,MO,38.34356,-90.27898,609,0.0791,58733
26237,St. Louis,MO,38.17963,-90.56625,609,0.0846,19782
17779,St. Louis,MO,38.40692,-89.92261,609,0.0913,25371
94660,St. Louis,MO,38.18167,-89.97057,609,0.0795,50276
42941,St. Louis,MO,38.19367,-90.26105,609,0.0632,16376
60135,St. Louis,MO,38.36542,-90.58186,609,0.0838,16611
30224,Portland OR,OR,45.15412,-122.60216,820,0.0468,59499
42401,Portland OR,OR,45.96061,-122.28734,820,0.0718,64233
92789,Portland OR,OR,45.20695,-122.78602,820,0.0591,72661
14309,Portland OR,OR,45.67675,-123.04134,820,0.0632,67254
14780,Portland OR,OR,45.13115,-122.91202,820,0.0718,19317
12005,Portland OR,OR,45.61588,-122.44598,820,0.06,64432
50473,Portland OR,OR,45.68234,-122.57996,820,0.0582,26891
61770,Portland OR,OR,45.32424,-123.04269,820,0.0647,75478
21941,Portland OR,OR,45.3609,-122.92794,820,0.0658,33538
33479,Portland OR,OR,45.46637,-122.39271,820,0.0741,68502
58227,Portland OR,OR,45.5502,-122.41921,820,0.0479,32355
46289,Portland OR,OR,45.81599,-122.8304,820,0.0453,17945
63455,Portland OR,OR,45.22742,-122.71233,820,0.0781,63924
01198,Portland OR,OR,45.42808,-122.60672,820,0.0618,27131
04544,Portland OR,OR,45.951,-122.28278,820,0.0473,47603
55213,Portland OR,OR,45.35801,-122.93988,820,0.0665,27757
72025,Portland OR,OR,45.904,-122.94673,820,0.0757,35212
43038,Portland OR,OR,45.73501,-122.3675,820,0.0448,41696
02802,Portland OR,OR,45.6138,-122.40047,820,0.0467,53690
69700,Portland OR,OR,45.81727,-122.45691,820,0.0557,4668
84209,Portland OR,OR,45.72736,-122.49825,820,0.0479,7121
21670,Portland OR,OR,45.81299,-122.52267,820,0.0658,43489
75860,Portland OR,OR,45.30559,-122.29963,820,0.0622,5093
38675,Portland OR,OR,45.37164,-122.8144,820,0.0452,12013
58909,Portland OR,OR,45.79847,-123.12458,820,0.058,17126
96133,Portland OR,OR,45.49681,-122.37484,820,0.046,18337
36244,Portland OR,OR,45.07724,-123.04483,820,0.0735,70151
31752,Portland OR,OR,45.42136,-122.92895,820,0.0678,2749
91227,Portland OR,OR,45.94978,-122.75489,820,0.0709,76940
77154,Portland OR,OR,45.21402,-122.65189,820,0.0659,3543
11760,Portland OR,OR,45.22379,-122.91885,820,0.0491,47265
52304,Portland OR,OR,45.95487,-123.07413,820,0.0586,19289
66585,Portland OR,OR,45.9629,-122.68189,820,0.0684,70674
01929,Portland OR,OR,45.75568,-122.82549,820,0.0578,61541
31444,Portland OR,OR,45.34354,-122.36497,820,0.0697,77636
31099,Portland OR,OR,45.43251,-122.6181,820,0.0455,15227
14857,Portland OR,OR,45.34539,-123.01741,820,0.0445,13975
96862,Portland OR,OR,45.68963,-123.09955,820,0.044,18906
82159,Portland OR,OR,45.54153,-122.56967,820,0.0581,33837
36256,Portland OR,OR,45.37608,-122.5506,820,0.0551,62433
23553,Portland OR,OR,45.46898,-122.26224,820,0.0598,42116
29567,Portland OR,OR,45.55127,-122.69479,820,0.076,74926
49024,Portland OR,OR,45.64981,-122.46798,820,0.0625,19106
10636,Portland OR,OR,45.16589,-122.92835,820,0.0668,19675
03618,Portland OR,OR,45.21009,-122.98412,820,0.0625,50422
51094,Portland OR,OR,45.80252,-122.69309,820,0.0725,34450
43498,Portland OR,OR,45.18656,-122.89149,820,0.0547,21759
03511,Portland OR,OR,45.51991,-122.85063,820,0.0645,2871
86246,Portland OR,OR,45.27515,-122.31788,820,0.0594,29412
64461,Portland OR,OR,45.86752,-123.01843,820,0.061,76064
16377,Portland OR,OR,45.06989,-122.96261,820,0.0625,27370
83374,Portland OR,OR,45.6073,-122.40039,820,0.0621,4616
26651,Portland OR,OR,45.81901,-122.35005,820,0.0758,12462
16142,Portland OR,OR,45.21985,-122.81677,820,0.05,52498
37473,Portland OR,OR,45.90765,-122.89433,820,0.0637,57080
31628,Portland OR,OR,45.29298,-122.75856,820,0.0582,72000
25158,Portland OR,OR,45.2117,-122.3509,820,0.0482,21122
92187,Pittsburgh,PA,40.66779,-80.25712,508,0.0704,24703
28108,Pittsburgh,PA,40.20821,-80.31364,508,0.0515,48408
92008,Pittsburgh,PA,40.78842,-79.85538,508,0.0519,31209
09357,Pittsburgh,PA,40.52302,-79.96913,508,0.0494,14814
76310,Pittsburgh,PA,40.49997,-79.90483,508,0.0516,50987
32504,Pittsburgh,PA,40.83227,-80.06693,508,0.0882,51542
96741,Pittsburgh,PA,40.34664,-80.06503,508,0.0707,23767
90333,Pittsburgh,PA,40.4754,-79.80073,508,0.0747,8376
40210,Pittsburgh,PA,40.6746,-80.25112,508,0.0718,60109
31309,Pittsburgh,PA,40.37822,-80.02347,508,0.0788,11946
65136,Pittsburgh,PA,40.69821,-80.07424,508,0.0594,42034
58290,Pittsburgh,PA,40.71055,-80.20841,508,0.076,67448
92237,Pittsburgh,PA,40.83699,-80.04355,508,0.0631,5892
86660,Pittsburgh,PA,40.41373,-79.96668,508,0.0611,16293
65151,Pittsburgh,PA,40.42621,-80.38239,508,0.0554,60692
46632,Pittsburgh,PA,40.42084,-80.19654,508,0.0623,20004
61113,Pittsburgh,PA,40.00717,-79.94243,508,0.0885,39369
20699,Pittsburgh,PA,40.30718,-80.15843,508,0.079,67147
80288,Pittsburgh,PA,40.70695,-80.4412,508,0.0538,29520
49352,Pittsburgh,PA,40.19299,-80.14814,508,0.0537,76454
58570,Pittsburgh,PA,40.51624,-79.97848,508,0.05,33410
44832,Pittsburgh,PA,40.61166,-79.79758,508,0.0542,76501
09736,Pittsburgh,PA,40.80065,-80.16839,508,0.0655,66724
38177,Pittsburgh,PA,40.32892,-79.99162,508,0.0567,70197
31481,Pittsburgh,PA,40.19098,-80.20206,508,0.0685,74277
16149,Pittsburgh,PA,40.84315,-80.02368,508,0.0841,56807
67261,Pittsburgh,PA,40.69535,-79.80446,508,0.0811,17869
14172,Pittsburgh,PA,40.3119,-79.71313,508,0.0678,65146
49298,Pittsburgh,PA,40.22263,-80.31029,508,0.0689,9028
22500,Pittsburgh,PA,40.619,-80.26461,508,0.0689,22271
30426,Pittsburgh,PA,40.42287,-80.02417,508,0.0528,37030
95715,Pittsburgh,PA,40.82025,-79.7947,508,0.0694,39761
14929,Pittsburgh,PA,40.84903,-79.91075,508,0.0504,24085
32477,Pittsburgh,PA,40.57061,-79.89134,508,0.0862,62821
18523,Pittsburgh,PA,40.41361,-80.31909,508,0.078,72951
46183,Pittsburgh,PA,40.26866,-79.69566,508,0.0872,44101
61796,Pittsburgh,PA,40.05264,-80.09616,508,0.0669,36136
98490,Pittsburgh,PA,40.77675,-80.34382,508,0.0585,30887
60089,Pittsburgh,PA,40.14091,-80.1633,508,0.0617,52152
24794,Pittsburgh,PA,40.15804,-80.19437,508,0.0891,4036
81087,Pittsburgh,PA,40.42543,-80.38721,508,0.0517,23506
30275,Pittsburgh,PA,40.65692,-80.35183,508,0.058,44903
12306,Pittsburgh,PA,40.57796,-79.75073,508,0.0882,70773
47505,Pittsburgh,PA,40.07868,-79.8182,508,0.0822,18888
71699,Pittsburgh,PA,40.44829,-80.0195,508,0.0792,45416
13288,Pittsburgh,PA,40.73798,-79.82368,508,0.0533,16410
45228,Pittsburgh,PA,40.03775,-80.20882,508,0.0747,8648
44589,Pittsburgh,PA,40.76861,-80.33395,508,0.0811,64457
32895,Pittsburgh,PA,40.52971,-80.3394,508,0.0572,19496
81017,Pittsburgh,PA,40.11131,-79.75447,508,0.0769,3783
11132,Pittsburgh,PA,40.86604,-80.20995,508,0.0592,17095
13299,Pittsburgh,PA,40.7042,-79.63884,508,0.0716,3271
24777,Pittsburgh,PA,40.53656,-79.89351,508,0.0802,70293
05821,Pittsburgh,PA,40.09313,-80.24556,508,0.0753,12920
98056,Pittsburgh,PA,40.08675,-80.22012,508,0.0813,74129
53290,Pittsburgh,PA,40.3118,-79.57846,508,0.0724,33777
10162,Pittsburgh,PA,40.49952,-79.676,508,0.0636,59455
61767,Pittsburgh,PA,40.51026,-79.55742,508,0.0747,26246
07870,Pittsburgh,PA,40.51444,-80.15671,508,0.0679,22211
03651,Pittsburgh,PA,40.77286,-80.21094,508,0.0704,67829
62246,Pittsburgh,PA,40.81138,-80.36248,508,0.053,19638
67854,Pittsburgh,PA,40.0168,-79.66568,508,0.0642,67978
32413,Pittsburgh,PA,40.31058,-80.21762,508,0.0829,51161
33506,Pittsburgh,PA,40.26902,-79.91797,508,0.0741,5918
90006,Pittsburgh,PA,40.2605,-79.89056,508,0.0592,41571
21998,Pittsburgh,PA,40.33084,-80.23926,508,0.052,62805
14532,Charlotte,NC,34.88244,-80.82859,517,0.1045,42158
84880,Charlotte,NC,35.3589,-80.85302,517,0.0852,57680
62457,Charlotte,NC,34.79311,-80.97647,517,0.0618,9518
64928,Charlotte,NC,35.13092,-81.00357,517,0.1098,13821
82731,Charlotte,NC,34.79461,-80.8005,517,0.0787,35236
22007,Charlotte,NC,34.85566,-81.26552,517,0.0964,15853
86516,Charlotte,NC,35.33554,-81.25413,517,0.08,70718
03357,Charlotte,NC,35.31881,-81.25333,517,0.0666,14181
72427,Charlotte,NC,35.4751,-81.11984,517,0.1035,13978
36214,Charlotte,NC,35.19422,-80.56382,517,0.0778,21357
24909,Charlotte,NC,35.5562,-80.65897,517,0.0606,10837
74039,Charlotte,NC,35.53869,-80.59455,517,0.0829,16285
80730,Charlotte,NC,35.29547,-81.12958,517,0.0773,22063
61795,Charlotte,NC,35.41682,-80.48655,517,0.1041,30820
19670,Charlotte,NC,35.46838,-81.22511,517,0.105,73662
50628,Charlotte,NC,35.61966,-80.85028,517,0.0644,25204
71679,Charlotte,NC,35.43446,-81.16433,517,0.0881,35999
87806,Charlotte,NC,35.04635,-81.09327,517,0.0893,57600
41257,Charlotte,NC,35.42036,-81.08751,517,0.0683,65936
48632,Charlotte,NC,35.3693,-81.2331,517,0.0742,10283
36014,Charlotte,NC,35.56468,-80.72015,517,0.0657,14946
64732,Charlotte,NC,34.91117,-80.39502,517,0.0767,58656
64220,Charlotte,NC,35.49804,-81.1059,517,0.0903,12123
92161,Charlotte,NC,35.20094,-80.69638,517,0.0753,17547
75476,Charlotte,NC,35.51326,-80.54164,517,0.0842,19348
51335,Charlotte,NC,35.63023,-80.70271,517,0.0951,52654
06171,Charlotte,NC,35.00801,-80.83514,517,0.0639,50944
21738,Charlotte,NC,35.21718,-81.07513,517,0.0828,17420
86340,Charlotte,NC,34.91959,-80.40729,517,0.0939,41149
72112,Charlotte,NC,35.52775,-80.53233,517,0.0717,4002
54830,Charlotte,NC,35.10954,-80.7936,517,0.0996,77407
90866,Charlotte,NC,35.01697,-80.90122,517,0.0865,61388
10150,Charlotte,NC,34.82475,-81.22791,517,0.0677,10582
66189,Charlotte,NC,35.3808,-80.53631,517,0.1016,10492
45693,Charlotte,NC,34.79747,-80.73122,517,0.0962,47028
37252,Charlotte,NC,35.3205,-81.11062,517,0.0653,40593
10771,Charlotte,NC,35.26346,-81.18317,517,0.0841,34307
48688,Charlotte,NC,35.63595,-80.52379,517,0.1049,34579
10022,Charlotte,NC,35.39054,-80.66983,517,0.0712,58239
41681,Charlotte,NC,35.32475,-80.81888,517,0.105,73970
43806,Charlotte,NC,34.96731,-80.58493,517,0.0889,12238
65513,Charlotte,NC,34.84535,-80.48434,517,0.079,64463
02851,Charlotte,NC,34.95263,-80.72149,517,0.0634,76052
68351,Charlotte,NC,35.442,-81.15141,517,0.0994,50971
18723,Charlotte,NC,35.62971,-80.64807,517,0.0885,75603
24384,Charlotte,NC,35.55789,-81.23098,517,0.085,28708
39100,Charlotte,NC,35.21036,-80.80868,517,0.0629,63181
43956,Charlotte,NC,35.43287,-80.77248,517,0.0692,53389
48890,Charlotte,NC,35.54652,-80.81348,517,0.0927,60161
72708,Charlotte,NC,35.19125,-80.43166,517,0.0745,71367
91500,Charlotte,NC,35.20781,-81.1661,517,0.0677,68912
12188,Charlotte,NC,35.49592,-80.90422,517,0.0632,20524
93349,Charlotte,NC,34.81777,-80.70838,517,0.0677,36623
66860,Charlotte,NC,35.15648,-80.61323,517,0.0827,57326
43839,Charlotte,NC,35.13924,-80.82442,517,0.0747,69814
25955,Charlotte,NC,35.41046,-80.59013,517,0.1078,27844
95552,Charlotte,NC,35.08964,-80.98084,517,0.1029,26287
40338,Charlotte,NC,35.6038,-81.09978,517,0.0879,18283
37823,Charlotte,NC,35.58322,-80.85042,517,0.093,45787
39209,Charlotte,NC,34.97843,-80.76763,517,0.0785,58740
56293,Charlotte,NC,34.8544,-81.19209,517,0.0678,26595
81337,Charlotte,NC,34.94216,-80.69731,517,0.0778,33165
24977,Charlotte,NC,35.19397,-80.66252,517,0.0987,35439
11989,Charlotte,NC,35.5064,-80.68503,517,0.0823,73792
58793,Charlotte,NC,35.44295,-80.52925,517,0.0847,51449
16332,Charlotte,NC,35.35213,-81.21356,517,0.1001,51405
41764,Charlotte,NC,35.11193,-80.83149,517,0.0732,30008
17854,Charlotte,NC,34.83516,-80.49766,517,0.0725,51608
60747,Raleigh-Durham,NC,36.17969,-78.33384,560,0.0579,19488
26160,Raleigh-Durham,NC,36.20793,-78.3018,560,0.0866,43594
58190,Raleigh-Durham,NC,35.45367,-78.56522,560,0.0891,67155
37015,Raleigh-Durham,NC,35.51175,-78.83525,560,0.0775,41030
76600,Raleigh-Durham,NC,35.91618,-79.05068,560,0.0603,22937
73734,Raleigh-Durham,NC,36.02256,-79.03715,560,0.0643,71051
86463,Raleigh-Durham,NC,35.51243,-78.92135,560,0.0715,8866
29435,Raleigh-Durham,NC,35.90016,-79.05932,560,0.0607,73635
66130,Raleigh-Durham,NC,35.65234,-78.62534,560,0.0723,53770
93229,Raleigh-Durham,NC,35.83096,-78.70991,560,0.0813,8179
51636,Raleigh-Durham,NC,36.12422,-78.56656,560,0.0736,39776
25517,Raleigh-Durham,NC,36.02507,-78.49619,560,0.0937,9576
73417,Raleigh-Durham,NC,35.93012,-78.60203,560,0.0632,23824
75056,Raleigh-Durham,NC,35.78432,-78.73829,560,0.0972,31682
86668,Raleigh-Durham,NC,36.19955,-78.98684,560,0.0839,59643
69437,Raleigh-Durham,NC,35.48849,-78.71952,560,0.0951,8004
29046,Raleigh-Durham,NC,36.08121,-78.65986,560,0.0672,55726
10848,Raleigh-Durham,NC,35.85729,-78.67075,560,0.0588,62190
23767,Raleigh-Durham,NC,35.6809,-78.65476,560,0.0607,58439
76370,Raleigh-Durham,NC,35.59542,-78.47354,560,0.076,68095
77884,Raleigh-Durham,NC,36.01687,-78.54822,560,0.0694,10670
16372,Raleigh-Durham,NC,36.18453,-78.78382,560,0.0966,66170
82527,Raleigh-Durham,NC,36.05151,-78.67914,560,0.0759,59155
86797,Raleigh-Durham,NC,36.08444,-78.52914,560,0.0672,4255
32553,Raleigh-Durham,NC,35.74785,-79.00061,560,0.0976,14054
05833,Raleigh-Durham,NC,36.12352,-78.88568,560,0.0632,56290
79147,Raleigh-Durham,NC,35.35278,-78.76412,560,0.0924,17005
71731,Raleigh-Durham,NC,35.70482,-78.92005,560,0.0656,17118
91741,Raleigh-Durham,NC,35.72814,-78.52373,560,0.0613,65974
47327,Raleigh-Durham,NC,35.66485,-78.53892,560,0.0823,26532
48520,Raleigh-Durham,NC,36.00388,-78.36175,560,0.08,64014
25473,Raleigh-Durham,NC,35.51578,-78.53857,560,0.1043,34178
59827,Raleigh-Durham,NC,35.70304,-78.34219,560,0.0809,4282
56002,Raleigh-Durham,NC,35.68886,-78.29889,560,0.0778,64163
48414,Raleigh-Durham,NC,36.10141,-78.41393,560,0.0942,30537
46674,Raleigh-Durham,NC,35.58886,-78.59701,560,0.1033,29593
13034,Raleigh-Durham,NC,35.51446,-78.95054,560,0.0981,70296
19818,Raleigh-Durham,NC,35.36739,-78.84375,560,0.0815,25351
88047,Raleigh-Durham,NC,35.60534,-78.27406,560,0.0783,33068
79327,Raleigh-Durham,NC,35.42913,-78.49336,560,0.0572,14128
72898,Raleigh-Durham,NC,35.73042,-78.59318,560,0.1,26252
80591,Raleigh-Durham,NC,35.80513,-78.71751,560,0.0608,22250
09199,Raleigh-Durham,NC,35.80636,-79.05409,560,0.1043,69475
74361,Raleigh-Durham,NC,36.13627,-79.0692,560,0.0824,11471
82097,Raleigh-Durham,NC,36.05593,-78.85063,560,0.0604,22406
23072,Raleigh-Durham,NC,35.75945,-78.3679,560,0.0572,50570
74432,Raleigh-Durham,NC,35.36329,-78.22845,560,0.0665,7080
92320,Raleigh-Durham,NC,36.01539,-78.94294,560,0.0933,3420
92335,Raleigh-Durham,NC,35.44113,-78.76641,560,0.0608,64253
18023,Raleigh-Durham,NC,35.64108,-78.42351,560,0.0807,69498
10491,Raleigh-Durham,NC,35.48364,-78.26258,560,0.1002,76553
88315,Raleigh-Durham,NC,35.80379,-78.93526,560,0.0723,31350
95493,Raleigh-Durham,NC,35.50606,-78.53551,560,0.0725,50853
76131,Raleigh-Durham,NC,36.17222,-78.76236,560,0.0742,40019
67545,Raleigh-Durham,NC,35.64659,-78.20131,560,0.1016,55723
78663,Raleigh-Durham,NC,35.97895,-78.56243,560,0.0635,41911
99566,Raleigh-Durham,NC,36.07644,-78.95379,560,0.0963,37478
94683,Raleigh-Durham,NC,35.40374,-79.08238,560,0.0817,75682
99199,Raleigh-Durham,NC,36.02602,-78.19276,560,0.0643,36506
64983,Raleigh-Durham,NC,35.51516,-78.87976,560,0.1002,50154
98954,Raleigh-Durham,NC,36.12175,-78.42635,560,0.0698,75114
99725,Raleigh-Durham,NC,35.33745,-78.24862,560,0.0874,17254
93165,Raleigh-Durham,NC,35.79662,-78.64259,560,0.0893,40426
67605,Raleigh-Durham,NC,36.14841,-78.52785,560,0.0602,67739
18130,Raleigh-Durham,NC,35.60352,-78.44795,560,0.0985,5275
10222,Raleigh-Durham,NC,36.05378,-78.85815,560,0.0582,73279
90996,Raleigh-Durham,NC,35.5051,-78.73314,560,0.1026,44949
76137,Raleigh-Durham,NC,35.48034,-78.61459,560,0.1037,67878
68871,Raleigh-Durham,NC,35.78664,-78.89402,560,0.0694,23244
45529,Raleigh-Durham,NC,35.95725,-78.4685,560,0.0815,77622
24684,Raleigh-Durham,NC,35.9294,-79.0816,560,0.0783,59761
27962,Raleigh-Durham,NC,35.64466,-79.0331,560,0.0706,62086
20663,Raleigh-Durham,NC,35.35908,-78.36926,560,0.0955,19226
34702,Raleigh-Durham,NC,35.79322,-78.69685,560,0.0825,73872
46326,Raleigh-Durham,NC,35.94239,-78.98885,560,0.0569,37181
55183,Raleigh-Durham,NC,35.42474,-78.34663,560,0.0688,27636
99773,Raleigh-Durham,NC,35.96926,-78.802,560,0.0823,12451
96198,Raleigh-Durham,NC,36.07912,-78.3797,560,0.0849,47051
30874,Raleigh-Durham,NC,35.44453,-78.79556,560,0.0927,76305
24234,Raleigh-Durham,NC,35.45081,-78.87153,560,0.0798,4390
06870,Indianapolis,IN,39.42335,-86.00765,527,0.0671,19373
46057,Indianapolis,IN,39.99276,-85.8929,527,0.0694,73545
76460,Indianapolis,IN,40.21127,-86.05269,527,0.0727,36535
39368,Indianapolis,IN,40.1782,-86.32915,527,0.0743,43873
86448,Indianapolis,IN,40.12015,-85.9247,527,0.0602,68855
15063,Indianapolis,IN,39.5779,-86.27594,527,0.0885,49210
89205,Indianapolis,IN,40.01136,-86.51271,527,0.0958,77541
80687,Indianapolis,IN,40.18024,-86.31456,527,0.0607,60741
37982,Indianapolis,IN,39.57277,-85.79888,527,0.0844,73190
04651,Indianapolis,IN,40.14598,-86.4948,527,0.0715,72721
42932,Indianapolis,IN,40.21167,-86.33477,527,0.0577,35221
29433,Indianapolis,IN,39.77057,-86.59434,527,0.0665,64486
74973,Indianapolis,IN,39.93192,-86.46897,527,0.0604,45788
12911,Indianapolis,IN,39.44194,-85.97905,527,0.0954,8096
79328,Indianapolis,IN,40.04239,-85.8489,527,0.0851,41801
15458,Indianapolis,IN,40.05644,-86.53482,527,0.0568,50276
30010,Indianapolis,IN,39.43232,-85.8786,527,0.0875,14876
56586,Indianapolis,IN,39.90009,-86.4767,527,0.0858,66017
31338,Indianapolis,IN,39.67824,-85.73924,527,0.0727,25086
08982,Indianapolis,IN,39.62078,-86.05023,527,0.1002,29740
78401,Indianapolis,IN,39.8549,-85.94001,527,0.0804,37227
37402,Indianapolis,IN,39.5136,-85.88328,527,0.076,53801
69265,Indianapolis,IN,39.91589,-85.87047,527,0.0616,71756
67623,Indianapolis,IN,39.9519,-85.96992,527,0.0575,69268
91215,Indianapolis,IN,39.72993,-86.60186,527,0.055,8200
90134,Indianapolis,IN,39.70423,-85.93829,527,0.0738,40026
47420,Indianapolis,IN,39.51199,-85.74379,527,0.0763,34612
97218,Indianapolis,IN,39.59819,-86.12644,527,0.078,44033
21922,Indianapolis,IN,40.01161,-86.34489,527,0.0935,70971
15399,Indianapolis,IN,40.04175,-86.32011,527,0.0614,56963
58488,Indianapolis,IN,39.63364,-86.19068,527,0.0887,53747
66896,Indianapolis,IN,40.00813,-86.44989,527,0.0719,3405
08384,Indianapolis,IN,39.49896,-86.30187,527,0.0629,64913
65620,Indianapolis,IN,39.43703,-86.02037,527,0.0738,34869
42712,Indianapolis,IN,39.93569,-86.31285,527,0.0557,29953
99841,Indianapolis,IN,39.96313,-85.9292,527,0.0967,35248
92278,Indianapolis,IN,39.683,-86.6066,527,0.0961,5150
72881,Indianapolis,IN,39.52509,-86.53506,527,0.0951,21484
82051,Indianapolis,IN,39.85099,-86.53808,527,0.1001,23167
24557,Indianapolis,IN,39.54307,-86.54141,527,0.0943,13133
28818,Indianapolis,IN,39.48791,-86.45142,527,0.0977,13979
38453,Indianapolis,IN,39.456,-86.54777,527,0.0857,13847
50974,Indianapolis,IN,39.87778,-86.33641,527,0.0942,2717
72314,Indianapolis,IN,39.57662,-85.80829,527,0.0896,7454
13970,Indianapolis,IN,39.81348,-86.49463,527,0.0891,28558
50382,Indianapolis,IN,39.56976,-86.41772,527,0.0944,17481
21299,Indianapolis,IN,39.43154,-85.91072,527,0.0823,36206
21799,Indianapolis,IN,40.00655,-85.96127,527,0.0866,28358
34262,Indianapolis,IN,39.35699,-86.03205,527,0.0871,3716
22465,Indianapolis,IN,40.07299,-85.80049,527,0.0715,70531
17932,Indianapolis,IN,39.90431,-85.77492,527,0.085,70090
60996,Indianapolis,IN,40.01035,-86.16721,527,0.0561,74235
66045,Indianapolis,IN,39.69089,-86.30646,527,0.073,31489
41882,Indianapolis,IN,40.03651,-86.41414,527,0.0864,31920
68343,Indianapolis,IN,39.43134,-86.14391,527,0.0894,53256
60306,Indianapolis,IN,39.46955,-85.74342,527,0.0831,14643
46349,Indianapolis,IN,40.0779,-86.58077,527,0.0632,42363
87932,Indianapolis,IN,39.44977,-86.11094,527,0.0818,20052
19982,Indianapolis,IN,39.84108,-86.07041,527,0.0635,14442
35781,Indianapolis,IN,39.95316,-85.95445,527,0.0858,35890
64812,Indianapolis,IN,40.21795,-86.33426,527,0.0734,14200
40109,Indianapolis,IN,40.01585,-86.59618,527,0.0839,72515
10713,Indianapolis,IN,39.57218,-85.95746,527,0.0585,12610
67803,Indianapolis,IN,39.8511,-85.79162,527,0.0844,73931
45894,Indianapolis,IN,39.79258,-85.88347,527,0.0629,57400
19724,Indianapolis,IN,39.95478,-85.76494,527,0.0807,52513
56949,Indianapolis,IN,39.9805,-85.9023,527,0.0583,10483
16163,Baltimore,MD,38.95935,-76.33434,512,0.0592,41784
76270,Baltimore,MD,39.31378,-76.58943,512,0.0553,16979
26119,Baltimore,MD,39.44938,-76.6979,512,0.0582,65228
94573,Baltimore,MD,39.1756,-76.16261,512,0.0561,26119
11279,Baltimore,MD,38.90763,-76.56607,512,0.0983,53980
15687,Baltimore,MD,39.05685,-76.59823,512,0.097,35524
93672,Baltimore,MD,38.8626,-76.64077,512,0.0865,41747
70032,Baltimore,MD,39.33754,-77.01201,512,0.0721,57637
18185,Baltimore,MD,39.72858,-76.70297,512,0.0773,39177
53071,Baltimore,MD,39.50317,-76.71908,512,0.0868,28664
32964,Baltimore,MD,39.39575,-77.04784,512,0.0628,25445
41529,Baltimore,MD,39.15729,-76.3979,512,0.0549,14519
14055,Baltimore,MD,39.69575,-76.20809,512,0.0823,11318
80320,Baltimore,MD,39.24349,-76.29193,512,0.0555,45377
42873,Baltimore,MD,38.97475,-76.98721,512,0.0781,71219
91095,Baltimore,MD,39.21658,-76.17708,512,0.07,30853
34169,Baltimore,MD,39.00824,-76.76185,512,0.0887,60210
55828,Baltimore,MD,39.69494,-76.50129,512,0.0647,77216
37664,Baltimore,MD,39.54394,-76.22835,512,0.076,74551
64418,Baltimore,MD,39.34716,-76.25402,512,0.0953,61278
65568,Baltimore,MD,39.05977,-76.55443,512,0.0683,8100
84454,Baltimore,MD,39.69668,-76.82652,512,0.0879,21860
70106,Baltimore,MD,39.1619,-76.20057,512,0.0981,71459
74873,Baltimore,MD,39.16327,-76.20615,512,0.0901,46351
99919,Baltimore,MD,39.67007,-76.50102,512,0.086,74438
28803,Baltimore,MD,38.95833,-76.649,512,0.0568,26176
50840,Baltimore,MD,39.48358,-76.29405,512,0.0706,36235
30926,Baltimore,MD,39.37233,-76.85122,512,0.0689,4283
72452,Baltimore,MD,39.48392,-76.53837,512,0.0764,57728
44642,Baltimore,MD,38.85041,-76.74562,512,0.0781,46468
26233,Baltimore,MD,39.73505,-76.75606,512,0.093,32576
42997,Baltimore,MD,39.28313,-76.61273,512,0.0929,17911
55863,Baltimore,MD,39.0427,-77.05055,512,0.0766,61925
84434,Baltimore,MD,39.70055,-76.22449,512,0.0727,67512
10439,Baltimore,MD,38.9349,-76.38442,512,0.0779,24494
81615,Baltimore,MD,39.62958,-77.02388,512,0.0628,65049
49126,Baltimore,MD,39.7377,-76.93741,512,0.0662,43952
45068,Baltimore,MD,39.3796,-76.76616,512,0.0994,14022
41608,Baltimore,MD,39.45138,-76.76842,512,0.0629,77464
33306,Baltimore,MD,39.56581,-77.01667,512,0.0762,31101
24779,Baltimore,MD,38.95014,-76.84342,512,0.0879,77870
77440,Baltimore,MD,38.95779,-76.80512,512,0.0569,64411
04229,Baltimore,MD,39.70558,-76.18196,512,0.0634,35834
26079,Baltimore,MD,39.11322,-76.64251,512,0.0976,28472
70418,Baltimore,MD,38.88579,-76.21935,512,0.0976,3114
07538,Baltimore,MD,39.63595,-76.96669,512,0.0824,25750
57557,Baltimore,MD,38.86214,-77.00794,512,0.0655,28091
76974,Baltimore,MD,39.68199,-76.61798,512,0.1,46788
46295,Baltimore,MD,38.93353,-76.23283,512,0.0568,10421
87712,Baltimore,MD,39.47765,-76.60135,512,0.0649,10416
47864,San Diego,CA,32.46587,-117.54017,825,0.0791,61669
62507,San Diego,CA,32.37793,-117.10795,825,0.0593,36883
45634,San Diego,CA,33.05424,-117.05465,825,0.0793,74550
58239,San Diego,CA,32.49479,-116.97165,825,0.0578,46547
09099,San Diego,CA,33.06166,-117.3429,825,0.0777,30727
27393,San Diego,CA,32.27279,-116.99443,825,0.0804,45730
61344,San Diego,CA,33.16118,-116.96396,825,0.0616,20886
65173,San Diego,CA,33.08633,-117.22016,825,0.0597,52008
87144,San Diego,CA,32.7414,-117.13659,825,0.0605,10380
83691,San Diego,CA,32.76837,-116.78864,825,0.0521,61233
03268,San Diego,CA,32.39246,-116.76131,825,0.0586,38025
69565,San Diego,CA,32.41811,-116.73946,825,0.0679,66367
05741,San Diego,CA,32.70331,-117.06342,825,0.0809,54926
86954,San Diego,CA,32.76422,-117.31048,825,0.0579,21306
90353,San Diego,CA,32.97529,-117.2217,825,0.0547,18028
42888,San Diego,CA,32.50688,-117.23726,825,0.0891,53729
08220,San Diego,CA,32.73709,-116.90679,825,0.0507,73176
96354,San Diego,CA,32.777,-116.96494,825,0.0625,44113
51018,San Diego,CA,32.53572,-116.99125,825,0.0489,23923
69965,San Diego,CA,32.8401,-117.26764,825,0.0802,40000
52695,San Diego,CA,32.61897,-117.02402,825,0.0547,32702
66933,San Diego,CA,32.35043,-117.47471,825,0.0872,37505
51539,San Diego,CA,32.8387,-116.87509,825,0.0603,29418
77949,San Diego,CA,33.05625,-117.32557,825,0.0512,46706
86140,San Diego,CA,32.39906,-117.40608,825,0.0539,76524
43261,San Diego,CA,32.88499,-117.14501,825,0.0794,13460
87072,San Diego,CA,32.90182,-117.12726,825,0.0612,53025
47085,San Diego,CA,32.84403,-117.59224,825,0.0686,3222
66021,San Diego,CA,33.00811,-117.20963,825,0.0671,67726
49811,San Diego,CA,32.36531,-117.19471,825,0.0571,45916
08138,San Diego,CA,32.52985,-117.25925,825,0.074,64708
39465,San Diego,CA,32.32916,-117.57021,825,0.0727,23152
52795,San Diego,CA,32.38189,-117.40867,825,0.0554,60793
38212,San Diego,CA,32.79179,-117.13582,825,0.0895,5930
03503,San Diego,CA,32.3666,-117.33216,825,0.0538,59098
31346,San Diego,CA,32.59288,-116.9565,825,0.0883,11770
56120,San Diego,CA,32.89518,-116.7682,825,0.0678,22360
03743,San Diego,CA,33.06225,-117.48498,825,0.0552,7962
09823,San Diego,CA,32.93171,-117.3455,825,0.0528,41845
42539,San Diego,CA,32.26828,-116.95146,825,0.0896,41220
48977,San Diego,CA,32.79431,-117.41091,825,0.0818,54010
48847,San Diego,CA,32.97786,-117.432,825,0.0779,60484
62669,San Diego,CA,32.54542,-116.95876,825,0.089,64000
29937,San Diego,CA,33.03523,-117.25067,825,0.0658,49688
50000,San Diego,CA,32.89997,-116.86658,825,0.0864,72177
51823,San Diego,CA,32.42809,-117.30292,825,0.0611,2545
21386,San Diego,CA,33.15951,-117.33439,825,0.0869,4561
93576,San Diego,CA,32.58955,-116.90575,825,0.0762,46976
64987,San Diego,CA,32.98758,-117.47115,825,0.0718,65122
99889,San Diego,CA,32.77152,-116.88761,825,0.0688,64832
75676,San Diego,CA,32.70179,-116.94858,825,0.0788,46382
77606,San Diego,CA,32.96443,-117.27307,825,0.0762,51967
01753,San Diego,CA,33.07498,-116.76494,825,0.0805,52463
47047,San Diego,CA,33.03882,-116.80734,825,0.0719,73981
38205,San Diego,CA,33.10129,-117.55334,825,0.0852,77501
29065,San Diego,CA,33.16359,-116.96045,825,0.0781,61302
56204,San Diego,CA,32.82252,-117.43584,825,0.0709,22927
95544,San Diego,CA,33.04445,-117.06467,825,0.0674,50214
65159,San Diego,CA,32.98994,-117.22512,825,0.0684,33657
95316,San Diego,CA,33.08324,-117.45142,825,0.0802,52455
81692,San Diego,CA,32.80334,-117.10435,825,0.0789,41919
79484,San Diego,CA,32.87581,-117.27844,825,0.0807,67195
77756,San Diego,CA,32.84468,-116.71424,825,0.0599,3126
41645,San Diego,CA,33.07176,-117.13871,825,0.075,53086
64904,San Diego,CA,33.15425,-117.25969,825,0.0784,34585
48550,San Diego,CA,32.99171,-117.35127,825,0.0865,22657
54999,San Diego,CA,32.44984,-117.01099,825,0.0559,12954
74330,San Diego,CA,32.72312,-117.11108,825,0.0872,20176
51059,San Diego,CA,33.07864,-116.90215,825,0.0799,18797
70499,Nashville,TN,36.29067,-86.82916,659,0.0911,26776
01489,Nashville,TN,36.39433,-86.59807,659,0.073,8799
72013,Nashville,TN,35.7596,-86.58292,659,0.0891,49791
98298,Nashville,TN,35.88379,-86.65231,659,0.0687,12502
73290,Nashville,TN,36.34014,-86.85845,659,0.0975,58049
02149,Nashville,TN,36.18719,-86.85398,659,0.0877,48683
32050,Nashville,TN,36.51861,-86.69484,659,0.0593,23376
55024,Nashville,TN,36.60837,-86.52203,659,0.1013,65445
41709,Nashville,TN,35.88832,-87.13559,659,0.0988,42232
36101,Nashville,TN,35.99801,-86.45261,659,0.0934,61788
38884,Nashville,TN,35.77001,-87.16392,659,0.0748,72619
20705,Nashville,TN,35.97483,-86.84971,659,0.0839,16258
18547,Nashville,TN,36.47387,-86.94345,659,0.0757,38437
21430,Nashville,TN,36.33426,-87.08721,659,0.0794,9800
12499,Nashville,TN,36.49566,-86.44176,659,0.0605,61917
77572,Nashville,TN,35.99675,-86.77719,659,0.106,54625
40453,Nashville,TN,36.51533,-86.72471,659,0.0858,47705
46167,Nashville,TN,36.01527,-86.44861,659,0.1042,13378
47503,Nashville,TN,36.53658,-86.57891,659,0.0915,31417
38229,Nashville,TN,35.81135,-86.69508,659,0.0711,66255
85300,Nashville,TN,35.88147,-86.64979,659,0.093,31495
64357,Nashville,TN,35.92022,-86.95882,659,0.0753,39130
52632,Nashville,TN,36.55078,-86.58233,659,0.0955,66724
12967,Nashville,TN,36.4153,-86.75665,659,0.0974,42009
69716,Nashville,TN,36.15132,-87.18477,659,0.0936,69871
53182,Nashville,TN,36.43351,-86.58229,659,0.0963,36941
66022,Nashville,TN,35.93851,-86.69363,659,0.0613,35210
65681,Nashville,TN,36.496,-86.40801,659,0.1066,12081
16406,Nashville,TN,36.24919,-86.36568,659,0.1069,62285
54933,Nashville,TN,36.59744,-87.14002,659,0.0896,29465
71324,Nashville,TN,36.48687,-87.15243,659,0.1027,15820
87104,Nashville,TN,35.9403,-86.77723,659,0.0862,4605
31159,Nashville,TN,36.44371,-86.82835,659,0.0668,18818
73937,Nashville,TN,36.25394,-87.12783,659,0.0696,9826
10975,Nashville,TN,36.01259,-87.08422,659,0.0909,31269
04710,Nashville,TN,35.80294,-86.46093,659,0.108,43865
60684,Nashville,TN,36.01901,-86.77591,659,0.1021,35727
48892,Nashville,TN,35.79498,-87.18058,659,0.0664,55038
22853,Nashville,TN,36.61165,-86.50539,659,0.0646,69954
43429,Nashville,TN,36.27336,-86.39943,659,0.1069,20885
86192,Nashville,TN,36.46572,-86.62228,659,0.1072,21807
79656,Nashville,TN,36.36114,-86.41523,659,0.104,59702
05347,Nashville,TN,36.17328,-86.46778,659,0.0779,35954
14041,Nashville,TN,35.74094,-87.04786,659,0.0659,24692
41514,Nashville,TN,35.90127,-86.63965,659,0.0704,13543
57875,Nashville,TN,36.17893,-86.56219,659,0.0731,21271
56147,Nashville,TN,36.54219,-86.77855,659,0.0888,41311
10840,Nashville,TN,36.33144,-87.11157,659,0.0615,50195
57251,Nashville,TN,35.819,-86.94185,659,0.073,16422
50309,Nashville,TN,36.21249,-87.12669,659,0.0814,5543
91188,Nashville,TN,36.07026,-87.07365,659,0.0992,54713
09840,Nashville,TN,35.98802,-86.47548,659,0.0747,52472
55434,Nashville,TN,35.90315,-86.53618,659,0.1023,5226
24934,Nashville,TN,36.53524,-86.39958,659,0.0868,47877
80086,Nashville,TN,36.00482,-87.21054,659,0.0923,7606
85850,Nashville,TN,36.29894,-86.38052,659,0.0666,38946
17397,Nashville,TN,36.18846,-86.59996,659,0.0995,43725
23082,Nashville,TN,36.48874,-87.14938,659,0.1041,39062
54462,Nashville,TN,36.15003,-86.77836,659,0.1062,42329
95808,Nashville,TN,36.14297,-86.41259,659,0.0738,29032
99232,Nashville,TN,36.20305,-86.45529,659,0.1053,6707
86293,Nashville,TN,36.09588,-87.09611,659,0.1077,23333
51782,Nashville,TN,35.72423,-86.87277,659,0.1007,12637
59542,Nashville,TN,36.16771,-87.12745,659,0.0932,12842
75036,Nashville,TN,36.5242,-87.19051,659,0.0647,49859
26740,Nashville,TN,36.39163,-86.82045,659,0.0644,20824
88344,Nashville,TN,36.3039,-86.34766,659,0.0992,64516
90702,Nashville,TN,36.45471,-86.38708,659,0.0939,13465
67384,Nashville,TN,36.04792,-86.59806,659,0.0772,24332
87064,Nashville,TN,36.12331,-87.1047,659,0.0827,15477
44738,Nashville,TN,36.36669,-87.03986,659,0.106,16546
20371,Nashville,TN,36.28084,-86.65247,659,0.0688,70497
72985,Nashville,TN,36.0643,-86.54704,659,0.09,54448
82024,Nashville,TN,36.32459,-86.5026,659,0.0784,9455
78254,Nashville,TN,36.14296,-86.76963,659,0.0805,2847
14943,Nashville,TN,36.27026,-86.52939,659,0.0947,55294
60185,Nashville,TN,36.15633,-86.85104,659,0.1037,54594
43219,Hartford,CT,41.49313,-72.83765,533,0.053,44163
46555,Hartford,CT,41.78474,-72.44598,533,0.0713,44651
95475,Hartford,CT,41.82645,-73.08437,533,0.0554,66437
18083,Hartford,CT,41.66835,-72.44432,533,0.0757,38651
54306,Hartford,CT,41.48443,-72.66645,533,0.0626,4263
44982,Hartford,CT,41.38163,-72.7474,533,0.0641,46052
92053,Hartford,CT,41.40041,-72.29652,533,0.0836,36078
23872,Hartford,CT,41.44653,-72.2497,533,0.0889,5818
49202,Hartford,CT,41.93785,-72.70821,533,0.0722,15064
79415,Hartford,CT,41.69923,-72.74448,533,0.0744,63384
55499,Hartford,CT,42.09363,-72.4369,533,0.0885,76376
21837,Hartford,CT,41.98698,-72.26932,533,0.0601,22161
35850,Hartford,CT,41.97777,-72.43163,533,0.0784,13797
97477,Hartford,CT,42.11174,-72.41967,533,0.0655,62560
44220,Hartford,CT,41.84427,-72.39883,533,0.0674,26397
29409,Hartford,CT,41.69604,-72.35115,533,0.0921,25617
39119,Hartford,CT,41.32791,-72.40027,533,0.0854,66169
52868,Hartford,CT,41.89318,-72.51941,533,0.0788,13685
63068,Hartford,CT,41.61253,-73.10434,533,0.0565,49505
18762,Hartford,CT,41.41296,-72.98989,533,0.0644,65988
11704,Hartford,CT,42.18419,-72.25415,533,0.0667,66367
50603,Hartford,CT,41.56596,-72.82793,533,0.072,43069
13989,Hartford,CT,41.54323,-72.58635,533,0.0543,3812
54345,Hartford,CT,41.92231,-72.56826,533,0.0907,60783
59032,Hartford,CT,41.40473,-72.37879,533,0.0742,4963
45143,Hartford,CT,42.16292,-72.94937,533,0.0844,55559
11541,Hartford,CT,41.51809,-73.11237,533,0.068,9631
02501,Hartford,CT,41.83312,-72.93073,533,0.088,36120
62261,Hartford,CT,41.67886,-72.74854,533,0.0799,39846
86030,Hartford,CT,41.63541,-72.67004,533,0.0598,58757
35484,Hartford,CT,41.98878,-72.66926,533,0.0521,48241
75744,Hartford,CT,41.35862,-72.35924,533,0.0697,7206
48764,Hartford,CT,41.42325,-72.48895,533,0.0563,37328
31697,Hartford,CT,41.4013,-72.62483,533,0.0729,56171
83040,Hartford,CT,41.4974,-72.45215,533,0.084,43809
27196,Hartford,CT,41.38245,-72.2287,533,0.0777,48299
52044,Hartford,CT,41.73343,-72.61489,533,0.0807,33732
40838,Hartford,CT,41.4604,-72.81451,533,0.0791,63667
67503,Hartford,CT,42.02462,-73.02484,533,0.0769,45650
63275,Hartford,CT,41.93986,-72.85578,533,0.0577,37772
69814,Hartford,CT,41.96701,-72.48232,533,0.0886,56738
90216,Hartford,CT,41.37467,-72.3956,533,0.0606,59931
65098,Hartford,CT,41.71471,-72.35081,533,0.0898,5638
99062,Hartford,CT,41.68006,-72.84466,533,0.0922,72469
67214,Hartford,CT,42.20051,-73.12116,533,0.0668,72440
58557,Hartford,CT,41.3643,-72.33945,533,0.0561,38032
68908,Hartford,CT,41.6594,-72.70452,533,0.062,24946
58822,Hartford,CT,41.91625,-72.55978,533,0.0531,57975
14939,Hartford,CT,42.16178,-73.11418,533,0.0499,66766
46134,Hartford,CT,41.40683,-72.60662,533,0.0763,36259
71944,Hartford,CT,41.63553,-72.723,533,0.0875,15529
63888,Hartford,CT,41.5561,-72.93505,533,0.059,39590
57923,Hartford,CT,41.99362,-72.46489,533,0.0541,19228
90857,Hartford,CT,41.96074,-72.93367,533,0.0782,45185
35383,Hartford,CT,41.35337,-72.813,533,0.0786,56225
52239,Hartford,CT,41.64663,-72.91218,533,0.0761,60586
44878,Hartford,CT,41.4678,-72.67032,533,0.072,50630
89336,Hartford,CT,41.92784,-72.96422,533,0.0728,37848
49034,Hartford,CT,41.77381,-72.9749,533,0.0658,28853
73223,Hartford,CT,41.39489,-72.38485,533,0.0592,31685
75248,Hartford,CT,41.67162,-73.00328,533,0.0536,8428
40833,Hartford,CT,41.70654,-72.91359,533,0.0799,50873
67147,Hartford,CT,42.01094,-72.51245,533,0.0855,8886
51420,Hartford,CT,41.61143,-73.10951,533,0.067,59492
79457,Hartford,CT,41.76637,-73.08229,533,0.0876,47931
78943,Hartford,CT,41.88477,-72.74213,533,0.0554,64549
53462,Hartford,CT,42.19384,-72.73413,533,0.076,41368
80572,Hartford,CT,41.92292,-72.75994,533,0.0498,19233
02714,Hartford,CT,41.7164,-72.6942,533,0.0765,40807
04927,Hartford,CT,42.15079,-72.47843,533,0.0701,8709
65227,Hartford,CT,41.60539,-72.6975,533,0.0741,31637
98481,Hartford,CT,41.89697,-72.54806,533,0.0917,14769
39783,Hartford,CT,41.98504,-72.7315,533,0.0596,6475
89508,Hartford,CT,42.0423,-72.87555,533,0.0814,24478
04272,Kansas City,MO,39.24977,-94.98018,616,0.0724,70236
56772,Kansas City,MO,38.74607,-94.95419,616,0.0551,45295
65994,Kansas City,MO,39.34548,-94.49072,616,0.092,13442
62286,Kansas City,MO,39.23803,-95.01926,616,0.0698,63124
18182,Kansas City,MO,39.40183,-94.61317,616,0.0881,58676
44315,Kansas City,MO,38.78383,-94.26403,616,0.0598,8065
69734,Kansas City,MO,38.91038,-94.46105,616,0.0742,7160
99038,Kansas City,MO,38.94845,-94.1531,616,0.09,73697
50605,Kansas City,MO,38.80018,-94.94388,616,0.0619,59939
16243,Kansas City,MO,39.06998,-94.38502,616,0.0585,49927
44541,Kansas City,MO,39.29562,-94.82926,616,0.0636,59983
32543,Kansas City,MO,38.82112,-94.92909,616,0.0829,11385
18601,Kansas City,MO,38.84849,-94.91867,616,0.0798,20849
94866,Kansas City,MO,38.89003,-94.64232,616,0.0545,53024
86887,Kansas City,MO,39.49461,-94.19473,616,0.0626,76560
09036,Kansas City,MO,39.05783,-94.34756,616,0.0852,69594
15368,Kansas City,MO,39.05931,-94.20134,616,0.0685,20835
95110,Kansas City,MO,39.45632,-94.1416,616,0.0712,22873
85859,Kansas City,MO,39.09317,-94.58748,616,0.069,40131
33771,Kansas City,MO,39.04041,-94.22192,616,0.061,57559
83070,Kansas City,MO,38.86027,-94.37617,616,0.064,56123
47962,Kansas City,MO,39.07238,-94.80672,616,0.0884,51223
39424,Kansas City,MO,38.79286,-95.00543,616,0.0713,74208
70159,Kansas City,MO,39.53851,-94.41411,616,0.0634,55144
32349,Kansas City,MO,38.70838,-94.67415,616,0.0852,43951
25259,Kansas City,MO,39.54416,-94.60725,616,0.0943,16919
80268,Kansas City,MO,39.0382,-94.82241,616,0.0879,57328
68839,Kansas City,MO,39.04891,-94.23876,616,0.065,61309
15009,Kansas City,MO,38.92558,-94.54293,616,0.0806,46390
18493,Kansas City,MO,39.21578,-94.6493,616,0.0887,75474
50978,Kansas City,MO,39.30372,-94.51277,616,0.0828,53616
26263,Kansas City,MO,38.78274,-94.70138,616,0.0663,4385
61144,Kansas City,MO,39.34192,-94.55631,616,0.0731,5202
09715,Kansas City,MO,39.14861,-94.51842,616,0.0755,61125
67593,Kansas City,MO,39.03566,-94.74369,616,0.0602,57643
46048,Kansas City,MO,39.12646,-94.70064,616,0.0614,70270
04115,Kansas City,MO,39.32366,-94.5664,616,0.0848,67249
77136,Kansas City,MO,38.85782,-94.6187,616,0.094,76952
87037,Kansas City,MO,39.15246,-94.93578,616,0.0769,34265
31682,Kansas City,MO,38.87889,-94.38624,616,0.0643,71880
05233,Kansas City,MO,38.66994,-94.80989,616,0.0784,43160
41273,Kansas City,MO,39.39067,-94.86357,616,0.0743,56383
10199,Kansas City,MO,38.80794,-94.27251,616,0.0673,14070
39658,Kansas City,MO,39.30409,-94.69759,616,0.078,21610
56948,Kansas City,MO,39.19813,-94.44607,616,0.0623,33866
19179,Kansas City,MO,38.66196,-94.5305,616,0.0588,68242
88644,Kansas City,MO,39.08326,-94.821,616,0.0612,52107
14622,Kansas City,MO,39.27328,-94.34443,616,0.082,31092
94708,Kansas City,MO,39.51863,-94.20998,616,0.0711,32652
69513,Kansas City,MO,38.95977,-94.85655,616,0.0626,66683
58945,Kansas City,MO,38.7797,-94.81505,616,0.0843,4945
57495,Kansas City,MO,39.20047,-94.66149,616,0.0833,36417
53471,Kansas City,MO,39.08033,-94.83695,616,0.0525,44910
49041,Kansas City,MO,39.33792,-94.16088,616,0.0708,54850
71920,Kansas City,MO,38.84898,-94.965,616,0.0875,38531
55637,Kansas City,MO,39.47295,-94.82087,616,0.0541,19559
53434,Kansas City,MO,39.23519,-94.53752,616,0.0682,6053
29828,Kansas City,MO,39.13264,-94.62333,616,0.0542,24791
25162,Kansas City,MO,39.24167,-94.87488,616,0.076,61933
08653,Kansas City,MO,38.83423,-94.90313,616,0.0827,51100
04854,Kansas City,MO,39.15618,-94.69736,616,0.0636,23867
16699,Kansas City,MO,39.33583,-94.63898,616,0.0586,22698
46314,Kansas City,MO,38.85599,-94.88716,616,0.0766,18979
05064,Kansas City,MO,38.81712,-94.38445,616,0.0761,59694
56294,Kansas City,MO,39.31726,-94.72928,616,0.0593,30820
38356,Kansas City,MO,38.89945,-94.97464,616,0.08,20926
56420,Kansas City,MO,38.81078,-94.3459,616,0.0637,68066
03694,Kansas City,MO,39.1132,-94.37321,616,0.0564,57107
34951,Kansas City,MO,39.36926,-94.80144,616,0.0543,64080
44801,Kansas City,MO,39.02783,-94.91139,616,0.0771,41205
91721,Kansas City,MO,38.7442,-94.39021,616,0.0766,38074
61438,Kansas City,MO,38.87219,-94.37713,616,0.0925,48598
80935,Kansas City,MO,39.1766,-94.82996,616,0.0725,7738
40999,Kansas City,MO,39.26252,-94.94385,616,0.0836,18056
50778,Kansas City,MO,39.0225,-94.89564,616,0.0761,40704
43280,Columbus OH,OH,40.05859,-82.75442,535,0.0585,54143
35397,Columbus OH,OH,40.00621,-83.05773,535,0.0605,65487
15372,Columbus OH,OH,40.15321,-82.73391,535,0.094,70410
46763,Columbus OH,OH,39.84601,-83.43198,535,0.0726,73392
55319,Columbus OH,OH,40.20676,-83.23873,535,0.0544,27563
90493,Columbus OH,OH,40.27779,-82.93936,535,0.0594,70780
71724,Columbus OH,OH,40.20626,-83.24745,535,0.0968,9905
55860,Columbus OH,OH,39.64486,-82.91375,535,0.084,26026
27391,Columbus OH,OH,40.15709,-83.13854,535,0.0891,54431
78348,Columbus OH,OH,39.86723,-82.65474,535,0.0662,76881
48118,Columbus OH,OH,39.76698,-82.62803,535,0.0649,41898
04994,Columbus OH,OH,39.68455,-82.818,535,0.0848,50354
84634,Columbus OH,OH,39.61708,-82.91288,535,0.0686,74664
08044,Columbus OH,OH,40.1012,-83.44757,535,0.0553,38803
67172,Columbus OH,OH,39.58987,-83.24806,535,0.0726,11521
41498,Columbus OH,OH,40.27943,-83.02716,535,0.0944,3323
08461,Columbus OH,OH,40.33109,-82.83961,535,0.0736,71379
50035,Columbus OH,OH,39.82745,-82.58914,535,0.0944,38462
18454,Columbus OH,OH,40.20564,-82.62293,535,0.0629,53818
61294,Columbus OH,OH,40.20464,-82.93257,535,0.095,59319
45658,Columbus OH,OH,39.91443,-83.29814,535,0.0657,38788
35257,Columbus OH,OH,39.66885,-82.69085,535,0.0565,59279
40561,Columbus OH,OH,39.7992,-82.96395,535,0.0805,61465
38796,Columbus OH,OH,40.37739,-83.19663,535,0.0959,60208
69278,Columbus OH,OH,39.84224,-82.63093,535,0.0906,41433
38494,Columbus OH,OH,40.14825,-83.14396,535,0.0578,27657
75828,Columbus OH,OH,39.87276,-82.61051,535,0.0948,50801
72141,Columbus OH,OH,39.51402,-83.44033,535,0.0784,6390
24964,Columbus OH,OH,40.01278,-83.42575,535,0.0746,4472
71771,Columbus OH,OH,39.93646,-83.00639,535,0.0741,23932
06467,Columbus OH,OH,40.34999,-82.57435,535,0.07,73735
30057,Columbus OH,OH,39.88362,-82.74095,535,0.0609,32182
42721,Columbus OH,OH,39.91715,-82.95887,535,0.0984,46527
44620,Columbus OH,OH,39.51472,-83.09969,535,0.0932,15061
68982,Columbus OH,OH,39.70224,-82.60981,535,0.0654,72390
80600,Columbus OH,OH,39.85102,-83.31765,535,0.0964,56973
45359,Columbus OH,OH,40.23295,-83.16215,535,0.0696,58443
89491,Columbus OH,OH,39.68297,-83.3855,535,0.0725,51104
31485,Columbus OH,OH,39.97617,-83.38428,535,0.055,45640
37980,Columbus OH,OH,39.76108,-83.39134,535,0.0775,67915
69991,Columbus OH,OH,40.39369,-82.9415,535,0.0537,65582
87528,Columbus OH,OH,39.98158,-82.98768,535,0.0692,26779
92182,Columbus OH,OH,39.7029,-83.36844,535,0.0662,7817
72502,Columbus OH,OH,39.88528,-82.93311,535,0.0584,68376
60212,Columbus OH,OH,39.77263,-83.42861,535,0.0965,42503
90085,Columbus OH,OH,40.07065,-82.65368,535,0.0886,20703
98870,Columbus OH,OH,39.85996,-82.6365,535,0.0698,61206
16613,Columbus OH,OH,40.18991,-82.84958,535,0.0708,56316
40932,Columbus OH,OH,39.90076,-82.83656,535,0.0889,65837
42772,Columbus OH,OH,40.18701,-83.24576,535,0.0681,71741
36269,Columbus OH,OH,40.07169,-83.31795,535,0.0605,35128
36136,Columbus OH,OH,39.82133,-82.72512,535,0.072,75532
10442,Columbus OH,OH,39.65997,-82.79785,535,0.0903,10096
66889,Columbus OH,OH,40.04339,-82.90074,535,0.0662,5733
55190,Columbus OH,OH,40.0394,-83.14056,535,0.0882,66194
57900,Columbus OH,OH,39.70758,-83.36699,535,0.0646,74935
70357,Columbus OH,OH,39.57453,-83.01739,535,0.0698,67018
87981,Columbus OH,OH,40.22713,-83.23771,535,0.0935,49558
65802,Columbus OH,OH,40.09718,-82.7091,535,0.0637,42385
39862,Columbus OH,OH,39.67193,-83.07447,535,0.0726,59171
17625,Columbus OH,OH,39.74162,-83.0163,535,0.0794,15877
87361,Columbus OH,OH,40.22046,-82.75876,535,0.0881,10012
06012,Columbus OH,OH,39.66456,-83.41477,535,0.0761,5307
78189,Columbus OH,OH,39.5755,-82.59895,535,0.0595,68965
75066,Columbus OH,OH,40.3434,-82.81334,535,0.0735,36534
45357,Columbus OH,OH,39.6299,-82.86724,535,0.0881,53985
44881,Columbus OH,OH,39.58799,-83.19944,535,0.0854,3158
53469,Columbus OH,OH,39.72664,-83.21246,535,0.0608,12834
27825,Columbus OH,OH,39.86131,-82.97036,535,0.0636,55296
38535,Columbus OH,OH,40.24548,-82.6469,535,0.0689,8114
22628,Columbus OH,OH,39.9892,-83.21125,535,0.0546,77365
86206,Columbus OH,OH,40.35075,-82.80199,535,0.0924,69425
88180,Columbus OH,OH,40.10919,-83.28744,535,0.0639,57035
82153,Columbus OH,OH,39.7066,-83.38792,535,0.0927,41668
34245,Columbus OH,OH,39.93425,-82.66358,535,0.0598,18473
31548,Columbus OH,OH,40.15961,-82.75328,535,0.0583,43453
51182,Columbus OH,OH,40.28237,-83.26941,535,0.0709,59835
67882,Columbus OH,OH,40.32861,-83.00832,535,0.0833,58970
37363,Salt Lake City,UT,41.02833,-112.08539,770,0.0531,24005
29359,Salt Lake City,UT,40.54116,-112.16669,770,0.0443,41020
42868,Salt Lake City,UT,40.76433,-111.66953,770,0.0645,60345
65831,Salt Lake City,UT,40.77916,-112.22608,770,0.049,47564
18397,Salt Lake City,UT,40.63214,-111.74772,770,0.049,33652
56972,Salt Lake City,UT,41.09791,-111.63721,770,0.073,70538
26570,Salt Lake City,UT,40.50652,-111.569,770,0.0445,10708
30910,Salt Lake City,UT,41.18586,-111.68333,770,0.0717,69163
32928,Salt Lake City,UT,40.67444,-111.77402,770,0.0596,38710
75848,Salt Lake City,UT,40.47716,-111.52308,770,0.0483,7453
98257,Salt Lake City,UT,40.68831,-112.06986,770,0.0586,19020
63311,Salt Lake City,UT,40.93323,-111.61372,770,0.0742,7724
27476,Salt Lake City,UT,41.15858,-111.93396,770,0.0677,15411
77873,Salt Lake City,UT,41.12776,-111.66604,770,0.0521,34130
50347,Salt Lake City,UT,40.70035,-111.67447,770,0.0643,49377
40130,Salt Lake City,UT,40.69317,-111.61242,770,0.0683,72319
80224,Salt Lake City,UT,40.41522,-112.07162,770,0.0504,62070
92110,Salt Lake City,UT,40.77933,-111.9437,770,0.0749,39907
18945,Salt Lake City,UT,40.5864,-111.62203,770,0.0691,40102
90950,Salt Lake City,UT,40.78803,-111.98189,770,0.0679,32662
01246,Salt Lake City,UT,40.98365,-111.9956,770,0.0503,8391
44512,Salt Lake City,UT,40.69581,-111.98611,770,0.0424,67413
03441,Salt Lake City,UT,40.56033,-111.67196,770,0.067,51710
79113,Salt Lake City,UT,40.45617,-112.2226,770,0.0711,73852
68534,Salt Lake City,UT,40.73226,-112.15419,770,0.0445,14188
45745,Salt Lake City,UT,40.42015,-111.96726,770,0.0442,63228
29147,Salt Lake City,UT,40.88125,-111.55429,770,0.0672,57245
79273,Salt Lake City,UT,41.08826,-111.75396,770,0.0609,63377
28589,Salt Lake City,UT,40.56881,-112.18014,770,0.0487,53073
90736,Salt Lake City,UT,40.71838,-111.4517,770,0.054,55356
87436,Salt Lake City,UT,41.18559,-111.69203,770,0.0566,54675
30163,Salt Lake City,UT,40.51355,-112.20369,770,0.057,69415
14878,Salt Lake City,UT,41.20211,-112.2416,770,0.0598,68473
46161,Salt Lake City,UT,40.54438,-112.26276,770,0.062,45522
51151,Salt Lake City,UT,40.86295,-111.93737,770,0.0729,47393
83558,Salt Lake City,UT,40.43556,-111.46246,770,0.0724,50432
56596,Salt Lake City,UT,40.79601,-111.7357,770,0.0521,50516
95601,Salt Lake City,UT,40.7262,-111.79102,770,0.0547,61043
16237,Salt Lake City,UT,40.32204,-111.9846,770,0.0603,12832
69737,Salt Lake City,UT,40.91261,-111.87829,770,0.0751,65023
88790,Salt Lake City,UT,40.86495,-111.63833,770,0.0743,32156
02084,Salt Lake City,UT,40.95852,-111.47379,770,0.0594,49790
53311,Salt Lake City,UT,40.72962,-112.12021,770,0.0429,47181
06273,Salt Lake City,UT,40.562,-111.8329,770,0.0566,19741
71371,Salt Lake City,UT,40.97096,-111.86238,770,0.0751,51991
35320,Salt Lake City,UT,40.62026,-112.04782,770,0.0436,74988
24012,Salt Lake City,UT,40.66476,-112.07341,770,0.0582,15363
40775,Salt Lake City,UT,40.77471,-111.93555,770,0.0744,32081
19165,Salt Lake City,UT,40.94618,-111.99406,770,0.0567,43523
30762,Salt Lake City,UT,40.64241,-112.02579,770,0.073,42362
39655,Salt Lake City,UT,40.65188,-111.83646,770,0.0688,23022
69264,Salt Lake City,UT,41.1494,-111.58562,770,0.0521,22601
85124,Salt Lake City,UT,40.96589,-112.33513,770,0.0628,21407
89564,Cincinnati,OH,39.50611,-84.25044,515,0.0877,48508
45962,Cincinnati,OH,38.95556,-84.43063,515,0.0894,21955
12517,Cincinnati,OH,38.76494,-84.07115,515,0.0802,59849
57496,Cincinnati,OH,38.85427,-84.7413,515,0.0849,71776
54247,Cincinnati,OH,38.66971,-84.68599,515,0.0924,38676
19129,Cincinnati,OH,38.91339,-84.55607,515,0.0899,61476
51470,Cincinnati,OH,38.92636,-84.48035,515,0.0801,51253
96468,Cincinnati,OH,39.22376,-84.8355,515,0.053,26881
38370,Cincinnati,OH,38.70233,-84.88489,515,0.0546,39974
75608,Cincinnati,OH,39.17406,-84.37119,515,0.0636,70044
43406,Cincinnati,OH,38.95232,-84.44015,515,0.0559,2532
28431,Cincinnati,OH,38.99934,-84.7271,515,0.0738,3175
35671,Cincinnati,OH,39.48354,-84.75462,515,0.0565,77357
17057,Cincinnati,OH,39.06287,-84.46746,515,0.0665,40273
67600,Cincinnati,OH,39.02532,-84.11643,515,0.0737,53263
43318,Cincinnati,OH,38.766,-84.55952,515,0.0823,12917
66036,Cincinnati,OH,39.53226,-84.74493,515,0.0797,15357
31965,Cincinnati,OH,38.72725,-84.6042,515,0.0804,7254
79061,Cincinnati,OH,39.49109,-84.77601,515,0.0932,59343
80616,Cincinnati,OH,39.18063,-84.4186,515,0.055,68845
99230,Cincinnati,OH,38.93884,-84.32747,515,0.0769,19278
23816,Cincinnati,OH,39.02138,-84.50373,515,0.0529,13775
14388,Cincinnati,OH,39.47414,-84.87416,515,0.0664,18820
82295,Cincinnati,OH,39.45942,-84.33368,515,0.0825,38363
62213,Cincinnati,OH,38.71005,-84.62134,515,0.0607,75284
52690,Cincinnati,OH,39.26456,-84.38713,515,0.0802,23799
76138,Cincinnati,OH,39.30199,-84.57574,515,0.0675,21982
62411,Cincinnati,OH,39.30277,-84.75793,515,0.0864,12184
12331,Cincinnati,OH,39.47588,-84.18639,515,0.0522,23449
45701,Cincinnati,OH,39.47609,-84.22484,515,0.0639,59350
77021,Cincinnati,OH,38.87428,-84.75528,515,0.092,33333
19607,Cincinnati,OH,39.03747,-84.40272,515,0.0782,30704
23753,Cincinnati,OH,39.26763,-84.62789,515,0.0624,71502
96859,Cincinnati,OH,39.50856,-84.87649,515,0.0621,65820
25300,Cincinnati,OH,39.53936,-84.06864,515,0.0515,7968
19111,Cincinnati,OH,39.43442,-84.43578,515,0.0763,77919
25134,Cincinnati,OH,39.52229,-84.6315,515,0.0904,12236
11463,Cincinnati,OH,38.89923,-84.08129,515,0.0569,69711
91527,Cincinnati,OH,39.11684,-84.79739,515,0.0725,75406
64744,Cincinnati,OH,39.13411,-84.14822,515,0.057,63513
79614,Cincinnati,OH,39.41512,-84.85398,515,0.0836,62661
83552,Cincinnati,OH,38.88324,-84.62754,515,0.0882,33556
65161,Cincinnati,OH,39.23158,-84.90572,515,0.0855,66719
32154,Cincinnati,OH,39.00852,-84.76407,515,0.0518,34801
58011,Cincinnati,OH,39.52239,-84.35529,515,0.0582,57897
34259,Cincinnati,OH,39.54913,-84.96113,515,0.0661,22051
48573,Cincinnati,OH,38.80677,-84.71446,515,0.0782,11324
44289,Cincinnati,OH,39.43354,-84.57481,515,0.0587,15763
69780,Cincinnati,OH,38.80389,-84.54324,515,0.0646,46491
47554,Cincinnati,OH,39.17215,-84.76563,515,0.0513,51756
50636,Cincinnati,OH,39.18399,-84.84572,515,0.0788,13353
11946,Cincinnati,OH,38.7809,-84.95341,515,0.0743,25777
47463,Cincinnati,OH,38.90395,-84.85353,515,0.0903,21531
29508,Cincinnati,OH,39.26006,-84.23639,515,0.0708,11092
44677,Cincinnati,OH,38.74823,-84.64984,515,0.0838,14010
93247,Cincinnati,OH,39.25013,-84.16139,515,0.0652,65987
69418,Cincinnati,OH,39.24276,-84.30198,515,0.0654,9667
08774,Cincinnati,OH,39.05835,-84.139,515,0.0753,53843
21103,Cincinnati,OH,39.22732,-84.10805,515,0.0929,67415
96887,Cincinnati,OH,38.78072,-84.72381,515,0.0822,69043
93476,Cincinnati,OH,38.95137,-84.8078,515,0.0799,17042
71793,Cincinnati,OH,39.09854,-84.71388,515,0.0687,19003
81933,Cincinnati,OH,38.80076,-84.4049,515,0.0524,4923
41898,Cincinnati,OH,39.20438,-84.38018,515,0.09,16896
06237,Cincinnati,OH,39.47341,-84.88065,515,0.0752,53160
06380,Cincinnati,OH,38.84265,-84.56478,515,0.0879,37291
18107,Cincinnati,OH,38.72735,-84.38245,515,0.0705,61568
16822,Milwaukee,WI,42.95936,-88.18273,617,0.0626,20828
55180,Milwaukee,WI,43.38021,-88.33567,617,0.0627,52130
60038,Milwaukee,WI,42.62347,-88.15682,617,0.0854,38551
56145,Milwaukee,WI,42.59994,-87.6314,617,0.055,70591
96184,Milwaukee,WI,42.72524,-87.6858,617,0.0798,4262
79841,Milwaukee,WI,43.38243,-87.81545,617,0.0749,29317
59003,Milwaukee,WI,42.7633,-87.67154,617,0.0653,68376
45848,Milwaukee,WI,43.4618,-88.13825,617,0.0798,73931
19757,Milwaukee,WI,42.85886,-87.75929,617,0.0814,16236
92526,Milwaukee,WI,42.64248,-87.52969,617,0.0796,27702
68954,Milwaukee,WI,42.88481,-88.12299,617,0.0602,50582
40796,Milwaukee,WI,42.64349,-87.71473,617,0.0816,65306
26718,Milwaukee,WI,43.21711,-87.67066,617,0.0595,38519
31699,Milwaukee,WI,43.26922,-88.29615,617,0.073,36252
44115,Milwaukee,WI,43.08549,-87.66048,617,0.0555,76488
84048,Milwaukee,WI,42.8414,-87.57326,617,0.0723,70021
98472,Milwaukee,WI,42.9883,-87.73076,617,0.0473,3147
46765,Milwaukee,WI,42.75511,-87.55278,617,0.0627,33851
38176,Milwaukee,WI,42.63243,-88.20151,617,0.0758,37561
22499,Milwaukee,WI,43.47647,-88.10523,617,0.0779,23912
85355,Milwaukee,WI,43.03444,-88.02929,617,0.0801,72315
75548,Milwaukee,WI,43.06689,-88.188,617,0.0496,36047
98049,Milwaukee,WI,43.46366,-88.07103,617,0.0573,71357
05537,Milwaukee,WI,43.24047,-87.70982,617,0.0597,63379
04908,Milwaukee,WI,42.96088,-88.00294,617,0.0735,58983
28605,Milwaukee,WI,43.03173,-88.26668,617,0.0811,9031
92527,Milwaukee,WI,43.08329,-88.05742,617,0.0851,7739
28981,Milwaukee,WI,42.9568,-87.91195,617,0.0827,11621
17914,Milwaukee,WI,43.11336,-88.23249,617,0.0773,61703
08421,Milwaukee,WI,43.29296,-87.53449,617,0.0847,27628
48765,Milwaukee,WI,43.02167,-88.21847,617,0.0814,11908
45066,Milwaukee,WI,43.26361,-88.19616,617,0.047,20443
38149,Milwaukee,WI,43.29348,-87.81217,617,0.0504,20868
93449,Milwaukee,WI,42.74469,-88.16567,617,0.0766,14564
31648,Milwaukee,WI,43.4042,-87.68758,617,0.075,76719
79762,Milwaukee,WI,43.41005,-87.74964,617,0.0594,60100
58939,Milwaukee,WI,42.86024,-88.35282,617,0.0706,54969
07351,Milwaukee,WI,43.2934,-88.2299,617,0.0509,18108
90103,Milwaukee,WI,43.27002,-88.2921,617,0.0853,39419
78709,Milwaukee,WI,43.12475,-87.87819,617,0.0526,33458
80074,Milwaukee,WI,42.66616,-88.2565,617,0.0617,40811
74775,Milwaukee,WI,42.97674,-88.08012,617,0.0786,39165
26178,Milwaukee,WI,43.39731,-88.34768,617,0.0648,38642
29875,Milwaukee,WI,43.32153,-87.77014,617,0.0659,49384
83631,Milwaukee,WI,42.65498,-88.33533,617,0.0802,51607
46250,Milwaukee,WI,42.65987,-88.16379,617,0.0498,7610
20674,Milwaukee,WI,42.86832,-87.46642,617,0.0559,7527
24395,Milwaukee,WI,42.78987,-87.88415,617,0.0568,66620
43739,Milwaukee,WI,43.04055,-88.11903,617,0.0508,57414
24722,Milwaukee,WI,43.31886,-88.232,617,0.0675,77275
96864,Milwaukee,WI,42.90109,-87.52104,617,0.0771,35780
40293,Milwaukee,WI,43.4011,-87.8927,617,0.0672,43879
82233,Milwaukee,WI,43.12883,-87.59437,617,0.0551,68387
47296,Milwaukee,WI,43.0009,-87.95958,617,0.0834,15045
92676,Milwaukee,WI,43.46781,-87.85683,617,0.0778,62035
69328,Milwaukee,WI,42.7449,-87.75873,617,0.0511,70959
54194,Milwaukee,WI,42.7222,-87.48041,617,0.0771,6311
64080,Milwaukee,WI,43.32965,-87.83853,617,0.0671,29040
63644,San Antonio,TX,29.02868,-98.10027,641,0.068,48261
30681,San Antonio,TX,29.53686,-98.67102,641,0.0638,24722
13154,San Antonio,TX,29.60852,-98.39471,641,0.0668,68227
02865,San Antonio,TX,29.72386,-98.23774,641,0.0875,24854
60003,San Antonio,TX,29.0238,-98.18215,641,0.059,35730
22367,San Antonio,TX,29.33386,-98.3134,641,0.0928,34989
03974,San Antonio,TX,29.2185,-98.71959,641,0.0642,45745
13478,San Antonio,TX,29.06658,-98.07855,641,0.0867,66864
24930,San Antonio,TX,29.02581,-98.12275,641,0.0703,29331
94933,San Antonio,TX,29.21764,-98.82021,641,0.0847,39757
80377,San Antonio,TX,29.48851,-98.30006,641,0.0694,19753
24781,San Antonio,TX,29.43791,-98.58386,641,0.0804,50787
22611,San Antonio,TX,29.46667,-98.09158,641,0.0596,76176
68277,San Antonio,TX,29.07218,-98.8316,641,0.1077,62540
57522,San Antonio,TX,29.20922,-98.60435,641,0.1069,55742
59064,San Antonio,TX,29.69769,-98.8317,641,0.0879,38124
02118,San Antonio,TX,29.18479,-98.67032,641,0.0778,53608
54402,San Antonio,TX,29.05768,-98.14705,641,0.0582,59725
70586,San Antonio,TX,29.32939,-98.71207,641,0.1026,77948
95672,San Antonio,TX,29.81728,-98.86434,641,0.078,34530
98085,San Antonio,TX,29.56931,-98.91085,641,0.101,64564
43285,San Antonio,TX,29.72461,-98.14385,641,0.0798,56713
27550,San Antonio,TX,29.10267,-98.71888,641,0.0708,56704
55743,San Antonio,TX,29.47054,-98.21209,641,0.1053,47320
42727,San Antonio,TX,29.43144,-98.89488,641,0.0821,59984
86623,San Antonio,TX,29.81433,-98.10602,641,0.082,5269
08806,San Antonio,TX,29.58743,-98.61591,641,0.0973,39474
18252,San Antonio,TX,29.38117,-98.32989,641,0.0706,19238
80508,San Antonio,TX,29.47255,-98.42727,641,0.0935,69846
10938,San Antonio,TX,29.41337,-98.24388,641,0.1003,47583
36645,San Antonio,TX,29.37107,-98.87935,641,0.0817,21939
19478,San Antonio,TX,28.98839,-98.89783,641,0.0771,61572
01090,San Antonio,TX,29.71309,-98.11038,641,0.1069,44536
86576,San Antonio,TX,29.46224,-98.08477,641,0.0925,53263
07576,San Antonio,TX,29.07913,-98.13999,641,0.0845,41472
27736,San Antonio,TX,29.12104,-98.36764,641,0.1044,35052
33682,San Antonio,TX,29.87135,-98.46291,641,0.0685,26405
91650,San Antonio,TX,29.61454,-98.10837,641,0.0682,33707
72381,San Antonio,TX,29.10285,-98.75599,641,0.0693,57221
05682,San Antonio,TX,29.18811,-98.34694,641,0.07,37407
57462,San Antonio,TX,29.35096,-98.79124,641,0.0606,14356
63242,San Antonio,TX,28.97846,-98.33696,641,0.0605,65353
27133,San Antonio,TX,29.77429,-98.39063,641,0.0733,55206
72187,San Antonio,TX,29.35867,-98.65473,641,0.0608,22998
24799,San Antonio,TX,29.10289,-98.75649,641,0.0746,15961
81704,San Antonio,TX,29.12323,-98.86109,641,0.0821,67665
89900,San Antonio,TX,29.64107,-98.24148,641,0.0804,30327
36412,San Antonio,TX,29.01236,-98.32003,641,0.0764,40623
35061,San Antonio,TX,29.04937,-98.78159,641,0.1025,64374
31624,San Antonio,TX,29.73655,-98.18368,641,0.0705,32126
23363,San Antonio,TX,29.77214,-98.73051,641,0.0879,63546
36669,San Antonio,TX,29.35635,-98.08185,641,0.1011,39254
30364,San Antonio,TX,29.59538,-98.59577,641,0.0684,72878
72149,San Antonio,TX,29.52562,-98.81824,641,0.0977,55679
36890,San Antonio,TX,29.69121,-98.40481,641,0.0703,48685
64177,San Antonio,TX,29.37022,-98.77643,641,0.0822,73760
48491,San Antonio,TX,29.65388,-98.27432,641,0.0852,25720
81367,San Antonio,TX,29.38741,-98.28526,641,0.0943,31102
30365,San Antonio,TX,29.48778,-98.2292,641,0.0983,60525
91354,West Palm Beach,FL,26.60901,-80.06434,548,0.0993,52056
33903,West Palm Beach,FL,26.59597,-79.89487,548,0.102,34010
51836,West Palm Beach,FL,26.68551,-80.27284,548,0.117,73565
01835,West Palm Beach,FL,26.49972,-79.81148,548,0.1179,36535
46082,West Palm Beach,FL,26.46235,-80.16325,548,0.0933,12037
57407,West Palm Beach,FL,26.66483,-79.70299,548,0.0873,52520
53421,West Palm Beach,FL,26.90744,-80.00919,548,0.0829,39151
88876,West Palm Beach,FL,26.27239,-80.0957,548,0.1028,36474
39363,West Palm Beach,FL,26.35454,-80.3331,548,0.0923,66547
78442,West Palm Beach,FL,26.77769,-79.61009,548,0.1192,39141
05769,West Palm Beach,FL,26.78241,-80.0519,548,0.0795,38690
89363,West Palm Beach,FL,27.07181,-79.93599,548,0.105,44716
40201,West Palm Beach,FL,26.35745,-80.20227,548,0.0846,41035
84274,West Palm Beach,FL,26.46515,-79.87189,548,0.1129,5706
25275,West Palm Beach,FL,27.10689,-79.97157,548,0.1165,39040
38734,West Palm Beach,FL,27.0726,-80.14189,548,0.1091,54444
75224,West Palm Beach,FL,26.88233,-79.71749,548,0.1101,25401
82894,West Palm Beach,FL,27.12628,-80.27814,548,0.1093,29955
16395,West Palm Beach,FL,26.75391,-80.30927,548,0.0875,5579
41481,West Palm Beach,FL,26.93478,-80.34346,548,0.0752,48710
26973,West Palm Beach,FL,27.00626,-80.44444,548,0.0699,10781
44876,West Palm Beach,FL,26.569,-79.6559,548,0.1237,66449
78826,West Palm Beach,FL,26.60031,-80.19795,548,0.0721,62093
04969,West Palm Beach,FL,27.12131,-79.62891,548,0.1246,15318
58955,West Palm Beach,FL,26.44051,-79.64824,548,0.0797,29475
12030,West Palm Beach,FL,26.76481,-80.2798,548,0.1019,9124
40470,West Palm Beach,FL,26.89779,-79.78923,548,0.0799,12867
20288,West Palm Beach,FL,26.97674,-80.44122,548,0.0804,64929
23402,West Palm Beach,FL,26.90498,-80.03988,548,0.0893,24345
64489,West Palm Beach,FL,26.60869,-80.2374,548,0.1038,41548
47500,West Palm Beach,FL,27.05319,-80.09001,548,0.0772,45899
59744,West Palm Beach,FL,27.13765,-79.9189,548,0.109,75185
27424,West Palm Beach,FL,26.95077,-80.20545,548,0.1282,15260
46086,West Palm Beach,FL,26.9008,-80.47121,548,0.0901,24391
26839,West Palm Beach,FL,26.36226,-79.74496,548,0.0882,4362
85512,West Palm Beach,FL,26.28841,-80.1184,548,0.0813,24330
14150,West Palm Beach,FL,26.79513,-79.65069,548,0.0972,75701
26847,West Palm Beach,FL,26.89463,-79.73028,548,0.1267,46165
24238,West Palm Beach,FL,26.7162,-79.73158,548,0.1127,21731
67365,West Palm Beach,FL,26.97554,-80.39695,548,0.0771,18374
32563,West Palm Beach,FL,26.59107,-80.12963,548,0.1084,58800
20081,West Palm Beach,FL,26.78597,-80.13365,548,0.092,37232
33433,West Palm Beach,FL,26.26991,-80.27322,548,0.1122,13519
58802,West Palm Beach,FL,26.26701,-79.83519,548,0.1114,75303
78019,West Palm Beach,FL,26.87429,-80.1599,548,0.0804,55903
39528,West Palm Beach,FL,27.08746,-80.46637,548,0.1036,55504
38776,West Palm Beach,FL,27.02619,-80.16798,548,0.1053,20347
66123,West Palm Beach,FL,26.69863,-80.49249,548,0.0967,62786
02875,West Palm Beach,FL,26.45551,-80.35866,548,0.1143,42265
06252,West Palm Beach,FL,26.31398,-80.21164,548,0.09,16093
17824,West Palm Beach,FL,26.80487,-80.30542,548,0.1009,12814
02873,West Palm Beach,FL,27.00025,-80.172,548,0.1222,55070
91485,West Palm Beach,FL,27.00337,-80.28872,548,0.1259,63605
34330,West Palm Beach,FL,26.70345,-79.67057,548,0.0722,30384
47845,West Palm Beach,FL,26.87519,-79.72238,548,0.1025,67512
07207,West Palm Beach,FL,26.27897,-80.47076,548,0.1261,31274
60072,West Palm Beach,FL,26.6494,-80.39496,548,0.1247,68931
37937,West Palm Beach,FL,26.51022,-80.08649,548,0.084,53502
76157,West Palm Beach,FL,27.0298,-79.89626,548,0.1,5052
81426,West Palm Beach,FL,26.41518,-79.90275,548,0.1271,34787
43254,West Palm Beach,FL,27.11431,-80.09239,548,0.1032,50109
81938,West Palm Beach,FL,26.7896,-80.05582,548,0.122,56214
42395,West Palm Beach,FL,26.5802,-80.06315,548,0.1161,41882
88161,West Palm Beach,FL,27.16058,-80.0459,548,0.1048,35030
98892,West Palm Beach,FL,27.112,-79.84943,548,0.0909,49545
16261,West Palm Beach,FL,26.28427,-79.74349,548,0.0946,18962
72198,West Palm Beach,FL,27.04486,-79.81254,548,0.0847,55860
82018,West Palm Beach,FL,26.2678,-80.05235,548,0.0933,44459
05547,West Palm Beach,FL,26.34572,-80.30176,548,0.1103,46208
19586,West Palm Beach,FL,26.33578,-79.68016,548,0.1093,43710
28091,West Palm Beach,FL,26.56273,-80.20212,548,0.1285,54396
61240,West Palm Beach,FL,26.48141,-80.19691,548,0.1136,29641
06057,Las Vegas,NV,36.39969,-115.2344,839,0.1015,39638
05598,Las Vegas,NV,36.1339,-115.40053,839,0.102,54852
30697,Las Vegas,NV,36.47584,-114.74704,839,0.0705,25128
44120,Las Vegas,NV,36.60745,-114.87369,839,0.0823,40926
09334,Las Vegas,NV,35.95496,-114.79098,839,0.0611,24776
76642,Las Vegas,NV,36.48557,-115.44561,839,0.0877,57402
67754,Las Vegas,NV,35.9589,-114.90784,839,0.0689,11899
59685,Las Vegas,NV,36.37593,-115.06497,839,0.0616,17478
72158,Las Vegas,NV,36.49969,-115.46735,839,0.0989,28762
26140,Las Vegas,NV,36.15428,-115.27819,839,0.0627,70397
91811,Las Vegas,NV,36.02959,-115.4856,839,0.0856,48544
76000,Las Vegas,NV,36.38155,-115.02108,839,0.0642,8961
69881,Las Vegas,NV,36.12179,-115.2935,839,0.0833,71301
46136,Las Vegas,NV,35.87461,-115.00841,839,0.0818,56661
30943,Las Vegas,NV,36.19012,-115.14429,839,0.0743,10141
88163,Las Vegas,NV,36.60816,-114.74171,839,0.0976,63683
69329,Las Vegas,NV,35.95904,-114.95654,839,0.0828,44826
51284,Las Vegas,NV,35.82513,-115.04483,839,0.098,54021
20997,Las Vegas,NV,35.82768,-115.13305,839,0.0774,58906
08123,Las Vegas,NV,36.28773,-115.3545,839,0.0903,4128
59948,Las Vegas,NV,36.30446,-115.04858,839,0.1083,73924
30790,Las Vegas,NV,36.26229,-114.96959,839,0.0771,16577
74114,Las Vegas,NV,36.10279,-115.10409,839,0.1041,59884
44700,Las Vegas,NV,35.98916,-114.9841,839,0.0802,40995
79406,Las Vegas,NV,36.27573,-115.49889,839,0.0771,17154
69845,Las Vegas,NV,36.16411,-115.11481,839,0.0774,60808
10116,Las Vegas,NV,36.4577,-114.97859,839,0.0744,6379
70931,Las Vegas,NV,35.93162,-115.56428,839,0.1106,72691
33423,Las Vegas,NV,36.47711,-114.69874,839,0.0657,59134
03715,Las Vegas,NV,36.05898,-115.0315,839,0.0874,51009
66220,Las Vegas,NV,36.37501,-115.17399,839,0.0924,56508
71963,Las Vegas,NV,36.60023,-115.36508,839,0.0841,23795
11406,Las Vegas,NV,36.41276,-115.30653,839,0.062,71044
66705,Las Vegas,NV,35.84029,-114.79596,839,0.0719,28969
38002,Las Vegas,NV,36.49758,-115.27189,839,0.1085,5834
05845,Las Vegas,NV,35.73237,-115.23053,839,0.0939,64254
59868,Las Vegas,NV,36.01339,-114.8612,839,0.0615,73914
52030,Las Vegas,NV,36.18561,-115.54976,839,0.1036,57301
17708,Las Vegas,NV,35.96795,-114.91977,839,0.0728,62755
99218,Las Vegas,NV,36.04221,-115.57926,839,0.0723,26910
70084,Las Vegas,NV,35.80206,-115.54107,839,0.1003,12134
92450,Las Vegas,NV,35.82059,-115.12966,839,0.0681,52401
74436,Las Vegas,NV,36.4891,-115.37575,839,0.0765,71528
30311,Las Vegas,NV,36.19156,-115.57869,839,0.1007,57277
86798,Las Vegas,NV,36.25767,-115.50654,839,0.1025,58185
73019,Las Vegas,NV,36.23028,-114.72446,839,0.0858,60984
04792,Las Vegas,NV,35.89333,-115.36979,839,0.0914,60112
37216,Las Vegas,NV,35.82426,-115.34908,839,0.107,68381
15995,Las Vegas,NV,35.92024,-114.79065,839,0.0994,45932
39984,Las Vegas,NV,36.40154,-115.45119,839,0.109,40518
09657,Las Vegas,NV,36.47155,-115.20612,839,0.1041,61515
75320,Las Vegas,NV,36.44963,-115.20803,839,0.0649,70753
55973,Las Vegas,NV,36.39464,-115.18133,839,0.0978,51353
24417,Las Vegas,NV,36.21952,-114.92938,839,0.0914,52866
46888,Las Vegas,NV,35.83709,-115.54382,839,0.0919,52154
37634,Las Vegas,NV,35.9815,-115.02648,839,0.1067,28047
17025,Las Vegas,NV,36.30459,-115.11154,839,0.0942,70460
53440,Las Vegas,NV,36.33305,-114.99522,839,0.0937,17199
83518,Las Vegas,NV,35.89941,-114.70797,839,0.0724,48439
05620,Las Vegas,NV,36.43484,-115.4732,839,0.1071,66673
02203,Las Vegas,NV,36.12805,-114.96691,839,0.0892,18303
99686,Las Vegas,NV,35.77723,-115.05449,839,0.0727,32309
64768,Las Vegas,NV,36.1961,-115.32608,839,0.0799,32058
49020,Las Vegas,NV,35.9468,-115.4684,839,0.1119,49636
26657,Las Vegas,NV,35.81787,-114.71179,839,0.1074,14947
94612,Austin,TX,30.31345,-97.30665,635,0.0762,59581
61799,Austin,TX,29.82472,-97.67454,635,0.0666,31835
32229,Austin,TX,30.61183,-97.89289,635,0.0935,77876
21441,Austin,TX,30.14143,-97.95649,635,0.0664,16022
04215,Austin,TX,30.08637,-97.90772,635,0.0943,3402
32243,Austin,TX,30.26904,-97.73623,635,0.0628,29676
63679,Austin,TX,30.48602,-98.04059,635,0.0969,43408
13371,Austin,TX,29.96453,-97.34639,635,0.082,43653
72804,Austin,TX,30.69081,-97.85589,635,0.074,17936
10690,Austin,TX,30.2403,-98.08765,635,0.0899,62610
23894,Austin,TX,30.27807,-97.40623,635,0.0766,54769
64603,Austin,TX,30.45768,-97.77753,635,0.065,43768
41683,Austin,TX,30.12245,-97.96777,635,0.0929,14410
27134,Austin,TX,30.16493,-97.53185,635,0.0569,27701
27639,Austin,TX,30.10551,-98.02969,635,0.0628,62213
27215,Austin,TX,30.70819,-98.06455,635,0.0866,34169
89809,Austin,TX,30.57695,-97.93561,635,0.0622,69741
99220,Austin,TX,30.69791,-97.69267,635,0.0707,52046
13003,Austin,TX,29.96566,-98.12018,635,0.0807,41748
21146,Austin,TX,30.63718,-97.37956,635,0.0897,69567
71243,Austin,TX,30.39918,-97.8938,635,0.0775,74285
56198,Austin,TX,30.68428,-97.96353,635,0.0933,42498
55458,Austin,TX,29.88415,-97.99271,635,0.079,13951
97204,Austin,TX,30.32048,-97.48458,635,0.0732,69469
08244,Austin,TX,30.26282,-98.089,635,0.0918,58352
71544,Austin,TX,30.32321,-97.4961,635,0.0848,44108
58937,Austin,TX,30.09838,-97.71851,635,0.0997,6847
07347,Austin,TX,29.95114,-97.50069,635,0.0814,44641
29145,Austin,TX,29.93142,-97.67008,635,0.0965,25535
01386,Austin,TX,30.62581,-97.3049,635,0.0645,74912
42746,Austin,TX,30.25384,-97.89101,635,0.061,37555
08632,Austin,TX,30.66464,-97.43707,635,0.1004,67846
93370,Austin,TX,30.26649,-98.13764,635,0.0755,46652
57744,Austin,TX,29.8751,-97.60208,635,0.0575,68695
27471,Austin,TX,30.65506,-97.54071,635,0.0626,34697
61531,Austin,TX,29.8646,-97.62686,635,0.0826,48189
09306,Austin,TX,30.31201,-97.90617,635,0.0706,54863
68403,Austin,TX,29.97531,-97.47056,635,0.1008,16116
50531,Austin,TX,29.99618,-97.41163,635,0.0718,43151
54954,Austin,TX,29.87552,-97.44119,635,0.0644,71831
67106,Austin,TX,30.45756,-97.34812,635,0.0968,22465
94801,Austin,TX,29.86581,-97.34716,635,0.0745,68822
03535,Austin,TX,29.97572,-98.15777,635,0.059,19702
63292,Austin,TX,30.19673,-97.62561,635,0.087,74706
39493,Austin,TX,29.9511,-97.76231,635,0.0614,23086
56343,Austin,TX,30.64379,-98.06042,635,0.0993,9383
49178,Austin,TX,30.41053,-97.71235,635,0.0836,32226
66227,Austin,TX,30.71124,-97.68031,635,0.0936,35339
08140,Austin,TX,30.7147,-97.54464,635,0.0776,30990
45885,Austin,TX,30.60805,-97.68893,635,0.1022,25414
99141,Austin,TX,29.9228,-97.40143,635,0.0602,30225
94686,Austin,TX,30.6276,-97.7066,635,0.0595,49413
29693,Austin,TX,30.12479,-97.55035,635,0.072,51774
49323,Austin,TX,30.04092,-97.37118,635,0.0783,25765
35163,Austin,TX,30.36518,-98.06151,635,0.0796,74783
43397,Austin,TX,30.46029,-97.87363,635,0.0749,72101
23065,Austin,TX,29.95457,-97.43251,635,0.0938,14499
31647,Austin,TX,30.60001,-97.83952,635,0.1013,69906
03046,Austin,TX,30.20078,-97.98899,635,0.0778,42017
65247,Austin,TX,30.15995,-97.48905,635,0.0706,51463
78741,Austin,TX,30.14857,-97.39951,635,0.0673,42064
71176,Jacksonville,FL,30.64832,-81.53052,561,0.1167,7581
73797,Jacksonville,FL,30.26492,-81.92785,561,0.1039,41050
65044,Jacksonville,FL,30.48054,-81.51581,561,0.0639,32554
44137,Jacksonville,FL,30.33573,-81.71505,561,0.064,30510
94195,Jacksonville,FL,29.98106,-81.79975,561,0.0743,74835
85694,Jacksonville,FL,30.77748,-81.43886,561,0.0937,71910
20697,Jacksonville,FL,30.36379,-81.25658,561,0.1152,59632
35926,Jacksonville,FL,30.06369,-81.62171,561,0.0859,35021
07257,Jacksonville,FL,30.4401,-82.03193,561,0.0919,19363
71359,Jacksonville,FL,30.1131,-81.46204,561,0.0776,27968
21710,Jacksonville,FL,30.24328,-81.56413,561,0.0946,37605
07852,Jacksonville,FL,30.19587,-81.66733,561,0.0648,52088
82263,Jacksonville,FL,30.12968,-81.97929,561,0.0981,70437
35033,Jacksonville,FL,30.27004,-81.43032,561,0.0901,23711
36120,Jacksonville,FL,29.99445,-81.53385,561,0.1125,61946
98776,Jacksonville,FL,30.15646,-81.68116,561,0.0833,35838
78745,Jacksonville,FL,29.99501,-81.54238,561,0.1087,12541
15126,Jacksonville,FL,30.41313,-81.88478,561,0.079,38310
57156,Jacksonville,FL,30.31793,-81.61147,561,0.064,17087
11225,Jacksonville,FL,30.06217,-81.38924,561,0.1054,13958
48523,Jacksonville,FL,30.02831,-81.21778,561,0.072,66685
11939,Jacksonville,FL,30.54541,-82.01812,561,0.1045,7971
94144,Jacksonville,FL,30.7302,-81.84259,561,0.0881,71270
43190,Jacksonville,FL,30.38199,-81.59264,561,0.0665,71088
72887,Jacksonville,FL,29.97083,-81.65335,561,0.0732,59088
46504,Jacksonville,FL,30.52949,-81.42736,561,0.0717,40202
05374,Jacksonville,FL,30.75378,-81.54013,561,0.073,27578
33510,Jacksonville,FL,30.70366,-81.88479,561,0.1095,9453
19396,Jacksonville,FL,30.35479,-81.49343,561,0.1162,16628
19710,Jacksonville,FL,30.463,-81.54214,561,0.0952,2816
02700,Jacksonville,FL,30.33121,-82.0348,561,0.1076,9337
43221,Jacksonville,FL,30.74094,-81.94868,561,0.0958,7839
83880,Jacksonville,FL,30.20889,-81.46657,561,0.066,28316
94636,Jacksonville,FL,30.77232,-81.86584,561,0.0874,5119
72982,Jacksonville,FL,30.49918,-81.40223,561,0.103,59081
77584,Jacksonville,FL,30.75922,-81.74669,561,0.1117,41460
72615,Jacksonville,FL,30.64614,-81.80417,561,0.1028,33885
03822,Jacksonville,FL,30.22692,-81.56928,561,0.0835,10726
92594,Jacksonville,FL,30.77561,-81.69675,561,0.0706,22510
93629,Jacksonville,FL,29.89582,-81.28589,561,0.0706,76358
10181,Jacksonville,FL,30.73255,-81.4145,561,0.0949,39805
14900,Jacksonville,FL,30.48863,-81.37955,561,0.0742,32452
25481,Jacksonville,FL,30.25242,-81.56724,561,0.111,37498
96082,Jacksonville,FL,30.09804,-81.58052,561,0.086,16121
76549,Jacksonville,FL,30.24641,-81.35609,561,0.1149,27129
28571,Jacksonville,FL,29.90488,-81.47402,561,0.1101,77670
67179,Jacksonville,FL,30.30281,-81.43613,561,0.0663,66803
08061,Jacksonville,FL,30.06329,-81.65866,561,0.0974,60429
21843,Jacksonville,FL,30.71535,-81.9384,561,0.0963,11815
49380,Jacksonville,FL,30.45515,-81.82052,561,0.0687,64261
81902,Jacksonville,FL,30.0674,-81.35333,561,0.1049,8202
59955,Jacksonville,FL,30.47944,-81.5797,561,0.0855,10079
40541,Jacksonville,FL,30.04458,-81.54141,561,0.0998,63539
44970,Jacksonville,FL,30.46935,-81.72782,561,0.0948,7576
97180,Jacksonville,FL,30.25309,-81.22918,561,0.0941,47171
82689,Jacksonville,FL,30.6835,-81.88091,561,0.0888,37220
23901,Jacksonville,FL,30.08571,-81.50413,561,0.0791,48825
48539,Jacksonville,FL,30.35436,-81.74635,561,0.0824,19415
18260,Jacksonville,FL,30.24617,-82.07528,561,0.1093,61279
64691,Jacksonville,FL,30.11482,-81.49656,561,0.1126,29037
41111,Jacksonville,FL,29.9436,-81.35449,561,0.0941,58721
70081,Jacksonville,FL,30.21069,-82.05959,561,0.0641,16699
57237,Jacksonville,FL,30.46591,-81.32115,561,0.0887,58490
36239,Jacksonville,FL,30.46215,-81.93405,561,0.0752,69856
57229,Jacksonville,FL,29.98453,-81.50729,561,0.0902,7429
35920,Jacksonville,FL,30.02743,-81.83113,561,0.1004,19897
28993,Jacksonville,FL,30.21828,-81.54731,561,0.1038,38040
65695,Jacksonville,FL,30.05431,-81.6024,561,0.0957,74914
21745,Jacksonville,FL,30.41971,-81.76111,561,0.0759,7751
90428,Jacksonville,FL,30.42236,-81.24905,561,0.1119,37756
95447,Birmingham AL,AL,33.81302,-86.67303,630,0.0617,69463
68728,Birmingham AL,AL,33.80367,-87.07816,630,0.0824,35852
60532,Birmingham AL,AL,33.62203,-86.50725,630,0.1126,3511
60724,Birmingham AL,AL,33.39666,-87.09104,630,0.1064,28908
81613,Birmingham AL,AL,33.4773,-86.503,630,0.0698,15953
07005,Birmingham AL,AL,33.49785,-87.10993,630,0.0884,21024
26946,Birmingham AL,AL,33.90475,-86.73831,630,0.1057,21078
16504,Birmingham AL,AL,33.79466,-87.11885,630,0.0901,38167
21744,Birmingham AL,AL,33.65058,-87.15582,630,0.0877,26514
03199,Birmingham AL,AL,33.76841,-87.17352,630,0.0786,6012
88912,Birmingham AL,AL,33.85199,-86.98932,630,0.1137,66537
96673,Birmingham AL,AL,33.23911,-86.93227,630,0.1036,26638
41999,Birmingham AL,AL,33.91971,-86.45136,630,0.0775,8780
34626,Birmingham AL,AL,33.63992,-87.08195,630,0.1087,57812
94493,Birmingham AL,AL,33.41036,-86.61061,630,0.0623,20450
59309,Birmingham AL,AL,33.94939,-86.71925,630,0.1123,5845
77719,Birmingham AL,AL,33.75039,-86.58173,630,0.1038,36249
64322,Birmingham AL,AL,33.70161,-86.43581,630,0.0948,9051
84375,Birmingham AL,AL,33.87917,-87.24828,630,0.0646,27455
99821,Birmingham AL,AL,33.56773,-87.00001,630,0.0814,43767
83407,Birmingham AL,AL,33.22062,-86.8879,630,0.0922,16894
26477,Birmingham AL,AL,33.90567,-87.25287,630,0.1002,47957
75661,Birmingham AL,AL,33.91269,-87.00247,630,0.063,46259
50586,Birmingham AL,AL,33.96313,-86.88053,630,0.0937,60048
90295,Birmingham AL,AL,33.50382,-86.46294,630,0.0898,77088
61387,Birmingham AL,AL,33.11144,-87.11471,630,0.0843,14287
69759,Birmingham AL,AL,33.71623,-86.93158,630,0.0656,75134
09784,Birmingham AL,AL,33.9034,-87.06444,630,0.1047,24315
31484,Birmingham AL,AL,33.6704,-86.51109,630,0.0918,33014
21926,Birmingham AL,AL,33.4191,-87.04865,630,0.1133,54185
06214,Birmingham AL,AL,33.35823,-86.97206,630,0.1078,3400
82936,Birmingham AL,AL,33.84237,-87.13923,630,0.075,42362
49963,Birmingham AL,AL,33.78545,-86.40963,630,0.1099,12491
62893,Birmingham AL,AL,33.90782,-86.90013,630,0.1115,9197
16187,Birmingham AL,AL,33.47647,-87.10617,630,0.1109,41201
51103,Birmingham AL,AL,33.28617,-86.80246,630,0.1065,4541
78878,Birmingham AL,AL,33.72303,-86.77167,630,0.0632,21173
16205,Birmingham AL,AL,33.15989,-86.39522,630,0.0921,30339
39256,Birmingham AL,AL,33.09614,-86.62573,630,0.0993,26264
05463,Birmingham AL,AL,33.48728,-86.61944,630,0.0647,33156
53560,Birmingham AL,AL,33.57758,-87.15426,630,0.0985,72363
75441,Birmingham AL,AL,33.12728,-87.11133,630,0.1008,23708
08319,Birmingham AL,AL,33.35757,-87.20681,630,0.1117,69504
79038,Birmingham AL,AL,33.17182,-86.63848,630,0.0645,35564
32143,Birmingham AL,AL,33.59527,-87.23863,630,0.079,69908
96885,Birmingham AL,AL,33.86149,-86.63062,630,0.1124,14651
83990,Birmingham AL,AL,33.14177,-86.88387,630,0.0905,30752
27574,Birmingham AL,AL,33.08308,-87.15455,630,0.1036,66358
62836,Birmingham AL,AL,33.68371,-86.65695,630,0.0773,38301
43237,Birmingham AL,AL,33.40493,-86.53093,630,0.0931,38991
68743,Birmingham AL,AL,33.76199,-86.38797,630,0.0934,47692
25628,Birmingham AL,AL,33.96111,-86.82876,630,0.0972,55390
89891,Birmingham AL,AL,33.53927,-87.10148,630,0.081,56679
70158,Birmingham AL,AL,33.73717,-87.11781,630,0.072,64556
07121,Birmingham AL,AL,33.86242,-87.24285,630,0.085,72576
42609,Birmingham AL,AL,33.38617,-86.79582,630,0.0826,3156
11641,Birmingham AL,AL,33.47923,-87.09588,630,0.1007,71702
38414,Birmingham AL,AL,33.91433,-86.81848,630,0.067,13015
41524,Birmingham AL,AL,33.83211,-86.84699,630,0.0842,37801
50435,Birmingham AL,AL,33.34506,-86.66121,630,0.0933,22139
37238,Birmingham AL,AL,33.36175,-87.16571,630,0.0717,71630
42920,Birmingham AL,AL,33.36379,-87.16385,630,0.1076,10296
26084,Birmingham AL,AL,33.44015,-86.99669,630,0.0647,41270
58815,Birmingham AL,AL,33.50523,-87.10861,630,0.0741,44444
09151,Birmingham AL,AL,33.63986,-86.85952,630,0.0728,33928
64488,Birmingham AL,AL,33.83429,-86.92386,630,0.0869,5867
11492,Birmingham AL,AL,33.28702,-87.04381,630,0.0723,44282
17023,Birmingham AL,AL,33.79053,-86.98922,630,0.0923,27992
60001,Memphis,TN,35.16336,-89.96767,640,0.0965,71141
59738,Memphis,TN,35.14042,-89.8585,640,0.0807,42886
20996,Memphis,TN,34.83898,-89.60587,640,0.0652,4895
90749,Memphis,TN,34.86822,-89.97408,640,0.0826,47550
55889,Memphis,TN,34.76362,-89.77353,640,0.1058,25352
49843,Memphis,TN,35.04233,-89.93279,640,0.0911,37392
32409,Memphis,TN,35.00313,-89.78331,640,0.0868,44962
82224,Memphis,TN,35.32648,-90.11765,640,0.096,60636
20109,Memphis,TN,35.09479,-89.67293,640,0.1049,6783
83418,Memphis,TN,35.29313,-90.39101,640,0.0669,38883
72895,Memphis,TN,34.77075,-89.72669,640,0.0948,54656
12218,Memphis,TN,34.78919,-90.33269,640,0.0858,67038
18056,Memphis,TN,35.02121,-89.60084,640,0.1002,6070
38424,Memphis,TN,34.83113,-90.06238,640,0.0707,69203
57125,Memphis,TN,35.56557,-90.15221,640,0.1004,7929
97282,Memphis,TN,34.9761,-89.92889,640,0.0577,6866
45508,Memphis,TN,34.97849,-89.72539,640,0.0577,63529
13017,Memphis,TN,34.97726,-89.86686,640,0.0785,37689
38415,Memphis,TN,34.93349,-89.7034,640,0.0982,29306
81764,Memphis,TN,35.1165,-90.05248,640,0.1012,59587
04462,Memphis,TN,35.09627,-89.95916,640,0.0638,41584
48378,Memphis,TN,35.24293,-89.65345,640,0.087,29998
05331,Memphis,TN,35.57024,-89.78248,640,0.0684,50774
05397,Memphis,TN,35.03008,-90.31407,640,0.0717,39049
95074,Memphis,TN,35.378,-89.78587,640,0.0599,7225
01766,Memphis,TN,35.23446,-90.48718,640,0.0829,20894
45427,Memphis,TN,35.09269,-90.01201,640,0.0648,28925
57836,Memphis,TN,35.24892,-90.34283,640,0.0649,31448
78981,Memphis,TN,35.54269,-89.69134,640,0.0629,77608
24831,Memphis,TN,35.06953,-90.47124,640,0.0698,5056
09556,Memphis,TN,35.56208,-90.24199,640,0.0745,20777
82414,Memphis,TN,34.81708,-90.07385,640,0.0728,44305
19322,Memphis,TN,35.22389,-89.64396,640,0.0778,8250
18642,Memphis,TN,35.0352,-89.73155,640,0.0787,10481
77358,Memphis,TN,34.92419,-90.29488,640,0.0747,44209
21596,Memphis,TN,35.30328,-89.85177,640,0.0596,21582
37267,Memphis,TN,35.43946,-89.71098,640,0.0962,25732
89454,Memphis,TN,35.32309,-90.43124,640,0.0906,31516
43007,Memphis,TN,35.12,-89.84598,640,0.1039,28381
47779,Memphis,TN,35.00691,-90.18637,640,0.0867,73108
12157,Memphis,TN,34.77417,-89.78927,640,0.0901,58528
28201,Memphis,TN,35.00529,-89.9656,640,0.0817,66760
70413,Memphis,TN,34.86562,-89.60474,640,0.0947,51562
40261,Memphis,TN,35.0523,-90.33106,640,0.0713,77771
24320,Memphis,TN,34.96567,-90.36733,640,0.0731,9145
34322,Memphis,TN,35.11772,-90.17945,640,0.0932,8594
17876,Memphis,TN,35.34811,-89.63671,640,0.072,55394
26193,Memphis,TN,35.36626,-90.22415,640,0.099,31673
62645,Memphis,TN,35.08951,-90.43803,640,0.0976,61448
92796,Memphis,TN,35.04373,-89.90068,640,0.063,48121
09085,Memphis,TN,35.58145,-90.34305,640,0.0817,55574
73875,Memphis,TN,35.25756,-89.96465,640,0.0702,53983
59985,Memphis,TN,35.42201,-90.22699,640,0.0883,55012
68511,Memphis,TN,34.79735,-90.33129,640,0.0643,8403
06629,Memphis,TN,35.43136,-89.87425,640,0.0943,28782
09234,Memphis,TN,35.48963,-89.92283,640,0.1039,75377
80316,Memphis,TN,35.4784,-90.44781,640,0.0655,74994
73923,Memphis,TN,35.30037,-90.15166,640,0.0609,11889
74054,Memphis,TN,35.49944,-90.28931,640,0.0921,53230
31972,Memphis,TN,35.36799,-90.13265,640,0.0584,40231
37424,Memphis,TN,35.21097,-89.89622,640,0.0739,35610
35295,Memphis,TN,35.07869,-90.44355,640,0.0933,53820
95128,Memphis,TN,35.50217,-90.12316,640,0.0846,58766
44460,Memphis,TN,34.78227,-89.63643,640,0.0623,70729
01508,Memphis,TN,35.35978,-90.44934,640,0.0695,56770
11456,Memphis,TN,35.06731,-90.17202,640,0.0667,73874
85819,Memphis,TN,35.2992,-90.4746,640,0.1008,36501
79840,Memphis,TN,35.12721,-90.30304,640,0.0905,55719
55910,Memphis,TN,35.22264,-90.13189,640,0.0824,13842
27230,Memphis,TN,35.58293,-90.11591,640,0.0737,11149
39589,Memphis,TN,35.489,-90.20383,640,0.0773,51589
76276,Memphis,TN,35.33419,-90.26622,640,0.0618,6685
62696,Memphis,TN,35.12391,-89.77222,640,0.0904,42183
17970,Memphis,TN,35.11942,-89.7539,640,0.0612,31337
78361,Memphis,TN,35.39857,-89.62808,640,0.081,8867
59952,Memphis,TN,34.98648,-90.48867,640,0.065,55220
69484,Memphis,TN,35.17032,-90.13627,640,0.1025,4370
03693,Memphis,TN,34.74575,-89.859,640,0.059,31623
52621,Memphis,TN,35.09041,-89.67024,640,0.069,3079
92918,Oklahoma City,OK,35.34825,-97.86975,650,0.0696,52676
72654,Oklahoma City,OK,35.29044,-97.08306,650,0.0729,76228
47466,Oklahoma City,OK,35.89789,-97.31568,650,0.0709,71399
68495,Oklahoma City,OK,35.70551,-97.95803,650,0.0806,5509
19373,Oklahoma City,OK,35.5082,-97.81607,650,0.1021,44285
28256,Oklahoma City,OK,35.48873,-97.7304,650,0.0994,3588
40693,Oklahoma City,OK,35.57657,-97.16774,650,0.0683,9173
43944,Oklahoma City,OK,35.6484,-97.7962,650,0.0951,22465
19837,Oklahoma City,OK,35.48822,-97.44951,650,0.0663,26055
39420,Oklahoma City,OK,35.48694,-97.56566,650,0.0791,20974
52433,Oklahoma City,OK,35.02819,-97.90811,650,0.0942,24850
21106,Oklahoma City,OK,35.6478,-97.62426,650,0.0938,20752
55050,Oklahoma City,OK,35.43271,-97.31359,650,0.1,31998
70960,Oklahoma City,OK,35.59506,-97.56422,650,0.0979,18453
88086,Oklahoma City,OK,35.80879,-97.82741,650,0.0876,32258
12713,Oklahoma City,OK,35.09235,-97.58676,650,0.0985,68705
37943,Oklahoma City,OK,35.10069,-97.8949,650,0.0783,51101
54221,Oklahoma City,OK,35.71797,-97.6084,650,0.0824,29669
55402,Oklahoma City,OK,35.523,-97.2352,650,0.0789,61344
27969,Oklahoma City,OK,35.40204,-97.89369,650,0.0908,65946
14084,Oklahoma City,OK,35.90752,-97.16799,650,0.0649,47893
10688,Oklahoma City,OK,35.14873,-97.11456,650,0.0708,18806
27520,Oklahoma City,OK,35.77553,-97.41014,650,0.095,69974
79759,Oklahoma City,OK,35.1169,-97.60527,650,0.0598,15440
77526,Oklahoma City,OK,35.74329,-97.96639,650,0.0747,7971
55947,Oklahoma City,OK,35.04706,-97.63904,650,0.1028,35383
95800,Oklahoma City,OK,35.29664,-97.07787,650,0.1002,53136
97287,Oklahoma City,OK,35.62102,-97.25172,650,0.073,2796
04337,Oklahoma City,OK,35.35417,-97.34313,650,0.1023,60388
54856,Oklahoma City,OK,35.5415,-97.93429,650,0.0953,11815
93042,Oklahoma City,OK,35.87627,-97.93832,650,0.0563,43650
20131,Oklahoma City,OK,35.08407,-97.92164,650,0.0821,55172
30896,Oklahoma City,OK,35.69492,-97.34879,650,0.0785,28459
59557,Oklahoma City,OK,35.84656,-97.29062,650,0.0698,32180
46500,Oklahoma City,OK,35.27277,-97.61058,650,0.0874,19169
47784,Oklahoma City,OK,35.19359,-97.62449,650,0.1017,62434
52063,Oklahoma City,OK,35.66476,-97.22007,650,0.0781,51924
11362,Oklahoma City,OK,35.71608,-97.39022,650,0.1037,37979
17732,Oklahoma City,OK,35.45544,-97.18446,650,0.0868,76372
48697,Oklahoma City,OK,35.78738,-97.89389,650,0.0695,66414
02464,Oklahoma City,OK,35.7553,-97.79892,650,0.0934,14058
46892,Oklahoma City,OK,35.43221,-97.38083,650,0.0878,45610
91784,Oklahoma City,OK,35.21704,-97.22026,650,0.0883,15062
40818,Oklahoma City,OK,35.91257,-97.51934,650,0.066,40021
91019,Oklahoma City,OK,35.63447,-97.9073,650,0.081,31690
17546,Oklahoma City,OK,35.86705,-97.91391,650,0.1039,44542
47860,Oklahoma City,OK,35.87656,-97.93819,650,0.089,70883
75993,Oklahoma City,OK,35.38965,-97.44247,650,0.0893,76042
88356,Oklahoma City,OK,35.21671,-97.65693,650,0.0854,42249
51473,Oklahoma City,OK,35.20958,-97.18441,650,0.0613,45215
54180,Oklahoma City,OK,35.67283,-97.95914,650,0.0672,10219
03160,Oklahoma City,OK,35.91375,-97.71994,650,0.092,41161
30568,Oklahoma City,OK,35.01821,-97.85821,650,0.0892,13996
84385,Oklahoma City,OK,35.25146,-97.22816,650,0.0941,31759
75609,Greenville SC,SC,35.13696,-82.38985,567,0.1057,76179
42809,Greenville SC,SC,34.8851,-82.81149,567,0.1067,36881
14178,Greenville SC,SC,34.85323,-82.6751,567,0.0752,57354
27166,Greenville SC,SC,34.48212,-82.56346,567,0.0756,45361
67420,Greenville SC,SC,34.62147,-82.5336,567,0.0687,20148
60303,Greenville SC,SC,34.48168,-82.0471,567,0.0959,55085
12945,Greenville SC,SC,34.55672,-82.76207,567,0.078,13465
12166,Greenville SC,SC,34.98441,-82.51148,567,0.0659,66180
73546,Greenville SC,SC,34.88565,-82.08722,567,0.0657,31271
31455,Greenville SC,SC,34.77419,-82.19212,567,0.0745,51300
01170,Greenville SC,SC,34.44433,-82.8276,567,0.0742,67902
64662,Greenville SC,SC,34.4549,-82.58229,567,0.1058,43087
81374,Greenville SC,SC,34.61374,-82.53308,567,0.0799,59302
43067,Greenville SC,SC,34.65687,-82.70485,567,0.0594,26623
50818,Greenville SC,SC,34.48825,-82.28952,567,0.0852,72097
01329,Greenville SC,SC,34.48985,-82.67953,567,0.1052,26270
31642,Greenville SC,SC,34.9926,-82.04302,567,0.1078,18330
59677,Greenville SC,SC,34.92829,-82.36559,567,0.09,42331
95774,Greenville SC,SC,34.52509,-82.14096,567,0.0942,60574
74280,Greenville SC,SC,34.57251,-82.25139,567,0.0676,62972
20823,Greenville SC,SC,34.78179,-82.50306,567,0.0892,35251
14185,Greenville SC,SC,34.95916,-82.25482,567,0.0881,39875
53648,Greenville SC,SC,34.59386,-82.29827,567,0.1044,29689
65004,Greenville SC,SC,34.41824,-82.59631,567,0.0719,64892
66111,Greenville SC,SC,34.66311,-82.16363,567,0.0708,28755
63889,Greenville SC,SC,34.80556,-82.56417,567,0.1045,32469
17879,Greenville SC,SC,35.1475,-82.0018,567,0.1063,12451
50859,Greenville SC,SC,35.18861,-82.69208,567,0.0706,35080
10326,Greenville SC,SC,35.0103,-82.39689,567,0.1068,28294
90567,Greenville SC,SC,35.10387,-82.42866,567,0.0585,5477
10943,Greenville SC,SC,34.72522,-82.59809,567,0.0681,19209
33857,Greenville SC,SC,35.1562,-82.10567,567,0.0689,19435
08802,Greenville SC,SC,35.06195,-82.79919,567,0.0821,21901
47619,Greenville SC,SC,34.66205,-82.81826,567,0.0829,68420
79254,Greenville SC,SC,35.28381,-82.57001,567,0.0739,37344
93776,Greenville SC,SC,34.94507,-82.42437,567,0.0643,67027
95901,Greenville SC,SC,35.27235,-82.05453,567,0.0892,66246
51788,Greenville SC,SC,34.84953,-82.21756,567,0.0682,68254
54603,Greenville SC,SC,34.67075,-82.39641,567,0.067,34974
16011,Greenville SC,SC,35.28381,-82.35697,567,0.073,50659
13711,Greenville SC,SC,34.81396,-82.53382,567,0.1039,41678
99216,Greenville SC,SC,35.26156,-82.54815,567,0.0653,46406
32919,Greenville SC,SC,34.99758,-82.56927,567,0.0603,14352
78465,Greenville SC,SC,34.87214,-81.96673,567,0.1041,33656
29673,Greenville SC,SC,34.43454,-82.14586,567,0.0767,73908
78930,Greenville SC,SC,34.46677,-82.6249,567,0.0654,64194
34450,Greenville SC,SC,34.5299,-82.59664,567,0.0587,59382
56284,Greenville SC,SC,34.76953,-82.08556,567,0.0861,18917
83908,Greenville SC,SC,34.7008,-82.59299,567,0.0788,63862
48436,Greenville SC,SC,34.93323,-82.60901,567,0.0787,64015
55929,Greenville SC,SC,34.98575,-82.533,567,0.1011,67620
40300,Greenville SC,SC,35.05668,-82.76035,567,0.095,9827
85979,Greenville SC,SC,34.44956,-82.58918,567,0.0914,50332
60590,Greenville SC,SC,34.86176,-82.6023,567,0.0785,50944
60943,Greenville SC,SC,34.49354,-82.12963,567,0.0803,61163
37529,Greenville SC,SC,34.67253,-82.04853,567,0.1052,17248
94730,Greenville SC,SC,34.88773,-82.72204,567,0.0778,52584
96532,Greenville SC,SC,34.74996,-82.48158,567,0.0783,17653
71272,Greenville SC,SC,35.14972,-82.69642,567,0.1041,47439
03500,Greenville SC,SC,34.5397,-82.21635,567,0.0673,50153
58523,Greenville SC,SC,35.17381,-82.25917,567,0.0838,7751
82377,Greenville SC,SC,34.79469,-82.73359,567,0.0854,6616
72625,Greenville SC,SC,34.42353,-82.65117,567,0.098,75408
65192,Greenville SC,SC,34.81108,-82.21684,567,0.1022,66429
41913,Greenville SC,SC,35.14137,-82.59268,567,0.066,74798
88620,Greenville SC,SC,34.94126,-82.61187,567,0.0642,72235
34139,Greenville SC,SC,35.11638,-82.19419,567,0.0589,69338
76231,Greenville SC,SC,35.18315,-82.72095,567,0.0846,77487
43597,Greenville SC,SC,34.76439,-82.68798,567,0.0922,14420
46743,Greenville SC,SC,34.67906,-82.16352,567,0.0922,71245
91859,Greenville SC,SC,34.48827,-82.37667,567,0.0929,34267
40672,Greenville SC,SC,34.56463,-82.74972,567,0.0853,74812
19337,Greenville SC,SC,35.04564,-82.13261,567,0.103,5337
05007,Greenville SC,SC,35.18513,-82.3533,567,0.0816,39695
44604,Greenville SC,SC,34.67932,-82.3771,567,0.0844,55570
73604,Greenville SC,SC,35.29317,-82.48215,567,0.0978,68960
23641,Greenville SC,SC,34.71691,-82.08272,567,0.1041,4516
27587,Greenville SC,SC,34.94155,-82.16537,567,0.0834,55451
95263,Louisville,KY,38.33165,-85.86655,529,0.0851,14399
33587,Louisville,KY,38.50977,-85.85159,529,0.0926,73603
25388,Louisville,KY,38.39176,-85.99327,529,0.0919,47233
69449,Louisville,KY,38.03877,-85.84643,529,0.0922,36415
69810,Louisville,KY,38.49157,-85.44381,529,0.0632,38666
39068,Louisville,KY,37.84666,-85.81594,529,0.059,32957
84642,Louisville,KY,38.09721,-86.0225,529,0.0824,55473
26712,Louisville,KY,38.10818,-86.20372,529,0.071,27816
29010,Louisville,KY,38.4365,-86.17634,529,0.0921,34413
47361,Louisville,KY,38.29025,-85.80435,529,0.0792,17446
95367,Louisville,KY,38.62336,-85.66757,529,0.0884,4319
17920,Louisville,KY,38.06505,-86.12915,529,0.0646,30171
35899,Louisville,KY,38.69921,-86.02007,529,0.0763,72177
89334,Louisville,KY,38.54859,-85.87068,529,0.0861,33760
11850,Louisville,KY,38.37396,-85.5366,529,0.057,43304
53445,Louisville,KY,38.537,-85.36902,529,0.094,10683
56022,Louisville,KY,38.16727,-85.33926,529,0.1019,15129
78120,Louisville,KY,38.15117,-85.99721,529,0.0615,41115
01540,Louisville,KY,38.14784,-85.33931,529,0.0872,21558
77397,Louisville,KY,38.65296,-86.07545,529,0.0802,26345
91748,Louisville,KY,37.80369,-85.36768,529,0.0568,52888
10538,Louisville,KY,38.10583,-85.93827,529,0.0705,63432
33436,Louisville,KY,38.00309,-85.47947,529,0.087,68433
59361,Louisville,KY,38.52605,-86.20031,529,0.0824,32654
45247,Louisville,KY,38.10623,-86.10917,529,0.0677,38942
75457,Louisville,KY,38.42332,-86.07768,529,0.0626,33233
49069,Louisville,KY,37.87991,-85.43012,529,0.0913,30843
43089,Louisville,KY,38.28319,-86.08329,529,0.0558,14333
97135,Louisville,KY,38.22002,-85.71072,529,0.0948,11739
23330,Louisville,KY,37.86662,-86.1225,529,0.0725,69567
06736,Louisville,KY,38.66762,-85.95686,529,0.1025,23552
43146,Louisville,KY,38.50082,-85.48007,529,0.0698,47575
59052,Louisville,KY,38.33453,-85.70224,529,0.0899,39158
47764,Louisville,KY,37.82714,-85.69381,529,0.0701,30025
45269,Louisville,KY,38.17085,-85.35687,529,0.0837,8253
68319,Louisville,KY,38.29203,-85.57859,529,0.0963,9136
95296,Louisville,KY,38.69154,-86.19379,529,0.0918,64225
53106,Louisville,KY,38.63834,-85.35618,529,0.0907,13379
08912,Louisville,KY,38.38491,-86.10238,529,0.0754,19511
65968,Louisville,KY,38.07397,-86.16132,529,0.0809,14548
43271,Louisville,KY,38.02199,-85.50881,529,0.0692,42828
84389,Louisville,KY,38.67768,-85.89547,529,0.0906,26901
63899,Louisville,KY,38.69754,-85.38259,529,0.0706,41397
12317,Louisville,KY,38.57227,-85.634,529,0.0767,3785
30239,Louisville,KY,38.14866,-85.95723,529,0.0901,43825
76307,Louisville,KY,37.95051,-85.51218,529,0.1007,21502
93863,Louisville,KY,38.29234,-85.75228,529,0.087,69256
72756,Louisville,KY,38.18972,-85.97327,529,0.0919,30456
26308,Louisville,KY,38.24718,-86.19497,529,0.0564,74855
66487,Louisville,KY,37.83562,-85.64905,529,0.0616,60250
03612,Louisville,KY,38.00524,-85.80031,529,0.0654,21112
77666,New Orleans,LA,29.96627,-89.75719,622,0.074,50214
39659,New Orleans,LA,30.05174,-89.93017,622,0.0808,29385
09726,New Orleans,LA,29.7243,-89.84308,622,0.0995,29192
24533,New Orleans,LA,29.54824,-89.90387,622,0.1032,25874
43390,New Orleans,LA,29.8718,-90.34176,622,0.1067,64263
95022,New Orleans,LA,29.72804,-89.97995,622,0.0976,47315
36111,New Orleans,LA,30.04421,-90.00455,622,0.0913,45410
27228,New Orleans,LA,30.19009,-90.00463,622,0.0937,18421
78728,New Orleans,LA,30.2469,-90.08641,622,0.0951,33589
87472,New Orleans,LA,29.6923,-89.76148,622,0.1074,45774
27058,New Orleans,LA,30.06777,-90.02298,622,0.1056,60990
85932,New Orleans,LA,29.56931,-90.18749,622,0.0834,16978
01982,New Orleans,LA,29.59751,-89.74056,622,0.0941,7098
34406,New Orleans,LA,30.04981,-90.39425,622,0.1046,15711
24876,New Orleans,LA,29.56773,-90.25386,622,0.082,28176
42977,New Orleans,LA,30.11989,-89.83859,622,0.102,74118
96398,New Orleans,LA,30.17998,-89.80514,622,0.0966,44101
26605,New Orleans,LA,30.01879,-89.77908,622,0.0721,49502
81462,New Orleans,LA,29.51086,-89.98042,622,0.0653,60864
25576,New Orleans,LA,29.62707,-90.27245,622,0.0793,53799
78022,New Orleans,LA,29.93367,-90.10686,622,0.0681,7790
25927,New Orleans,LA,29.87481,-90.23951,622,0.0741,31113
04776,New Orleans,LA,30.21091,-89.68151,622,0.0816,25397
35179,New Orleans,LA,29.66025,-90.2455,622,0.0785,71390
34126,New Orleans,LA,29.94298,-89.95772,622,0.0685,51072
24580,New Orleans,LA,29.89729,-90.4626,622,0.0751,77439
80030,New Orleans,LA,29.8905,-89.95677,622,0.0769,20027
21285,New Orleans,LA,29.88791,-90.22981,622,0.0784,12218
42738,New Orleans,LA,29.60414,-89.82557,622,0.0608,31247
05429,New Orleans,LA,30.14766,-89.91226,622,0.0633,5605
76040,New Orleans,LA,29.99009,-89.64364,622,0.0853,55186
16407,New Orleans,LA,29.93579,-90.38871,622,0.1022,32324
55620,New Orleans,LA,29.958,-90.00113,622,0.0616,74075
86981,New Orleans,LA,30.22281,-90.30677,622,0.0917,72107
74480,New Orleans,LA,29.81626,-90.07254,622,0.0597,59817
44324,New Orleans,LA,30.16406,-89.84715,622,0.0978,59369
31336,New Orleans,LA,29.63267,-90.36512,622,0.0746,76175
08781,New Orleans,LA,30.17613,-90.29893,622,0.1102,28840
56157,New Orleans,LA,29.5579,-90.20037,622,0.0976,12338
52330,New Orleans,LA,29.8939,-89.94607,622,0.0895,45786
38172,New Orleans,LA,29.67466,-89.90144,622,0.0626,4559
31061,New Orleans,LA,29.88115,-90.4861,622,0.0715,9922
47318,New Orleans,LA,29.63462,-89.81068,622,0.0793,2895
35258,New Orleans,LA,29.80914,-89.98153,622,0.0719,19896
97425,New Orleans,LA,30.40084,-90.22959,622,0.0931,60342
30103,New Orleans,LA,30.39088,-90.31714,622,0.0611,26024
15488,New Orleans,LA,29.99306,-90.1719,622,0.0848,30854
17946,New Orleans,LA,30.17571,-89.65639,622,0.0617,20120
04758,New Orleans,LA,29.61745,-89.7107,622,0.1068,22004
68157,New Orleans,LA,30.22535,-90.48123,622,0.0808,9455
86542,New Orleans,LA,29.63526,-90.08972,622,0.0774,11412
47449,New Orleans,LA,30.25662,-89.80973,622,0.0894,57087
84089,New Orleans,LA,30.00202,-90.07147,622,0.0885,44501
40270,New Orleans,LA,29.96877,-90.30893,622,0.0893,56891
66319,New Orleans,LA,29.72365,-89.68739,622,0.0686,26417
66575,New Orleans,LA,30.29871,-90.15302,622,0.0809,70563
62562,New Orleans,LA,30.18481,-90.36769,622,0.0689,66491
22200,New Orleans,LA,29.51529,-90.1303,622,0.066,28575
51360,New Orleans,LA,29.83002,-89.71517,622,0.0907,39213
84611,New Orleans,LA,30.26989,-90.28572,622,0.0777,43249
93038,New Orleans,LA,29.76053,-90.24042,622,0.0603,69855
84750,New Orleans,LA,29.84348,-90.12088,622,0.1013,59777
94861,New Orleans,LA,29.98986,-89.83837,622,0.1038,74116
70121,New Orleans,LA,29.62755,-90.11286,622,0.0822,5914
04014,New Orleans,LA,30.1052,-90.39912,622,0.089,71746
51053,Buffalo,NY,42.77513,-78.99864,514,0.0682,57284
95968,Buffalo,NY,43.20298,-78.52426,514,0.0871,16332
61165,Buffalo,NY,43.28803,-79.00321,514,0.0574,37141
53258,Buffalo,NY,42.49838,-79.09433,514,0.0835,13512
13382,Buffalo,NY,42.78992,-78.58607,514,0.0793,62017
58866,Buffalo,NY,42.79995,-79.20286,514,0.079,15950
29547,Buffalo,NY,43.09111,-79.26273,514,0.0574,24006
31329,Buffalo,NY,43.21251,-78.52341,514,0.0623,67939
01578,Buffalo,NY,43.21869,-78.67632,514,0.0844,27750
64082,Buffalo,NY,43.00237,-79.18415,514,0.0815,8028
49675,Buffalo,NY,42.57262,-78.52839,514,0.0561,45763
32570,Buffalo,NY,42.90849,-78.47665,514,0.0841,27037
56023,Buffalo,NY,43.17173,-78.4398,514,0.0604,46486
91854,Buffalo,NY,42.71223,-78.5183,514,0.0713,45966
78511,Buffalo,NY,43.17725,-78.55947,514,0.0813,50010
67805,Buffalo,NY,43.2842,-78.50079,514,0.0823,44661
98960,Buffalo,NY,43.26513,-79.24594,514,0.0543,74193
75574,Buffalo,NY,43.2949,-79.03039,514,0.0496,22137
63074,Buffalo,NY,43.2313,-78.60093,514,0.0641,7248
30162,Buffalo,NY,43.27944,-79.0735,514,0.0549,66263
92073,Buffalo,NY,42.8669,-78.88947,514,0.0758,26649
19759,Buffalo,NY,43.15227,-79.03551,514,0.0629,54081
97889,Buffalo,NY,42.76577,-79.0849,514,0.0472,53867
46439,Buffalo,NY,42.73317,-78.75541,514,0.0765,31456
63238,Buffalo,NY,43.1243,-78.83052,514,0.0695,56682
71044,Buffalo,NY,42.85176,-79.1039,514,0.0552,43522
68216,Buffalo,NY,42.62867,-78.76513,514,0.0698,13099
99394,Buffalo,NY,42.88464,-78.63941,514,0.0867,71864
71841,Buffalo,NY,42.8661,-79.0217,514,0.0594,46050
59265,Buffalo,NY,43.09782,-78.86642,514,0.0731,74369
42506,Buffalo,NY,42.89442,-78.45306,514,0.0497,62719
31976,Buffalo,NY,42.95011,-78.87678,514,0.0808,65319
64313,Buffalo,NY,42.74807,-79.05198,514,0.0849,46450
63534,Buffalo,NY,42.95687,-78.95412,514,0.0735,75576
77635,Buffalo,NY,42.91504,-79.23329,514,0.048,2769
15460,Buffalo,NY,42.90326,-79.07706,514,0.0767,45085
69146,Buffalo,NY,42.48026,-79.18536,514,0.0602,49833
93389,Buffalo,NY,43.29136,-78.91426,514,0.0507,36328
07077,Buffalo,NY,43.06246,-78.7799,514,0.0531,25408
73892,Buffalo,NY,42.79394,-79.10884,514,0.0742,50706
20801,Buffalo,NY,42.88974,-78.75582,514,0.0776,49437
48544,Buffalo,NY,42.67772,-78.73944,514,0.0594,67664
83482,Buffalo,NY,43.33591,-78.84808,514,0.0599,30629
85295,Buffalo,NY,42.8022,-78.52053,514,0.0813,10359
23723,Buffalo,NY,42.6017,-78.72253,514,0.0617,22878
22696,Buffalo,NY,42.55729,-78.59942,514,0.0539,48129
72601,Buffalo,NY,43.17362,-79.09397,514,0.0844,20989
52579,Buffalo,NY,42.83691,-78.69979,514,0.0643,72173
51090,Buffalo,NY,42.92014,-79.06533,514,0.0705,8678
39812,Buffalo,NY,43.08651,-78.46846,514,0.0653,63286
79683,Buffalo,NY,42.9631,-78.98693,514,0.0842,30553
60500,Buffalo,NY,42.87516,-78.70632,514,0.0769,42718
80562,Buffalo,NY,42.54623,-78.70771,514,0.052,5021
17633,Buffalo,NY,43.22905,-78.59479,514,0.0673,26764
59093,Buffalo,NY,43.04148,-79.0949,514,0.0505,17748
46949,Buffalo,NY,42.52265,-78.72094,514,0.0751,52674
55307,Buffalo,NY,42.76351,-78.55361,514,0.0787,57107
02244,Buffalo,NY,42.98522,-79.0309,514,0.0627,12012
28250,Buffalo,NY,42.90802,-79.03775,514,0.0787,73052
92105,Buffalo,NY,42.55107,-78.49792,514,0.0507,76587
96636,Buffalo,NY,42.99593,-79.1284,514,0.0786,7137
33655,Buffalo,NY,43.32595,-78.95325,514,0.0754,31574
31472,Buffalo,NY,42.66972,-78.8842,514,0.0626,42466
19632,Buffalo,NY,42.95301,-78.67053,514,0.0621,16352
27467,Buffalo,NY,43.26158,-78.75693,514,0.0677,38383
55728,Buffalo,NY,42.97522,-79.00726,514,0.0648,54816
80997,Buffalo,NY,43.20444,-79.26708,514,0.0754,18358
85335,Buffalo,NY,42.68238,-79.25151,514,0.0823,49883
12665,Buffalo,NY,42.88546,-79.22799,514,0.0678,34850
95565,Buffalo,NY,43.15806,-79.28615,514,0.0805,5399
94508,Buffalo,NY,43.05016,-78.87522,514,0.0672,4801
35210,Buffalo,NY,42.49211,-78.71753,514,0.0777,45125
06677,Buffalo,NY,42.57719,-79.08191,514,0.0561,75454
51023,Buffalo,NY,42.68232,-78.50713,514,0.0475,32641
73690,Buffalo,NY,42.99833,-78.92546,514,0.0502,53227
25633,Buffalo,NY,42.68913,-78.60973,514,0.0565,57345
89449,Buffalo,NY,43.2872,-78.82511,514,0.0568,22784
91380,Albuquerque,NM,34.85083,-106.26806,790,0.0507,9902
21876,Albuquerque,NM,35.07307,-106.83462,790,0.0802,63105
23135,Albuquerque,NM,34.87937,-106.78974,790,0.057,20526
40827,Albuquerque,NM,35.11136,-106.27309,790,0.0647,20112
48618,Albuquerque,NM,35.22259,-106.51398,790,0.0442,59229
14719,Albuquerque,NM,35.39597,-106.56612,790,0.0696,36228
27596,Albuquerque,NM,34.83681,-106.22075,790,0.0568,69537
20652,Albuquerque,NM,35.22595,-106.79465,790,0.0709,37983
17972,Albuquerque,NM,35.08823,-106.53599,790,0.0734,34682
23578,Albuquerque,NM,35.31333,-106.6115,790,0.0678,15010
73685,Albuquerque,NM,35.10787,-107.01714,790,0.0679,52785
64498,Albuquerque,NM,35.02455,-106.53862,790,0.0652,66382
89485,Albuquerque,NM,35.25149,-106.78622,790,0.0462,61289
30344,Albuquerque,NM,35.16601,-106.79166,790,0.0529,19123
08820,Albuquerque,NM,35.36693,-106.82307,790,0.0807,26254
34749,Albuquerque,NM,34.79895,-106.24586,790,0.0473,17920
73891,Albuquerque,NM,35.26355,-106.89862,790,0.0695,49287
35934,Albuquerque,NM,34.79561,-106.92354,790,0.0451,71491
05512,Albuquerque,NM,34.77873,-106.38543,790,0.061,51586
59274,Albuquerque,NM,35.19459,-106.82531,790,0.0534,19250
85344,Albuquerque,NM,35.23087,-106.46356,790,0.0598,58965
97931,Albuquerque,NM,34.72465,-106.42776,790,0.0769,6864
08279,Albuquerque,NM,34.70946,-107.0009,790,0.07,19803
44614,Albuquerque,NM,34.79636,-106.71698,790,0.068,32575
55668,Albuquerque,NM,35.43179,-106.69103,790,0.0648,44323
62632,Albuquerque,NM,35.17315,-106.94731,790,0.0698,2639
99913,Albuquerque,NM,35.53001,-106.43375,790,0.0522,58754
41929,Albuquerque,NM,35.45292,-106.40409,790,0.0738,26870
26827,Albuquerque,NM,35.49514,-106.93559,790,0.0805,12453
08439,Albuquerque,NM,35.36816,-107.09948,790,0.0631,16159
89020,Albuquerque,NM,35.42482,-106.30172,790,0.0555,68040
97970,Albuquerque,NM,34.85045,-106.95945,790,0.0575,40242
73705,Albuquerque,NM,34.73967,-106.35633,790,0.072,32534
87443,Albuquerque,NM,34.9514,-106.64281,790,0.0524,73511
70769,Albuquerque,NM,35.13847,-106.81307,790,0.058,23887
83700,Albuquerque,NM,35.27761,-106.61983,790,0.0676,62779
52129,Albuquerque,NM,35.10346,-107.07669,790,0.0657,34165
18552,Albuquerque,NM,35.37778,-107.05855,790,0.0486,52961
77117,Albuquerque,NM,34.73497,-106.38925,790,0.0789,60395
45001,Albuquerque,NM,34.69043,-106.72414,790,0.0632,56537
05790,Albuquerque,NM,34.75168,-106.68436,790,0.0788,50517
88500,Albuquerque,NM,35.37607,-107.00037,790,0.0653,33757
70005,Albuquerque,NM,34.90894,-106.65554,790,0.0705,48959
37439,Albuquerque,NM,35.39346,-106.70776,790,0.0636,7695
98266,Albuquerque,NM,35.11753,-106.6325,790,0.0648,26555
68972,Albuquerque,NM,34.94771,-106.46977,790,0.0587,69826
80349,Albuquerque,NM,35.2133,-106.4366,790,0.077,70501
49345,Albuquerque,NM,34.90889,-107.0893,790,0.0502,8865
11557,Albuquerque,NM,35.26062,-106.79574,790,0.0545,40505
90934,Albuquerque,NM,34.81711,-106.85293,790,0.0589,67588
25992,Albuquerque,NM,34.70001,-106.45878,790,0.0731,5254
54036,Albuquerque,NM,34.69134,-106.28766,790,0.0576,67211
62393,Albuquerque,NM,35.39647,-107.06004,790,0.0484,26508
83327,Tucson,AZ,32.28104,-110.71697,789,0.0942,21738
83292,Tucson,AZ,32.66768,-110.5384,789,0.0847,36705
03734,Tucson,AZ,32.1615,-111.32653,789,0.0767,34478
93444,Tucson,AZ,32.13474,-111.14708,789,0.0893,58867
06322,Tucson,AZ,32.03211,-110.98464,789,0.0813,55642
35683,Tucson,AZ,32.30676,-111.0522,789,0.0779,66180
87044,Tucson,AZ,32.53124,-110.61946,789,0.082,32324
40590,Tucson,AZ,32.34684,-111.31719,789,0.0956,72552
80113,Tucson,AZ,32.35054,-111.22787,789,0.0607,11580
76229,Tucson,AZ,32.47506,-111.26921,789,0.0547,76288
30360,Tucson,AZ,32.6088,-110.57568,789,0.0621,47946
55616,Tucson,AZ,32.25603,-110.85059,789,0.0617,38115
24741,Tucson,AZ,32.46764,-110.55474,789,0.0768,54561
95180,Tucson,AZ,31.94278,-111.07877,789,0.0857,38340
16758,Tucson,AZ,32.42338,-111.20442,789,0.069,35464
07825,Tucson,AZ,32.61162,-111.09489,789,0.0572,14204
54475,Tucson,AZ,32.62428,-110.5874,789,0.0962,18071
17656,Tucson,AZ,31.84626,-110.97468,789,0.0781,60294
04484,Tucson,AZ,32.52515,-110.5714,789,0.0611,11372
32072,Tucson,AZ,32.56637,-110.72896,789,0.0693,72339
15147,Tucson,AZ,32.26943,-111.08003,789,0.0888,32841
07775,Tucson,AZ,32.04374,-111.11931,789,0.0951,13410
89425,Tucson,AZ,31.85308,-111.3063,789,0.0746,59532
91278,Tucson,AZ,32.61029,-110.77058,789,0.0672,19727
02375,Tucson,AZ,32.26578,-110.67549,789,0.0651,52276
48719,Tucson,AZ,31.96556,-111.40393,789,0.0614,45962
40069,Tucson,AZ,32.30423,-111.07603,789,0.0788,43892
64096,Tucson,AZ,32.37972,-111.2862,789,0.0807,39456
14717,Tucson,AZ,32.49267,-110.56558,789,0.0986,59887
34462,Tucson,AZ,31.85275,-111.40216,789,0.0885,23803
22738,Tucson,AZ,32.66174,-111.31986,789,0.0653,66012
72185,Tucson,AZ,32.60776,-111.06801,789,0.0643,71210
64433,Tucson,AZ,32.05655,-111.35394,789,0.0924,62198
08760,Tucson,AZ,32.53107,-111.33084,789,0.0704,17878
57778,Tucson,AZ,32.53368,-111.02251,789,0.083,9160
68494,Tucson,AZ,32.16888,-111.07541,789,0.0876,33457
18671,Tucson,AZ,32.65858,-111.12849,789,0.0786,64197
33912,Tucson,AZ,32.08156,-111.37317,789,0.0564,64340
84422,Tucson,AZ,32.3253,-111.30458,789,0.0637,44414
31834,Tucson,AZ,31.80321,-111.11697,789,0.0678,45271
92650,Tucson,AZ,32.27529,-110.52529,789,0.069,11693
91393,Tucson,AZ,32.45887,-110.76951,789,0.0928,51247
51324,Tucson,AZ,31.86219,-110.77519,789,0.087,76676
81622,Tucson,AZ,32.39404,-110.61458,789,0.0914,56446
80675,Tucson,AZ,32.32092,-111.09023,789,0.0862,15114
52091,Tucson,AZ,32.40197,-110.89599,789,0.0635,38895
70429,Tucson,AZ,31.81704,-111.2725,789,0.0895,59416
90044,Tucson,AZ,32.04193,-110.98529,789,0.0982,70181
48303,Tucson,AZ,31.77707,-111.10495,789,0.0927,54516
90345,Tucson,AZ,31.79665,-110.94676,789,0.084,7143
23837,Richmond,VA,37.94147,-77.38918,556,0.0878,49979
12845,Richmond,VA,37.44812,-77.05144,556,0.0895,22323
67647,Richmond,VA,37.46249,-77.06016,556,0.098,37139
94580,Richmond,VA,37.71863,-77.65989,556,0.093,72149
57737,Richmond,VA,37.46224,-77.16337,556,0.0691,42655
72463,Richmond,VA,37.39103,-77.5086,556,0.0665,43889
09952,Richmond,VA,37.688,-77.30243,556,0.0683,38889
65969,Richmond,VA,37.77524,-77.80301,556,0.101,21461
78447,Richmond,VA,37.27812,-77.20152,556,0.0973,22956
28854,Richmond,VA,37.93614,-77.42706,556,0.0604,74079
48686,Richmond,VA,37.29901,-77.30311,556,0.084,6683
89433,Richmond,VA,37.30532,-77.34476,556,0.0617,19351
65983,Richmond,VA,37.12201,-77.44674,556,0.0935,30238
17062,Richmond,VA,37.64348,-77.39507,556,0.0744,67801
92150,Richmond,VA,37.27798,-77.51027,556,0.0824,53280
93548,Richmond,VA,37.13878,-77.0285,556,0.081,66871
37196,Richmond,VA,37.10643,-77.25246,556,0.0928,24404
20778,Richmond,VA,37.26729,-77.12924,556,0.0804,5864
98689,Richmond,VA,37.51381,-77.39908,556,0.0604,51380
46807,Richmond,VA,37.52755,-77.45986,556,0.0977,53184
47948,Richmond,VA,37.89746,-77.62264,556,0.0895,22851
77518,Richmond,VA,37.68952,-77.40242,556,0.0757,46154
98526,Richmond,VA,37.75029,-77.5839,556,0.0927,75971
22568,Richmond,VA,37.49492,-77.00532,556,0.0601,40123
25677,Richmond,VA,37.80186,-77.23458,556,0.0746,32835
50403,Richmond,VA,37.66332,-77.12229,556,0.0891,10686
81895,Richmond,VA,37.50693,-77.62429,556,0.0796,2862
52780,Richmond,VA,37.36703,-77.6293,556,0.0743,39860
51805,Richmond,VA,37.26363,-77.68554,556,0.0776,30899
07907,Richmond,VA,37.95564,-77.28869,556,0.0965,13963
26397,Richmond,VA,37.11232,-77.28589,556,0.0628,20439
37032,Richmond,VA,37.33893,-77.48295,556,0.0684,6568
27178,Richmond,VA,37.78691,-77.35981,556,0.086,46933
20950,Richmond,VA,37.74422,-77.01257,556,0.0799,31382
96993,Richmond,VA,37.73246,-77.46873,556,0.09,77647
15231,Richmond,VA,37.47478,-77.44764,556,0.0685,52358
26457,Richmond,VA,37.92644,-77.317,556,0.0786,7875
43866,Richmond,VA,37.52697,-77.54465,556,0.075,47702
49411,Richmond,VA,37.9737,-77.74551,556,0.0553,70276
89845,Richmond,VA,37.40616,-77.09772,556,0.1007,57138
19235,Richmond,VA,37.82376,-77.60933,556,0.0573,59768
43147,Richmond,VA,37.93576,-77.31786,556,0.0617,8018
23760,Richmond,VA,37.1119,-77.31891,556,0.0682,18058
70324,Richmond,VA,37.8037,-77.81941,556,0.0658,66434
52808,Richmond,VA,37.69137,-77.39104,556,0.0794,22771
62972,Richmond,VA,37.44896,-77.09306,556,0.0697,48125
37505,Richmond,VA,37.95816,-77.24596,556,0.0656,61858
66752,Richmond,VA,37.56307,-77.19571,556,0.0787,35479
38391,Richmond,VA,37.30333,-77.29602,556,0.0927,14775
73137,Richmond,VA,37.90752,-77.52489,556,0.1005,51060
86048,Richmond,VA,37.78326,-77.72134,556,0.0823,55440
39869,Richmond,VA,37.83879,-77.02133,556,0.089,76843
80438,Richmond,VA,37.47836,-77.32462,556,0.0558,31153
14937,Richmond,VA,37.46985,-77.71131,556,0.0653,46381
21759,Richmond,VA,37.60414,-77.08865,556,0.0558,75993
16935,Richmond,VA,37.48504,-77.02717,556,0.0568,44113
68618,Richmond,VA,37.22711,-77.25061,556,0.0561,40860
49561,Richmond,VA,37.16506,-77.57205,556,0.1011,74676
56048,Richmond,VA,37.67143,-77.3175,556,0.0914,34405
45922,Richmond,VA,37.62897,-77.30261,556,0.0907,8666
10072,Richmond,VA,37.32258,-77.40992,556,0.0571,61020
71837,Richmond,VA,37.83146,-77.70952,556,0.062,49016
47069,Richmond,VA,37.18519,-77.49154,556,0.0562,25326
85159,Richmond,VA,37.25575,-77.78976,556,0.0565,59551
02844,Richmond,VA,37.78753,-77.38634,556,0.0725,35166
58139,Richmond,VA,37.81239,-77.63308,556,0.0888,67523
91680,Richmond,VA,37.16562,-77.05893,556,0.0916,18464
02647,Richmond,VA,37.28101,-77.28755,556,0.08,55663
20925,Richmond,VA,37.45751,-77.68305,556,0.0738,9200
70654,Richmond,VA,37.15086,-77.67385,556,0.0558,33767
99158,Richmond,VA,37.26952,-77.56668,556,0.0823,53508
93352,Richmond,VA,37.45942,-77.15377,556,0.0604,3599
78035,Richmond,VA,37.42052,-77.76833,556,0.0867,50192
45702,Richmond,VA,37.4812,-77.74643,556,0.1,38887
42844,Richmond,VA,37.21647,-77.55148,556,0.0695,27258
92269,Richmond,VA,37.87213,-77.55035,556,0.0952,18427
48333,Richmond,VA,37.87159,-76.99775,556,0.0802,25253
